{
    "subfamily": 1,
    "rank": 1,
    "node_name": "0.277",
    "lambda_obs": 9953.08984375,
    "p_adj": 0.000999000999000999,
    "group_a": [
        "A0A812CRP7_ACAPH_50-187",
        "A0A210PYF0_MIZYE_456-625",
        "A0A9J6GD87_HAELO_60-224",
        "A0AA88YFP5_PINIB_1022-1193",
        "A0AAD8B376_BIOPF_15-154",
        "A0A9W2YIN5_BIOGL_588-753",
        "A0A8B6GBC7_MYTGA_43-169",
        "A0A8W8IYW6_MAGGI_475-644",
        "A0A6P7TFU8_OCTVU_576-754",
        "A0A2T7PLB7_POMCA_599-763",
        "A0A8W8IXH6_MAGGI_584-753",
        "A0A8W8IXE6_MAGGI_482-651",
        "A0A8B8EM58_CRAVI_586-755",
        "A0A8W8J194_MAGGI_5-112",
        "A0A9D4IUF9_DREPO_524-694",
        "V4A8J7_LOTGI_1-123",
        "A0A6J8ENS7_MYTCO_11-123",
        "A0A1S3IZW0_LINAN_141-309",
        "A0A9D4EWH6_DREPO_136-306",
        "A0A8S4NSJ1_OWEFU_28-195",
        "A0AAE0SV10_9BIVA_588-758",
        "A0A8S3U7W6_MYTED_3-100"
    ],
    "group_b": [
        "A0A9Q0YNX0_HOLLE_576-750",
        "A0A8T0ETM8_ARGBR_575-741",
        "A0A8B7Y0L5_ACAPL_608-779",
        "A0A2G8KXS4_STIJA_150-317",
        "A0A7M7SZ44_STRPU_590-760",
        "A0A8X6WQK0_9ARAC_575-743",
        "A0A8X6U8J6_NEPPI_50-218",
        "A0A6P5AQZ4_BRABE_605-770",
        "A0A8K0ERN3_BRALA_606-771",
        "A0A6P5ADM3_BRABE_608-773",
        "A0A8X6JTC0_9ARAC_570-738",
        "A0A914AKT5_PATMI_594-767",
        "A0A8X6GKX0_TRICU_602-770",
        "A0A9J7L1N1_BRAFL_191-357",
        "A0A8X6QZ26_NEPPI_50-218",
        "A0A4Y2K9M2_ARAVE_576-738",
        "A0A6P5AMZ0_BRABE_606-771",
        "R7UFM0_CAPTE_10-153",
        "A0A8X6IN53_NEPPI_49-218",
        "A0A8X6UQJ8_NEPPI_579-747"
    ],
    "folder_path": "/Users/idan_shabo/Documents/Thesis/pipeline_outputs/PF23405_outputs/sequence_embeddings/subfamily_1/significant_splits/rank1"
}