{
    "subfamily": 8,
    "rank": 2,
    "node_name": "0.788",
    "lambda_obs": 18352.541015625,
    "p_adj": 0.000999000999000999,
    "group_a": [
        "A0A8J5ZWE3_GALPY_9-47",
        "A0A8H7UK31_MORIS_95-169",
        "A0A8H7UKL0_9FUNG_95-169",
        "A0A8H7UE42_MORIS_123-197",
        "A0A8H7UL20_9FUNG_94-168",
        "A0A075AQX8_ROZAC_95-169",
        "M7PJX6_PNEMU_95-169",
        "A0A4P9XQZ7_9FUNG_95-169",
        "A0A0W4ZSF4_PNEJ7_95-185",
        "A0A261XVP6_9FUNG_106-180",
        "A0A8H7PUW1_9FUNG_108-182",
        "A0AAD5HCH5_UMBRA_95-169",
        "A0A1J5WKH4_9MICR_95-169",
        "A0A899FZR2_9ASCO_95-169",
        "A0A9W8ECG1_9FUNG_96-170",
        "A0A8H8A483_9ASCO_95-169",
        "A0A9Q0ZU97_9ROSI_42-101",
        "L0PCG4_PNEJI_77-167",
        "A0A8H7PJ55_MORIS_111-185",
        "A0AAD5EHK4_UMBRA_95-169",
        "A0A261XWG0_9FUNG_73-147"
    ],
    "group_b": [
        "A0A0L0SE04_ALLM3_104-178",
        "A0A9P6TGH7_9BASI_87-161",
        "RS4B_SCHPO_95-169",
        "A0A1Y3NQU4_PIRSE_95-169",
        "A0A2X0MTF7_9BASI_147-221",
        "A0A2S4VY25_9BASI_136-210",
        "A0A0L0SPM4_ALLM3_95-169",
        "A0A137NT60_CONC2_99-173",
        "A0A8H8DHW6_9FUNG_30-114",
        "A0A0L6UQT9_9BASI_96-170",
        "A0A0L0VWD6_9BASI_138-212",
        "A0A015KNV5_RHIIW_95-133",
        "E3JWG7_PUCGT_96-170",
        "A0A8H4AQZ7_GIGMA_9-47",
        "A0A1Y1XLZ1_9FUNG_95-169",
        "A0A9N9FMG9_9GLOM_133-207",
        "A0A9P6LUA0_MORAP_77-107",
        "A0A9N9FRP4_9GLOM_95-169",
        "A0A9W8E4M0_9FUNG_94-168",
        "A0A238FQD9_9BASI_117-191",
        "G7E4X3_MIXOS_96-168",
        "B6K6J1_SCHJY_95-169",
        "RS4C_SCHPO_95-169",
        "S9XAA3_SCHCR_95-169",
        "S9XE76_SCHCR_95-169",
        "A0A1Y2DCP6_9FUNG_95-169",
        "A0A2N5VYW1_9BASI_96-170",
        "RS4A_SCHPO_95-169",
        "A0A5B0S8K3_PUCGR_96-170",
        "A0A1V4KE70_PATFA_77-105",
        "S9W153_SCHCR_95-169",
        "A0A7K8QUP3_9PASS_94-139",
        "A0A8H7ZNR8_9FUNG_30-96",
        "A0A8C7CGH9_NEOVI_95-122",
        "A0A0E9NSP9_SAICN_124-198",
        "A0AAD6YKX7_9AGAR_68-143",
        "A0A0C4EVJ7_PUCT1_83-157",
        "A0A9W7ZRL2_9FUNG_131-205",
        "A0A9Q3GNM9_9BASI_96-170",
        "A0A1Y1V776_9FUNG_95-169",
        "A0A4Q0A470_9FUNG_95-169",
        "A0A2X0LX23_9BASI_154-228",
        "U5HH58_USTV1_147-221",
        "F4RGZ3_MELLP_96-170",
        "A0A9W8DQT1_9FUNG_97-171",
        "A0A7N5JAY3_AILME_95-121"
    ],
    "folder_path": "/Users/idan_shabo/Documents/Thesis/pipeline_outputs/PF00900_outputs/structure_embeddings/subfamily_8/significant_splits/rank2"
}