{
    "subfamily": 28,
    "rank": 1,
    "node_name": "0.836",
    "lambda_obs": 7835.5068359375,
    "p_adj": 0.000999000999000999,
    "group_a": [
        "A0A1V2L6N7_CYBFA_338-382",
        "K0L062_WICCF_1115-1159",
        "K0L062_WICCF_989-1033",
        "K0L062_WICCF_871-905",
        "A0A1V2L6N7_CYBFA_444-487",
        "A0A9P8T664_9ASCO_555-598",
        "K0L062_WICCF_506-563",
        "G8BVD0_TETPH_3079-3109",
        "Q6CUY7_KLULA_148-180",
        "K0KJQ6_WICCF_291-330",
        "G8C0W5_TETPH_551-580",
        "A0A9P8QEY8_WICPI_351-394",
        "A0A9P8QEY8_WICPI_672-715",
        "A0A9P8T664_9ASCO_448-491",
        "A0A1G4M8U7_LACFM_1325-1355",
        "A0A1G4M8U7_LACFM_1280-1315",
        "G8BZP4_TETPH_1861-1891",
        "A0A1V2L6N7_CYBFA_154-198",
        "A0A1E4RZM8_CYBJN_464-507",
        "K0L062_WICCF_766-805",
        "A0A1V2L6N7_CYBFA_555-598",
        "A0A9P8QEY8_WICPI_271-314",
        "K0L062_WICCF_446-480",
        "K0L062_WICCF_671-705",
        "A0A9P8T664_9ASCO_734-777",
        "A0A9P8QEY8_WICPI_595-638",
        "A0A9P8QEY8_WICPI_431-474",
        "A0A1V2L6N7_CYBFA_229-273",
        "A0A9P8QEY8_WICPI_515-558"
    ],
    "group_b": [
        "A0A1E5RZE9_HANUV_265-308",
        "A0A1E5RU64_HANUV_611-654",
        "A0A8H6BRW1_CANAX_29-64",
        "A0A1E4RUY6_CYBJN_15-58",
        "Q751W4_EREGS_259-284",
        "A0A1E4RWD3_CYBJN_300-343",
        "A0A376B1D0_9ASCO_32-75",
        "K0KJP4_WICCF_794-837",
        "A0A1E3NYY7_WICAA_125-179",
        "G8YAV0_PICSO_606-649",
        "A0A1D2VAF9_9ASCO_506-550",
        "K0KKT3_WICCF_590-635",
        "A0A376B3D4_9ASCO_388-421",
        "A0A1E3NWA5_WICAA_685-728",
        "A0A367Y4Y2_9ASCO_30-73",
        "K0L062_WICCF_313-356",
        "A0A1V2L6N7_CYBFA_642-683",
        "A0A1L0BS11_9ASCO_5375-5406",
        "A0A1E3NWA5_WICAA_732-775",
        "K0KJP4_WICCF_600-644",
        "A0A1L0BS11_9ASCO_5407-5440",
        "A0A1E4RVJ5_CYBJN_209-253",
        "K0KJP4_WICCF_661-705",
        "K0K9Y8_WICCF_390-414",
        "K0KHV2_WICCF_383-426",
        "A0A1D2VF75_9ASCO_30-74",
        "M3JC40_CANMX_30-73",
        "A0A9P8PKC7_9ASCO_796-839",
        "K0KGK1_WICCF_602-645",
        "A0A1E4S4U7_CYBJN_49-91",
        "A0A1E5RUH5_HANUV_29-72",
        "A0A1E5RYS1_HANUV_948-991",
        "A0A9P8QEY8_WICPI_157-200",
        "A0A1E4S3A2_CYBJN_485-528",
        "W6MJR1_9ASCO_311-354",
        "K0KLL8_WICCF_127-170",
        "A0A1V2L7A5_CYBFA_751-794",
        "A0A9P8PJW4_9ASCO_733-776",
        "K0KRD6_WICCF_878-921",
        "A0A1B7TI81_9ASCO_29-72",
        "K0KJP4_WICCF_854-898",
        "A0A1E4S392_CYBJN_566-609",
        "A0A1G4IY05_9SACH_415-455",
        "A0A1B7SI25_9ASCO_1-21",
        "C5DWT3_ZYGRC_696-733",
        "A0A1E4S1A0_CYBJN_421-465",
        "K0KJQ6_WICCF_167-200",
        "A0A1E5RW00_9ASCO_31-74",
        "A0A1E4TYX4_PACTA_255-298",
        "A0A1E4RUE4_CYBJN_749-792",
        "K0KPJ9_WICCF_759-803",
        "A0A1E3NUQ1_WICAA_328-371",
        "A0A1E3NXQ4_WICAA_141-184",
        "K0KGK6_WICCF_436-480",
        "A0A1B7T7D4_9ASCO_7-50",
        "K0KHV2_WICCF_434-469",
        "A0A1E5R1S6_9ASCO_468-511",
        "A0A1G4MJ66_LACFM_404-435",
        "A0A1V2LBA9_CYBFA_164-208",
        "A0A0C7N5Y5_9SACH_446-487",
        "K0KLL8_WICCF_220-263",
        "A0A1E4S3Q1_CYBJN_648-691",
        "A0A1B7TFH8_9ASCO_116-159",
        "A0A1G4K2S6_9SACH_392-432",
        "A0A1E4RVG6_CYBJN_30-72",
        "A0A0H5CCC5_CYBJN_23-64",
        "A0A1E5RTV8_HANUV_30-73",
        "A0A9W6STS7_CANBO_661-706",
        "K0KRD6_WICCF_814-857",
        "A0A1E4TP23_PACTA_13-56",
        "G8YAV0_PICSO_199-242",
        "A0A1G4JTV7_9SACH_539-572",
        "W6MX12_9ASCO_215-259",
        "A0A1L0BS11_9ASCO_5328-5360",
        "A3LUR2_PICST_13-39",
        "W6MMA1_9ASCO_31-74",
        "C5DWT3_ZYGRC_455-495",
        "K0KXZ0_WICCF_823-866",
        "K0KW93_WICCF_317-360",
        "A0A1D2VN02_9ASCO_38-82",
        "A0A367YBD3_9ASCO_30-73",
        "G8BMI9_TETPH_264-309",
        "K0K9Y8_WICCF_348-389",
        "A0A9P8PPA0_9ASCO_34-77",
        "K0KIA3_WICCF_34-77",
        "A0A376B3D4_9ASCO_729-772",
        "A0A1E4RW66_CYBJN_657-700",
        "A0A1E3NXN4_WICAA_194-237",
        "A0A1E4TYX4_PACTA_323-366",
        "A0A9P8QEY8_WICPI_51-94",
        "A0A376B3D4_9ASCO_567-600",
        "A0A1D2VFR2_9ASCO_34-78",
        "K0KNW9_WICCF_369-412",
        "A0A1E3P5L0_WICAA_34-77",
        "K0L062_WICCF_159-202",
        "A0A376B3D4_9ASCO_479-512",
        "A0A8H6BUT2_CANAX_29-69",
        "A0A7H9HPZ4_9SACH_226-259",
        "A0A0H5C996_CYBJN_34-76",
        "A0A061AUY2_CYBFA_606-649",
        "A0A1B7T7D4_9ASCO_61-104",
        "K0KGK1_WICCF_537-581",
        "A0A1V2L7V6_CYBFA_248-276",
        "K0KEQ0_WICCF_560-603",
        "A0A1G4M6V1_LACFM_411-452",
        "K0KJP4_WICCF_729-773",
        "C5DNS2_LACTC_440-471",
        "K0KKT3_WICCF_650-684",
        "A0A0C7N9E1_9SACH_425-462",
        "A0A1B7TFR1_9ASCO_321-364",
        "G8BXU1_TETPH_358-397",
        "A0A1E3QJZ1_9ASCO_323-366",
        "A0A1L0BS11_9ASCO_5287-5327",
        "C5MB20_CANTT_30-73",
        "A0A1E5RYS7_HANUV_270-313",
        "A0A1V2L5Y5_CYBFA_667-709",
        "A0A1E3PAQ2_WICAA_814-857",
        "I2H7R9_HENB6_103-146",
        "G8ZQR7_TORDE_140-194",
        "A0A1E5R0K6_9ASCO_446-481",
        "A0A9P8QBF0_WICPI_87-130",
        "A0A1E3NYY7_WICAA_258-295",
        "A0A1E4RUE4_CYBJN_798-841",
        "A0A1E4RXF3_CYBJN_14-44",
        "A0A1E4RUI9_CYBJN_179-222",
        "PGA6_CANAL_29-72",
        "A0A1D2VSE3_9ASCO_30-74",
        "A0A1B7TI74_9ASCO_30-73",
        "A0A1B7SI25_9ASCO_32-75",
        "A0A1D2VDN4_9ASCO_30-74",
        "A0A1E3NX89_WICAA_652-695",
        "K0KKT3_WICCF_538-582",
        "K0KJP4_WICCF_915-956"
    ],
    "folder_path": "/Users/idan_shabo/Documents/Thesis/pipeline_outputs/PF13928_outputs/sequence_embeddings/subfamily_28/significant_splits/rank1"
}