{
    "subfamily": 2,
    "rank": 2,
    "node_name": "0.997",
    "lambda_obs": 35332.73828125,
    "p_adj": 0.000999000999000999,
    "group_a": [
        "A0AAE3FYJ8_9EURY_13-307",
        "A0A4U7F4H3_9EURY_13-334",
        "V4XYC2_9ARCH_28-229",
        "A0A1H6HX47_9EURY_13-326",
        "A0A4D7H6V2_9EURY_13-339",
        "Q18K19_HALWD_13-331",
        "A0A6G2HF36_9EURY_13-339",
        "A0A6G2FZZ9_9EURY_13-336",
        "A0A0P7GPJ8_9EURY_13-324",
        "A0A7D5K632_9EURY_13-330",
        "A0A1H6T933_9EURY_13-314",
        "V4YCB7_9ARCH_13-320",
        "A0A4U7F6B4_9EURY_13-146",
        "A0A6B9F510_9EURY_13-320",
        "A0A4U7F551_9EURY_1-81",
        "A0A830ERQ2_9EURY_13-207",
        "A0A238W4C1_HALVU_13-338",
        "A0A1H5ZB95_9EURY_13-218",
        "A0A1H3WB51_9EURY_13-327",
        "V4Y8A9_9ARCH_1-72",
        "A0A521BA97_9EURY_13-322",
        "A0A1H3K5N9_9EURY_13-209",
        "A0A2I8VHP2_9EURY_13-330",
        "A0A8T4GY63_9EURY_13-325",
        "A0A7D5LC06_9EURY_13-345",
        "D4GW37_HALVD_13-330",
        "A0A498GHI4_9EURY_13-347",
        "A0A1I2N312_9EURY_13-337",
        "E4NQI3_HALBP_13-320",
        "V4X4T9_9ARCH_13-202",
        "V4YFC2_9ARCH_13-331",
        "A0A8J8PBK5_9EURY_13-322",
        "A0A1G9QWT7_9EURY_13-336",
        "U1PD92_9EURY_13-344",
        "A0A8T4GD12_9EURY_13-331",
        "B9LUD3_HALLT_13-328",
        "A0A343TMV5_9EURY_13-321",
        "V4XVT8_9ARCH_13-331",
        "M0DP88_9EURY_13-330",
        "A0A3A6PVI6_9EURY_13-320",
        "A0A6A9TBE0_9EURY_13-322",
        "A0A1I6GXC5_9EURY_13-315",
        "V4HHU1_9EURY_13-294",
        "A0A1M5P3U7_9EURY_13-295"
    ],
    "group_b": [
        "A0A9E7U5F9_9EURY_13-331",
        "A0A7D5E6S5_9EURY_15-327",
        "Q5V5T1_HALMA_15-331",
        "A0A554NDW5_9EURY_14-335",
        "A0AAE3PMU5_9EURY_15-335",
        "U2YRG2_9EURY_15-341",
        "A0A1Q1FN77_9EURY_15-334",
        "A0A8U0IF93_9EURY_15-344",
        "C7NMX3_HALUD_15-344",
        "A0A7D5GXS6_9EURY_18-296",
        "M0MIZ2_HALMO_15-324",
        "A0A0U5H299_9EURY_15-320",
        "A0A650A513_9EURY_15-328",
        "A0A1I0MPK3_9EURY_15-306",
        "A0A518SCH7_9EURY_15-288",
        "A0A1H3K5N9_9EURY_256-364",
        "A0A7D5LCW0_9EURY_12-288",
        "A0A1U7EXQ5_NATPD_12-220",
        "A0A8J7YBD5_9EURY_15-342",
        "A0A8U0A3J5_9EURY_13-321",
        "C7P0A1_HALMD_15-339",
        "A0A212QJQ7_9CHLR_281-522",
        "V4HFM6_9EURY_2-187",
        "A0A1M5P2J7_9EURY_21-283",
        "A0A9Q4C3M2_9EURY_14-279",
        "A0A1G8W6U4_9EURY_15-360",
        "A0A365T9W0_9EURY_15-328",
        "A0A0F7PC56_9EURY_15-313",
        "A0A830FPB4_9EURY_15-330",
        "R4WAF3_9EURY_15-362",
        "A0A6B0TB19_9EURY_249-367",
        "E7QRU8_HALPU_15-334",
        "A0A6B0SKF9_9EURY_15-304",
        "A0A2R4X131_9EURY_14-339",
        "A0A6A9SY28_9EURY_15-337",
        "A0A6B0TB19_9EURY_15-231",
        "A0A4U5JGP9_9EURY_12-324",
        "A0A8G1H6M8_9EURY_14-367",
        "A0A1N6X2Q1_9EURY_15-336",
        "A0A830F5F8_9EURY_15-333",
        "A0A6A9ST77_9EURY_12-326",
        "A0A8J7ZSY0_9EURY_15-331",
        "A0A6B0GF00_9EURY_12-330",
        "M1XSA8_NATM8_12-346",
        "A0A9R1D5P0_9EURY_12-332",
        "A0A830GIS0_9EURY_15-322",
        "M0MA03_9EURY_38-345",
        "A0A4D6HHL6_9EURY_15-331",
        "A0A151AC88_9EURY_15-314",
        "A0A5N5U2I7_9EURY_12-315",
        "M0CW11_9EURY_15-362",
        "Q9HQ23_HALSA_15-306",
        "A0A8J7ZDC3_9EURY_15-344",
        "M0CYY5_9EURY_62-374",
        "A0A1J1ADB9_9EURY_15-307",
        "M0MQG5_9EURY_15-336",
        "A0A1G9TQV3_9EURY_15-330",
        "A0A897NMV3_9EURY_7-329",
        "A0A1I6LJU4_9EURY_15-344",
        "A0A830ERQ2_9EURY_244-358"
    ],
    "folder_path": "/Users/idan_shabo/Documents/Thesis/pipeline_outputs/PF06550_outputs/structure_embeddings/subfamily_2/significant_splits/rank2"
}