{
    "subfamily": 1,
    "rank": 1,
    "node_name": "0.756",
    "lambda_obs": 18562.908203125,
    "p_adj": 0.000999000999000999,
    "group_a": [
        "A0A2T4BR00_TRILO_209-274",
        "G9MS67_HYPVG_289-350",
        "A0A2T3YUL6_TRIA4_284-349",
        "G0RMK0_HYPJQ_324-389",
        "G0RG48_HYPJQ_608-673",
        "A0AAE1IBE7_9HYPO_403-464",
        "G9MPM7_HYPVG_229-294",
        "A0AAJ0BRT8_9PEZI_348-413",
        "A0A167EEP0_METRR_281-346",
        "A0A2T4BWF9_TRILO_258-303",
        "A0A2T4BGB3_9HYPO_242-307",
        "A0A2T4AG30_TRIHA_267-332",
        "A0A2P4ZXI0_9HYPO_312-377",
        "A0AAJ0BTN0_9PEZI_224-289",
        "A0A2T4BLN4_9HYPO_241-306",
        "A0A0F9XAP7_TRIHA_502-564",
        "A0A2P4Z9G6_9HYPO_271-336",
        "A0A395P1G1_TRIAR_326-391",
        "G9P829_HYPAI_219-284",
        "A0A0F9XAT6_TRIHA_293-358",
        "A0AAE1IGL0_9HYPO_294-359",
        "G9N8Z5_HYPVG_269-334",
        "A0A0L0MY11_TOLOC_269-334",
        "A0A2T4AT11_TRIHA_466-528",
        "G9P1Q2_HYPAI_241-306"
    ],
    "group_b": [
        "A0A8H4Q2P0_9HYPO_203-268",
        "A0A2C6AG50_9HYPO_280-322",
        "A0AAE0JR66_9PEZI_328-393",
        "A0A2A9PUV8_OPHUN_285-350",
        "A0AAE0HFS0_9PEZI_261-326",
        "A0AA40DRJ4_9PEZI_246-311",
        "A0AAE0IWV3_9PEZI_265-330",
        "A0AAE0JW64_9PEZI_337-402",
        "A0AA40B1G7_9PEZI_230-295",
        "A0A2N3N184_9PEZI_302-364",
        "A0A151GCZ5_DRECN_324-389",
        "A0AAE0IPD9_9PEZI_541-588",
        "A0A420YLJ1_9PEZI_337-402",
        "F7VQX2_SORMK_1172-1237",
        "A0A0F8A4U1_9HYPO_289-354",
        "A0AA40F6Z2_9PEZI_92-157",
        "A0A369GUL2_9HYPO_315-362",
        "A0AAD4EUM6_9PEZI_328-393",
        "A0A8H4VAC0_9HYPO_323-388",
        "A0A151GCZ6_DRECN_350-414",
        "A0A9P1H1S8_9PEZI_315-358",
        "A0AAJ0MIM7_9PEZI_267-332",
        "A0AAE0TXK7_9PEZI_135-200",
        "A0A8K0PXD6_9PEZI_82-147",
        "A0A369H726_9HYPO_315-380",
        "A0AA40CX43_9PEZI_330-395",
        "A0AAE0U948_SORBR_309-374",
        "T5AFB2_OPHSC_323-388",
        "A0A0A1SVE8_9HYPO_295-360",
        "A0AA40CBK8_9PEZI_267-332",
        "A0A2C5YZ76_9HYPO_306-371",
        "Q7SFU3_NEUCR_325-390",
        "A0A9P8NAP9_9HYPO_328-393",
        "A0AAE0N7W1_9PEZI_247-299",
        "A0AA38RY29_9PEZI_266-331"
    ],
    "folder_path": "/Users/idan_shabo/Documents/Thesis/pipeline_outputs/PF12417_outputs/structure_embeddings/subfamily_1/significant_splits/rank1"
}