{
    "subfamily": 1,
    "rank": 3,
    "node_name": "0.743",
    "lambda_obs": 6535.17578125,
    "p_adj": 0.000999000999000999,
    "group_a": [
        "A2STS3_METLZ_188-437",
        "A0A483CUU4_9EURY_188-435",
        "A0A0X3BPK7_9EURY_187-434",
        "A0A498GZ25_9EURY_187-434",
        "A7I5U3_METB6_189-437",
        "Q0W343_METAR_189-436",
        "A0A110A317_THEX5_187-435",
        "A0A9X9S559_METOG_186-433",
        "A0A0E3SPU0_METMT_186-433",
        "A0A6B9TA01_9ARCH_189-437",
        "I7LK61_METBM_187-434",
        "M9S9U8_METAX_187-435",
        "Q8THG7_METAC_186-433",
        "A0A0Q4BDK3_9ARCH_189-437",
        "A0AAF0JN43_9EURY_187-434",
        "D7E8Y1_METEZ_186-434",
        "A0A0E3NTF4_9EURY_186-433",
        "A0AAE4SAT8_9EURY_188-435",
        "A0A0X3BM70_9EURY_1-137",
        "A0A483CMZ2_9EURY_187-434",
        "A0AAE4MJ57_9EURY_186-433",
        "A0A0Q4B8J1_9ARCH_187-435",
        "F7XL10_METZD_186-434",
        "A0A484F511_9EURY_186-433",
        "A0A8G1EFA5_9EURY_187-434",
        "A0A0A7LAU1_9ARCH_187-435",
        "B8GE89_METPE_189-437",
        "A0A0X3BMP6_9EURY_187-296",
        "E1RJD7_METP4_189-436",
        "Q2FSD8_METHJ_187-435",
        "A0AA43ULN3_UNCTM_189-437",
        "G7WN21_METH6_186-434",
        "F4BXY4_METSG_186-434",
        "A0AAF0S5C8_9ARCH_185-433",
        "A0A964G716_9EURY_186-434",
        "H1YXI3_9EURY_187-434",
        "M4YU68_THEXX_188-436",
        "H8I4A7_METCZ_189-436",
        "A0A8J8B772_9EURY_188-435",
        "A0A9X9S5F4_METOG_187-434",
        "L0L0T9_METHD_186-432",
        "D5EAE0_METMS_186-434",
        "A0A2V2N0N6_9EURY_188-436",
        "L0HAZ8_METFS_187-434",
        "E1RDX8_METP4_187-434",
        "R9T893_METII_188-436",
        "A0B6N9_METTP_186-434",
        "A0A4E0QDM9_9EURY_186-433",
        "L0HFT2_METFS_189-437",
        "A2SSC9_METLZ_188-437",
        "A0AA51YKK0_9EURY_186-433",
        "I7LJY5_METBM_187-434",
        "A0A8G1EGD5_9EURY_188-435"
    ],
    "group_b": [
        "A0A1F2P4I2_9EURY_200-453",
        "A0A8T8K353_9EURY_189-436",
        "A0A126R1Z6_METOL_189-436",
        "F6BBI9_METIK_189-437",
        "F0T8Q9_METLA_187-434",
        "A0A1D2W9L5_9EURY_189-436",
        "A0A328PIM7_9EURY_189-436",
        "A0A126R0P5_METOL_189-436",
        "MCRY_METFV_189-436",
        "MCRY_METJA_189-437",
        "A0A1F2PAP8_9EURY_195-445",
        "A0A328SEV6_9EURY_123-288",
        "A0A328SBX5_9EURY_188-435",
        "A0A328S7D3_9EURY_1-57",
        "A0A1V6N4K5_METAZ_189-436",
        "Q2NI03_METST_188-435",
        "A0A1F2PBK4_9EURY_192-439",
        "A0A0U3EBZ6_9EURY_189-436",
        "F6BE93_METIK_189-437",
        "A0A1F2P6Z9_9EURY_206-454",
        "E3GZ55_METFV_189-436",
        "MCRB_METTH_189-436",
        "A0A328S742_9EURY_188-259",
        "MCRB_METJA_192-440",
        "F0TCV2_METLA_189-436",
        "A0A8J7YAE4_9EURY_189-436",
        "A0A8T8K7T0_9EURY_189-436",
        "A0A0U3CJ05_9EURY_189-436",
        "A0A1F2P3M1_9EURY_195-445",
        "A0A1D2WB01_9EURY_187-435",
        "A0A2U1S6R7_9EURY_189-436",
        "MCRY_METTH_189-436",
        "D7DUH1_METV3_189-436",
        "A0A1D3L4I5_9EURY_189-436",
        "A0A8T9VJD6_9EURY_186-434",
        "A0AA43ZUV8_9EURY_189-436",
        "A0A1F2PCC4_9EURY_195-443",
        "A0A162FL39_9EURY_189-436",
        "A0A1Q6DVP9_METT1_187-435",
        "A0A328S742_9EURY_258-348",
        "R9SMM9_9EURY_189-436",
        "A0A1F2P4W9_9EURY_191-439",
        "A0A366M8M0_9EURY_189-436",
        "F1SVF3_METKA_190-438",
        "A0A1F2P4E4_9EURY_192-439",
        "U6EEC5_9EURY_189-436",
        "A0A166F251_9EURY_189-436",
        "U6ECJ3_9EURY_189-436",
        "Q6LWZ9_METMP_189-436",
        "A0A166CF31_9EURY_189-436",
        "A0A401HR84_9EURY_189-436"
    ],
    "folder_path": "/content/drive/MyDrive/Thesis/protein_data/PF02241_outputs/sequence_embeddings/subfamily_1/significant_splits/rank3"
}