{
    "subfamily": 7,
    "rank": 1,
    "node_name": "0.840",
    "lambda_obs": 3679.688232421875,
    "p_adj": 0.000999000999000999,
    "group_a": [
        "A0AAD8QM89_LOLMU_110-133",
        "A2WK45_ORYSI_125-148",
        "B9EZA4_ORYSJ_125-148",
        "A0A9W8CED2_9POAL_115-138",
        "A0A9W7XB50_9POAL_114-137",
        "A0A0E0FFK8_ORYNI_125-148",
        "Q0JR29_ORYSJ_131-154",
        "A0A0E0MQS8_ORYRU_2122-2145",
        "A0A0E0MQS9_ORYRU_1921-1944",
        "A0A0D3EJ39_9ORYZ_120-143",
        "A0A0E0JDH9_ORYPU_111-134",
        "A0A0E0FFK9_ORYNI_810-833",
        "A0A0D3EJ35_9ORYZ_62-85",
        "A0A0E0MQT0_ORYRU_1898-1921",
        "A0A9W7X6X1_9POAL_114-137",
        "B8AD05_ORYSI_129-152",
        "A0AAD8QM89_LOLMU_51-74",
        "B8AD07_ORYSI_125-148",
        "A0A0E0BWB7_9ORYZ_123-146",
        "A0A0D9Y2M7_9ORYZ_62-85",
        "A0A0D9Y2N2_9ORYZ_126-149",
        "Q5ZCB1_ORYSJ_129-152"
    ],
    "group_b": [
        "A0A6G1E1V4_9ORYZ_121-144",
        "Q0JR27_ORYSJ_197-220",
        "A0A0D3EJ34_9ORYZ_126-149",
        "A0A0E0JDH7_ORYPU_130-153",
        "A0A0E0FFK9_ORYNI_617-640",
        "A0A0E0MQS9_ORYRU_1772-1795",
        "A0A0E0BWB6_9ORYZ_130-153",
        "A0A0D3EJ36_9ORYZ_407-430",
        "A0A0E0JDI0_ORYPU_193-216",
        "A0A0E0JDI4_ORYPU_120-143",
        "A0A0D9Y2M6_9ORYZ_130-153",
        "A0A0D9Y2M8_9ORYZ_192-215",
        "A0A0E0MQS8_ORYRU_1973-1996",
        "A0A0E0BWB8_9ORYZ_144-167",
        "A0A0E0MQS7_ORYRU_126-149",
        "J3KUQ0_ORYBR_179-202",
        "A2WK47_ORYSI_192-215",
        "A0A0E0JDI5_ORYPU_251-274",
        "A0A0E0JDH8_ORYPU_126-149",
        "A0A0E0MQT0_ORYRU_1749-1772"
    ],
    "folder_path": "/content/drive/MyDrive/Thesis/protein_data/PF00228_outputs/structure_embeddings/subfamily_7/significant_splits/rank1"
}