{
    "subfamily": 1,
    "rank": 1,
    "node_name": "0.837",
    "lambda_obs": 15075.5673828125,
    "p_adj": 0.000999000999000999,
    "group_a": [
        "M1WWJ1_9NOST_478-529",
        "A0A8J7DFP0_9CYAN_477-527",
        "K9PK16_9CYAN_477-527",
        "A0A1Y0RKK7_9CYAN_478-528",
        "A0A5P8W7D1_9NOSO_477-527",
        "D7E132_NOSA0_477-527",
        "A0A2R5FSH8_NOSCO_477-527",
        "K9ZIW3_ANACC_477-527",
        "A0A433UQ84_ANAVA_477-527",
        "A0A1Z4MUH7_9CYAN_477-527",
        "B2J0P5_NOSP7_477-527",
        "M1X4K0_9NOST_460-511",
        "A0A2K8SX05_9NOSO_477-527",
        "A0A926ZP72_9NOSO_477-527",
        "A0A1Z4JZY8_9CYAN_477-527",
        "A0A951UDY3_9NOST_477-527",
        "A0A367QLV9_9NOSO_477-527",
        "A0A8J6XHM1_9CYAN_477-528",
        "A0A252DYS3_9NOSO_477-527",
        "A0A0T7BVY2_9CYAN_477-528",
        "A0A2S0Q8C6_NODSP_477-528",
        "A0A2D0HKY4_9NOSO_477-527"
    ],
    "group_b": [
        "G6FW84_9CYAN_478-529",
        "A0A928WG17_9CYAN_477-528",
        "A0A1Z4NEM2_9CYAN_477-528",
        "A0A8J7HN03_9NOST_478-528",
        "K9UZQ9_9CYAN_477-528",
        "A0A975Y4J6_9NOST_477-527",
        "K9U0U9_CHRTP_477-527",
        "A0A0V7ZLJ0_9CYAN_477-528",
        "A0A2S6CZ90_9CYAN_480-527",
        "A0A1Z4R788_9CYAN_477-528",
        "A0A218QB12_9CYAN_477-528",
        "K9RAT3_9CYAN_477-528",
        "K9QJJ0_9NOSO_477-528",
        "A0A2A2TBR4_9CYAN_477-528",
        "A0A0C1R4G8_9CYAN_477-528",
        "A0A930TAB2_9CYAN_477-528",
        "A0A367RR77_9NOSO_480-528",
        "K9QSA7_NOSS7_477-528",
        "K9X036_9NOST_478-527",
        "A0A8J7F3U3_9CYAN_477-528",
        "K7WHI0_9NOST_478-527",
        "A0A139WZS5_9CYAN_477-528",
        "Q8YQ48_NOSS1_477-528",
        "A0A951QNB2_9CYAN_462-527",
        "A0A1Z4UW67_9CYAN_477-527",
        "A0A433N7E9_CHLFR_479-529",
        "A0A1Z4QD83_9NOST_478-527"
    ],
    "folder_path": "/Users/idan_shabo/Documents/Thesis/pipeline_outputs/PF04423_outputs/sequence_embeddings/subfamily_1/significant_splits/rank1"
}