{
    "subfamily": 5,
    "rank": 6,
    "node_name": "0.885",
    "lambda_obs": 19659.1953125,
    "p_adj": 0.000999000999000999,
    "group_a": [
        "A0A7K5QJD5_9PASE_606-793",
        "A0A7K5BQS8_MOTAL_136-234",
        "A0A803VH96_FICAL_543-713",
        "A0A803VSU3_FICAL_556-726",
        "A0A7L1EDE8_OENON_136-234",
        "A0A093QII7_9PASS_136-170",
        "A0A7L2SNT1_9PASS_136-233",
        "A0A7L0X3T8_TYRSA_579-749",
        "A0A7K5LJQ1_VIRAL_576-752",
        "A0A7L3M1K0_9PASS_34-132",
        "A0A7K8YC52_9PASS_575-745",
        "A0A7L2EMT7_ANTMN_136-234",
        "A0A7K9RBP0_9PASS_136-234",
        "A0A7L0BNT9_9AVES_136-234",
        "A0A7L1TXK1_PHANI_136-234",
        "A0A7K7GHQ6_ERIRU_136-234",
        "A0A7K6BJN6_PTIVI_136-234",
        "A0A218VCA0_9PASE_570-740",
        "A0A8C5NSE6_JUNHY_570-740",
        "A0A7K5VU31_9CORV_136-234",
        "A0A7K6X307_9PASE_136-234",
        "A0A7K8HMG1_9CORV_136-234",
        "A0A7K7MGR9_9PASS_136-234",
        "A0A7L2TGH1_POMRU_576-760",
        "A0A851QUA0_TYCCO_136-234",
        "A0A7K6KFP1_9PASE_136-234",
        "A0A6J2G374_9PASS_570-740",
        "A0A7K7C6Q3_APHCE_136-234",
        "A0A7K7J9U6_LOXCU_136-234",
        "A0A851RMQ2_CERFA_136-234",
        "A0A850ZNI3_9PASS_136-170",
        "A0A852NYY1_9PASS_136-234",
        "A0A7L3QNS5_9SYLV_136-234",
        "A0A7L2LAH4_9SYLV_136-234",
        "A0A7L1V231_SITEU_136-234",
        "A0A8B9MKY8_9AVES_570-740",
        "A0A7L1JYZ0_RYNNI_136-233",
        "A0A663DKD5_AQUCH_570-740",
        "A0A8V0Y783_CHICK_552-719",
        "A0A7L3CEV1_PELUR_136-234",
        "A0A6I9HB45_GEOFO_570-740",
        "A0A851YGM2_9AVES_136-234",
        "A0A7K4UAL0_9SYLV_136-234",
        "A0A8B9YZ89_9AVES_451-602",
        "A0A851CKC9_CALVR_136-234",
        "A0A7K9H6A6_9PICI_577-746",
        "A0A3M0L4U9_HIRRU_434-604",
        "A0A7K7Q7U7_POEAT_136-234",
        "A0A7K8D254_9CORV_136-234",
        "A0A7K8GK13_ORTSP_136-234",
        "A0A7K9PXU6_9CORV_136-233",
        "A0A850UDT6_9CORV_136-234",
        "A0A851LEY8_CORCR_561-730",
        "A0AA97MFB8_9PASS_136-234",
        "A0A7L3D1A8_PLUSO_136-234",
        "A0A7L1NNU2_RHICY_136-234",
        "A0A7K5D9Y5_9TYRA_573-743",
        "A0A851B4T2_PICGY_576-760",
        "A0A8C3NKE2_GEOPR_570-740",
        "A0A852EE11_VIDMA_136-234",
        "A0A7K5T384_9FRIN_136-234",
        "A0A7K4X6E9_REGSA_136-234",
        "A0A7K9QRS3_IRECY_136-234",
        "A0A091U2M4_PHORB_537-707",
        "A0A851FTX5_PITSO_574-744",
        "U3K3H1_FICAL_465-635",
        "A0A7K6HDR4_9PASS_136-234",
        "A0A7K9N8L0_9CORV_587-757",
        "A0A7L1ZRI9_LEILU_136-234",
        "A0A7K6QFX4_9PASS_136-234",
        "A0A7L0A6K0_9CORV_136-234",
        "A0A7K9A0U4_9PASS_136-234",
        "A0A7L1B9U6_GYMTI_136-234",
        "A0A835TTZ1_9PASS_566-736",
        "A0A7L3DYY3_9PASS_136-234",
        "H0ZGG6_TAEGU_537-707",
        "A0A7K8FG18_9CORV_136-234",
        "A0A7K5JKU3_9TYRA_136-234",
        "A0A7K7D075_PHEME_136-234",
        "A0A7K8IM19_9PASS_136-234",
        "A0A7L0IME8_PIPCL_577-747",
        "A0A7K8LQ29_9CORV_136-234",
        "A0A7K9LJ82_9PASS_136-234",
        "A0A7K6FPW8_9CORV_136-234",
        "A0A7K5UGN4_CEPOR_578-748",
        "A0A7L1YR84_9PASS_136-234",
        "A0A7K8VY54_9FURN_136-234",
        "A0A7L0KLR2_9SYLV_136-234",
        "A0A7K8QIX9_9PASS_136-234",
        "A0A8D2QDJ1_ZONAL_570-740",
        "A0A7K7TFD5_9TYRA_136-234",
        "A0A7L2KRI1_9PASS_582-756",
        "A0A3L8SU76_CHLGU_545-715",
        "A0A7L3ZT08_9AVES_136-234",
        "A0A7K5B3W7_9FURN_136-234",
        "A0A851K7P1_VIDCH_123-221",
        "A0A7L2ZXN4_9PASE_136-234",
        "A0A852MF84_9PASS_136-234",
        "A0A7L1DNC3_9PASS_136-234",
        "A0A7K6PNI4_9CORV_136-234",
        "A0A7K6IVX8_9CORV_136-234",
        "A0A851KGV1_VIDCH_136-234",
        "A0A851WME4_CORMO_136-234",
        "A0A7L0Y946_9PASE_576-760",
        "A0A803W7N0_FICAL_546-716",
        "A0A7K7XXK3_9PASS_136-234",
        "A0A7K7ZLZ7_9PASE_136-234",
        "A0A7K7FS05_CHIMN_136-234",
        "A0A093SUV1_9PASS_537-707",
        "A0A7L2FFG2_QUIME_136-234",
        "A0A852HUU2_9PASS_576-760",
        "A0A8C3U9G1_CATUS_570-740",
        "A0A8C9MMX1_SERCA_570-740",
        "A0A8C3U8E7_CATUS_570-703",
        "A0A7L2DG55_CATFU_136-234",
        "A0A7L3VBV8_MOLAT_136-234",
        "A0A7K7YUQ5_THRLU_136-234",
        "A0A7L0NWB8_9PASS_574-744",
        "A0A8C0VLI7_CYACU_528-698",
        "A0A7K6LMC0_9CORV_136-234",
        "A0A803VBM1_FICAL_556-726",
        "A0A7L0QRK8_SETKR_136-234",
        "A0A7K5P6V3_9CORV_136-234",
        "A0A851TWC5_9PASS_135-233",
        "A0A7L3XSL0_9AVES_136-234",
        "A0A7L2ARN6_9GRUI_136-235",
        "A0A7K9WK32_9PASS_136-234",
        "A0A7L2JBR3_CINMU_136-234",
        "A0A852BCX2_9CORV_136-234",
        "A0A7K9KBG4_9PASE_136-234",
        "A0A7L0FJE0_CORCN_136-233",
        "A0A851ZSR0_CALOR_136-234",
        "A0A7K7P403_ACRAR_136-234",
        "A0A7R5K2K2_9PASS_508-678",
        "A0A7K5W0F9_9SYLV_136-234",
        "A0A7K6DD90_9PASS_136-234",
        "A0A8K1GTF0_9PASS_570-740",
        "A0A7K5J2H9_TOXRE_136-234",
        "A0A7K4VJU2_9EMBE_136-234",
        "A0A8D2NZ70_ZOSLA_570-740",
        "A0A7K5RPI6_LANLU_136-234",
        "A0A7K6B7A6_UPUEP_577-752",
        "A0A7L3LY19_9CHAR_136-230",
        "A0A850YB94_AEGCA_136-234",
        "A0A8B9QUD1_APTOW_577-689",
        "A0A7L2PGL9_PYCJO_136-234",
        "A0A7K4PH48_MELMO_136-234",
        "A0A851EFE4_9CORV_136-222",
        "A0A7K6GFK4_9PASS_136-234",
        "A0A7L4LNH8_9CORV_136-234",
        "A0A7L4ESL7_HIRRU_136-234",
        "A0A7K8RTB0_9PASS_136-234",
        "A0A7K9JHH5_9CORV_136-234",
        "A0A851UZQ1_9PASS_136-234",
        "A0A7K7E8R7_9SYLV_136-234",
        "A0A7K9H5D4_LOXLE_136-234",
        "A0A7K6EHZ5_9PASS_136-234",
        "A0A7L1QEM5_9PASS_136-234",
        "A0A7K4QPF8_9TYRA_136-234",
        "A0A7L2PRY7_9PASS_136-234",
        "A0A7L3I8E3_9PASS_136-234",
        "A0A7L3KXI7_9PASS_136-234",
        "A0A851DEG4_TODME_136-196",
        "H1A1Y0_TAEGU_570-740",
        "A0A7K7RFZ5_9PASS_136-234",
        "A0A7L1C2G6_9PASS_136-234",
        "A0A7L1RBL2_9PASS_136-234",
        "A0A7L0ZTW0_9PASS_578-748",
        "A0A7K5MQY9_CARCD_136-234",
        "A0A7L2XHG3_9PASS_136-234",
        "A0A852D515_PASAF_136-234",
        "A0A803VMS3_FICAL_570-740",
        "A0A7L1M3H1_BOMGA_136-235",
        "A0A852FNY7_PEUTA_136-234",
        "A0A7L2CDG6_9PASS_136-234",
        "A0A6J0H9T3_9PASS_465-635",
        "A0A674GBI1_TAEGU_552-719",
        "A0A7K6UWK4_9PASS_136-234",
        "A0A7K4W225_9TYRA_136-234",
        "A0A851JU04_9PASS_136-234",
        "A0A8C3P1Q1_9PASS_570-740",
        "A0A7K5DUW7_POLCE_136-234",
        "A0A674HTP1_TAEGU_519-689",
        "A0A7L2MGI1_9PASS_136-234",
        "A0A7L1FPC0_SYLBO_136-234",
        "A0A093BSD5_TAUER_573-742",
        "A0A7K8B450_9CORV_136-234",
        "A0A7K5ZHE5_ONYCO_136-234",
        "A0A852JJM4_SPIPA_136-234",
        "A0A7K8EJS4_LEURO_136-234",
        "A0A6J0HAI2_9PASS_570-740",
        "A0A7L4IFP6_9PASS_136-234"
    ],