{
    "subfamily": 2,
    "rank": 2,
    "node_name": "0.465",
    "lambda_obs": 9145.640625,
    "p_adj": 0.000999000999000999,
    "group_a": [
        "A0A8C5GXP4_GOUWI_24-33",
        "A0A672JHK1_SALFA_24-33",
        "GON3_ONCTS_16-25",
        "A0A6P7JQF3_9TELE_24-33",
        "GON3_ORYLA_24-33",
        "A0A8C0YQL1_CYPCA_24-33",
        "Q801D6_CYPCA_24-33",
        "A0A8C7KMF0_ONCKI_37-46",
        "A0A6F9C4M3_9TELE_24-33",
        "A0A674CZG2_SALTR_45-54",
        "A0A3Q2GPP0_CYPVA_24-33",
        "A0A3Q3BDD2_KRYMA_24-33",
        "A0A673HCH3_9TELE_24-33",
        "A0A5J5CT74_9PERO_24-33",
        "A0A060VTU0_ONCMY_24-33",
        "A0A669BFN5_ORENI_24-33",
        "A0A3Q3WH41_MOLML_24-33",
        "A0A6F8ZP13_9TELE_57-66",
        "A0A5C6PIN8_9TELE_35-44",
        "A0A6P8X1H6_GYMAC_24-33",
        "A0A674P3U7_TAKRU_35-44",
        "A0A3P8WCG8_CYNSE_55-64",
        "A0A3Q3F188_9LABR_24-33",
        "A0A3P8XRB7_ESOLU_24-33",
        "A0A673KB35_9TELE_24-33",
        "A0A060Y8K9_ONCMY_45-54",
        "A0A0P7XNG0_SCLFO_233-242",
        "A0A1S3SD86_SALSA_54-63",
        "H2LMQ4_ORYLA_24-33",
        "GON3_CARAU_24-33",
        "A0A8C7KGG2_ONCKI_37-46",
        "GON3_SALSA_24-33",
        "A0A3B5PXU5_XIPMA_24-33",
        "A0A401RW39_CHIPU_25-34",
        "A0A6J2R633_COTGO_24-33",
        "A0A6I9P8D6_9TELE_24-33",
        "A0A3Q4HJ98_NEOBR_24-33",
        "A0A8C8BY09_ONCTS_24-33",
        "A0A9W7TS57_TRIRA_24-33",
        "A0A4W5QTB4_9TELE_57-66",
        "A0A9Y3R065_9CICH_24-33",
        "A0A673AC38_9TELE_24-33",
        "A0A3P9DQ61_9CICH_24-33",
        "A0A8C6T5L4_9GOBI_26-35",
        "A0A1S3N372_SALSA_24-33",
        "A0A8C6L8D0_NOTFU_26-35",
        "A0A7J5XYN6_DISMA_24-33",
        "A0A315VST7_GAMAF_24-33",
        "A0A3Q3WQY9_MOLML_24-33",
        "D5JGS5_GADMO_24-33",
        "A0A5A9NS42_9TELE_24-33",
        "G3P4X1_GASAC_24-33",
        "A0AAD6BV70_9TELE_24-33",
        "A0A6P3WBY5_CLUHA_22-31",
        "A0A4U5VCV9_COLLU_24-33",
        "A0A3B5PZE0_XIPMA_24-33",
        "A0A8C5C164_GADMO_78-87",
        "A0A2I4APR2_AUSLI_24-33",
        "A0A9N7VKN6_PLEPL_24-33",
        "A0A3Q3WH45_MOLML_24-33",
        "A0AAZ1XGZ5_OREAU_24-33",
        "A0A8C3ATZ8_CYCLU_24-33",
        "GON3_SPAAU_24-33",
        "A0A4W5PAF6_9TELE_45-54",
        "A0A4W4H1Y9_ELEEL_28-37",
        "A0A667XYK4_9TELE_24-33",
        "GON3_HAPBU_24-33",
        "A0A3B4Z1T1_9TELE_24-33",
        "A0A8U0QSJ6_SALNM_24-33",
        "A0A6G1R063_9TELE_24-33",
        "A0A8J7P358_ATRSP_24-33",
        "A0A665XCQ8_ECHNA_24-33",
        "Q9DEH5_CARAU_24-33",
        "M4AE38_XIPMA_24-33",
        "A0A3Q1J595_ANATE_24-33",
        "A0A8C1A6I8_CYPCA_24-33",
        "GON3_SALTR_24-33",
        "A0A671M3X2_9TELE_24-33",
        "A0A8D0A993_SANLU_24-33",
        "A0A8C7X054_9TELE_25-34",
        "A0A3Q1I1B0_9TELE_24-33",
        "A0A4W5KTB8_9TELE_24-33",
        "A0A6J2WCU0_CHACN_24-33",
        "A0A3P9P810_POERE_24-33",
        "A0AA88TPZ0_9TELE_59-68",
        "A0A8U0THC2_SALNM_24-33",
        "A0A671MTA9_9TELE_24-33",
        "Q3LG41_TETNG_24-33",
        "A0A3Q1FSM4_9TELE_24-33",
        "A0A3P8SEP6_AMPPE_24-33",
        "A0A3N0YGN4_ANAGA_24-33",
        "A0A6A5DZL3_PERFL_17-26",
        "A0A4W6D9Q7_LATCA_25-34",
        "A0A3Q4HMQ1_NEOBR_24-33",
        "A0A484CHD0_PERFV_24-33",
        "H2SLZ1_TAKRU_24-33",
        "A0A3P9P875_POERE_24-33",
        "A0A672QM32_SINGR_24-33",
        "A0A8C1GWF1_CYPCA_24-33",
        "A0A1S2WYV5_SALSA_24-33",
        "F1QW13_DANRE_24-33",
        "Q9DEH6_CARAU_24-33",
        "A0A3Q3MVY4_9TELE_24-33",
        "A0A8C7LLN6_ONCKI_24-33",
        "A0AA88LUG2_CHASR_24-33",
        "A0A7J6C492_9TELE_24-33",
        "GON3_DICLA_24-33",
        "A0A3Q1FNK4_9TELE_24-33",
        "A0A087YH71_POEFO_24-33",
        "A0A8C8DDN2_ONCTS_24-33"
    ],
    "group_b": [
        "A0A671U9X7_SPAAU_24-33",
        "A0A7L1T2S3_ARAGA_24-33",
        "A0A0D9RLL3_CHLSB_25-34",
        "A0A3Q3WMN3_MOLML_35-44",
        "A0A672VD68_STRHB_25-34",
        "A0A2K6QKB9_RHIRO_25-34",
        "A0A093CSJ8_TAUER_24-33",
        "A0A7L0QB63_SETKR_24-33",
        "A0A851L7W6_CORCR_24-33",
        "A0A8D2Q9C2_VARKO_25-34",
        "A0A672NI24_SINGR_25-34",
        "A0A091MK01_9PASS_24-33",
        "A0A7L1V9L9_SITEU_24-33",
        "A0A7L3XJ44_9AVES_24-33",
        "A0A7L2H2I4_SAGSE_24-33",
        "A0A7L0GG69_HERCA_24-33",
        "GON2A_CARAU_25-34",
        "A0A6A5FNR5_PERFL_24-33",
        "GON2B_CARAU_25-34",
        "A0A6J2FZC4_9PASS_25-34",
        "A0A671QUU2_9TELE_25-34",
        "A0A7L1M1I0_BOMGA_24-33",
        "A0A3P9Q7W2_POERE_24-33",
        "A0A6J3JAP6_SAPAP_25-34",
        "A0A7K5W2C8_9SYLV_24-33",
        "A0A7F8QNT0_LEPWE_24-33",
        "A0A7L3WG95_9GRUI_24-33",
        "A0A665T834_ECHNA_27-36",
        "A0A8C1FVC4_CYPCA_25-34",
        "A0A851AFK5_SULDA_24-33",
        "A0A060YVH9_ONCMY_25-34",
        "A0A7L2EJR0_ANTMN_24-33",
        "A0A8C7HNY3_ONCKI_42-51",
        "A0A8C8A1L6_9TELE_22-31",
        "A0A2K5L213_CERAT_25-34",
        "A0A8C3A0H1_CYCLU_24-33",
        "A0A8U1F824_SALNM_25-34",
        "A0A2K5CQT1_AOTNA_25-34",
        "A0A5N5M3Z9_PANHP_25-34",
        "A0A9J7ZC97_CYPCA_25-34",
        "A0A7L2XIA8_9PASS_24-33",
        "A0A8J4KPT9_EUDCH_24-33",
        "A0A7K9LDI6_9PASS_24-33",
        "A0A8C9F0W6_PAVCR_21-30",
        "A0A8D2ILB2_UROPR_26-35",
        "A0A8B9MFB8_9AVES_24-33",
        "A0A091HKI4_BUCRH_24-33",
        "A0A7L0MMR2_9PSIT_24-33",
        "R0KWR6_ANAPL_24-33",
        "A0A7K8FUF1_9CORV_24-33",
        "A0A7K9D6U3_9AVES_24-33",
        "A0A7K7DD86_PHEME_24-33",
        "A0A8C3GND9_CAIMO_24-33",
        "Q76FQ2_ORENI_24-33",
        "A0A7K4Q883_MELMO_24-33",
        "A0A093QX06_PHACA_24-33",
        "H2UM08_TAKRU_24-33",
        "A0A212CC44_CEREH_24-33",
        "A0A7K9HXV1_9PICI_24-33",
        "A0A4W5MU49_9TELE_25-34",
        "A0A5A9PGU7_9TELE_25-34",
        "Q5Y835_DANRE_25-34",
        "A0A673U1D2_SURSU_24-33",
        "A0A7K9IN19_9CORV_24-33",
        "A0A673U1J1_SURSU_24-33",
        "A0A8C8BT61_ONCTS_25-34",
        "A0A7L4CZN9_9AVES_24-33",
        "A0A8C9P3F5_SPEDA_26-35",
        "A0A7K9Z881_9CORV_24-33",
        "A0A4X2LLJ6_VOMUR_23-32",
        "A0A6J0VFA5_9SAUR_25-34",
        "A0A093INE0_DRYPU_24-33",
        "A0A6P5LRJ1_PHACI_29-38",
        "A0A7K6N136_PEDTO_24-33",
        "A0A7K8CGN4_9CORV_24-33",
        "A0A452QTW1_URSAM_24-33",
        "A0A087XY55_POEFO_25-34",
        "A0A6P7I662_9TELE_24-33",
        "A0A7K7ZJ28_9PASE_24-33",
        "A0A8C8KAU4_ONCTS_23-32",
        "A0A8D0DWL6_SALMN_25-34",
        "A0A091M8T6_CATAU_24-33",
        "Q76G08_EUBMA_25-34",
        "A0A7L0F0V9_CORCN_24-33",
        "A0A437DDD6_ORYJA_39-48",
        "A0A3P9Q8X9_POERE_25-34",
        "A0A7L3F757_9GRUI_24-33",
        "A0A087QQ28_APTFO_24-33",
        "B2BF85_CALMI_25-34",
        "A0A3Q2EBR7_CYPVA_35-44",
        "A0A7K8ECM8_LEURO_24-33",
        "A0A093F282_GAVST_24-33",
        "A0AAY4ECD6_9TELE_34-43",
        "A0A6G1AU41_CROCR_24-33",
        "A0A6F9CZY2_9TELE_25-34",
        "A0A7L2ZAQ4_9PASE_24-33",
        "Q7ZT17_CYPCA_25-34",
        "A0A8C7ZX08_9TELE_22-31",
        "A0A851XQX1_EOLRO_24-33",
        "H3ANV9_LATCH_25-34",
        "A0A7L1HVE5_9CHAR_24-33",
        "A0A7L2YLW8_JACJC_24-33",
        "A0A3Q1JSY0_ANATE_32-41",
        "A0A7L3YE58_FREGA_24-33",
        "A0A7K6TZT6_9AVES_24-33",
        "A0A091UCI6_PHORB_24-33",
        "A0A7K7Y8Y5_THRLU_24-33",
        "A0A3P9Q8Y9_POERE_26-35",
        "A0A3Q7TEH6_VULVU_50-59",
        "A0AA88T5Q8_CHASR_24-33",
        "A0A7N4PCE1_SARHA_23-32",
        "A0A851AZ15_PICGY_24-33",
        "A0A8C1FA42_CYPCA_25-34",
        "A0A8C4IKA1_DICLA_25-34",
        "A0A3Q4HMR4_NEOBR_30-39",
        "A0A3Q3WVG7_MOLML_31-40",
        "A0A2P4S895_BAMTH_21-30",
        "A0A7K6JNF0_9PASE_24-33",
        "A0A673LNP7_9TELE_24-33",
        "A0A8B9S5X3_APTOW_26-35",
        "A0A7K7GCN3_ERIRU_24-33",
        "A0A7K7SJY5_9TYRA_24-33",
        "A0A7L3NIT9_9AVES_24-33",
        "A0A7L0Q4L4_9AVES_23-32",
