{
    "subfamily": 3,
    "rank": 2,
    "node_name": "0.745",
    "lambda_obs": 13610.9443359375,
    "p_adj": 0.000999000999000999,
    "group_a": [
        "A0A922CIU4_MANSE_638-691",
        "A0A6P8ZA00_THRPL_910-963",
        "A0A194QBH0_PAPXU_642-694",
        "A0A0N1PGC4_PAPMA_643-695",
        "A0A8B8IHJ9_VANTA_635-688",
        "A0A0L7KYK6_OPEBR_637-690",
        "A0A212F5Y5_DANPL_635-687",
        "A0A8S4QWJ6_9NEOP_639-691",
        "A0A8S4FU29_PLUXY_649-701",
        "A0A7E5W4J0_TRINI_641-693",
        "A0A835GQ15_SPOEX_646-698",
        "A0A9J7E2L1_SPOLT_644-696",
        "A0A2A4JZU4_HELVI_644-696",
        "A0A8R2M7E9_BOMMO_632-685",
        "A0A8S3WX16_PARAO_640-692",
        "A0A8S1B515_ARCPL_644-696",
        "A0A8J9UI76_9NEOP_645-698",
        "A0A6J1MTM8_BICAN_639-691",
        "A0A067RAI8_ZOONE_684-737",
        "A0A5E4QXS8_9NEOP_625-676",
        "A0A2J7PXY9_9NEOP_167-220",
        "A0A6J1WUQ4_GALME_642-694",
        "A0A821WKJ3_9NEOP_646-698",
        "A0A8J2QS19_9NEOP_635-687",
        "A0A6J1T3W7_FRAOC_858-911",
        "A0A2W1B2R1_HELAM_646-698"
    ],
    "group_b": [
        "A0A8J2H9G1_COTCN_630-683",
        "D6W6F1_TRICA_698-750",
        "A0A5E4MIJ0_9HEMI_556-607",
        "A0A6A4JDJ2_APOLU_778-830",
        "A0A1W4XAW2_AGRPL_683-736",
        "A0A6P7HD06_DIAVI_713-765",
        "A0A834MDG5_RHYFE_824-876",
        "A0A1W4XK73_AGRPL_423-476",
        "A0A653CL55_CALMS_912-964",
        "U4UJZ0_DENPD_357-409",
        "A0A8R2NPL9_ACYPI_560-611",
        "T1I9G7_RHOPR_483-535",
        "A0A8I6RI58_CIMLE_702-754",
        "E0VMQ2_PEDHC_574-627",
        "A0A8J5VCM1_9HYME_581-634",
        "A0A6G0ZED3_APHCR_563-614",
        "A0A0T6B0Q5_9SCAR_788-832",
        "A0A482WLW0_LAOST_739-792",
        "A0A6J2XFG3_SITOR_815-867",
        "A0A1W4XAM4_AGRPL_444-497",
        "A0A3Q0JJX6_DIACI_132-184"
    ],
    "folder_path": "/content/drive/MyDrive/Thesis/protein_data/PF09332_outputs/structure_embeddings/subfamily_3/significant_splits/rank2"
}