{
    "subfamily": 5,
    "rank": 1,
    "node_name": "0.668",
    "lambda_obs": 24715.36328125,
    "p_adj": 0.000999000999000999,
    "group_a": [
        "Q0BRP9_GRABC_164-223",
        "Q0BUR3_GRABC_1160-1221",
        "A0A494XNY8_9BURK_271-325",
        "A0A2J6MK30_9BURK_1759-1813",
        "A0A679I4Y6_9RHOO_1586-1637",
        "A0A2J6MRY7_9BURK_121-176",
        "A0A6J5EAV4_9BURK_991-1050",
        "A0A4U1I3T8_9BURK_252-312",
        "A0A1D9H863_9BURK_910-964",
        "A0A1D9H863_9BURK_367-418",
        "A0A963YT64_9PROT_2337-2389",
        "A0A494XNY8_9BURK_479-534",
        "A0A4U1I3T8_9BURK_475-528",
        "A0A494XNY8_9BURK_387-439",
        "A0A6J5EAV4_9BURK_1092-1145",
        "A0A5M6IJ71_9PROT_78-130",
        "A0A6J5EQB4_9BURK_978-1031",
        "A0A963YT64_9PROT_1210-1261",
        "A0A2J6MKY1_9BURK_2706-2760",
        "A0A1D9H863_9BURK_345-399",
        "A0A2J6MKY1_9BURK_1962-2023",
        "C3X3Z8_9BURK_460-515",
        "A0AAJ2AD51_9BURK_2251-2311",
        "A0A2J6MKY1_9BURK_3509-3566",
        "A0A963YT64_9PROT_541-593",
        "A0A6J5EQB4_9BURK_997-1050",
        "A0A1D9H863_9BURK_854-907",
        "A0A6J5EQB4_9BURK_1132-1183"
    ],
    "group_b": [
        "A0A2J6MRY7_9BURK_819-877",
        "A0A433SF27_9BURK_419-476",
        "A0A2J6MRY7_9BURK_753-804",
        "A0A2J6MK26_9BURK_806-847",
        "A0A1D9H863_9BURK_969-1021",
        "C3X3Z8_9BURK_800-841",
        "A0A1N6J737_9BURK_154-208",
        "A0A2J6MK26_9BURK_539-591",
        "A0A2J6MK30_9BURK_666-709",
        "A0A562GZJ4_9FIRM_798-848",
        "A0A2J6MRY7_9BURK_938-991",
        "A0A1W2F742_9FIRM_226-264",
        "Q0BRQ2_GRABC_225-277",
        "A0A4V6WQD5_9BURK_584-635",
        "A0A1D9H863_9BURK_566-626",
        "A0A2J6MK26_9BURK_1015-1066",
        "A0A807LL42_9ENTR_565-616",
        "A0A3N6PW26_9BURK_648-700",
        "A0A1I1YXM7_9FIRM_399-453",
        "A0A1C4D9W4_9ENTR_563-616",
        "F2LJ31_BURGS_165-223",
        "A0AAJ2AD51_9BURK_2178-2235",
        "A0A3D8K2W5_9BURK_1747-1807",
        "A0A494XNY8_9BURK_762-819",
        "A0A2J6MK30_9BURK_557-598",
        "A0A2J6MKY1_9BURK_758-804",
        "A0A4V6WQD5_9BURK_489-539",
        "A0A9N8X0E6_9BURK_290-343",
        "A0A1W2F742_9FIRM_146-196",
        "A0A1N6JIC6_9BURK_1301-1353",
        "A0A1N6JIC6_9BURK_1144-1200",
        "A0A963YT64_9PROT_3557-3610",
        "A0A2J6MK26_9BURK_68-109",
        "A0A3D8K2W5_9BURK_1283-1343",
        "A0A2N7W4U5_9BURK_337-394",
        "A0A7Z2JGL0_9BURK_2263-2316",
        "A0A2J6MKY1_9BURK_2166-2207",
        "A0A1I3SP18_9BURK_869-919",
        "A0AAJ2AD51_9BURK_2575-2627",
        "Q0BRP9_GRABC_118-166",
        "A0A2J6MK26_9BURK_243-293",
        "A0A562GZJ4_9FIRM_251-303",
        "A0A1N6JIC6_9BURK_554-615",
        "A0A2J6MK07_9BURK_511-563",
        "Q0BRP9_GRABC_213-261",
        "A0A4U1HZW5_9BURK_393-444",
        "A0A2S4MA41_9BURK_39-102",
        "A0A6J5EQB4_9BURK_918-974"
    ],
    "folder_path": "/content/drive/MyDrive/Thesis/protein_data/PF16168_outputs/structure_embeddings/subfamily_5/significant_splits/rank1"
}