{
    "subfamily": 2,
    "rank": 1,
    "node_name": "0.531",
    "lambda_obs": 18174.81640625,
    "p_adj": 0.000999000999000999,
    "group_a": [
        "A0A0U3TB53_9GAMM_24-128",
        "A0A014PTW6_9GAMM_23-127",
        "A0A5M7PZ51_9GAMM_93-197",
        "V2T2L4_9GAMM_23-127",
        "U3TRZ8_9ENTR_24-128",
        "A0A1I4VU09_9GAMM_23-127",
        "A0A085JK64_9GAMM_24-128",
        "D0CG11_ACIB2_26-130",
        "N9C342_9GAMM_24-128",
        "V2URU8_9GAMM_26-127",
        "A0A443IAB0_9GAMM_24-128",
        "N8ZEI7_9GAMM_25-129",
        "V2UQ67_9GAMM_24-129",
        "A0A6I4V7T8_9GAMM_24-128",
        "D8MMD1_ERWBE_23-127",
        "A0A2N9X9K6_9NEIS_27-131",
        "A0A095T191_9GAMM_24-128",
        "A0A0Q4N0Q1_9GAMM_24-128",
        "A0A1Z9YX20_9GAMM_26-130",
        "N8YCZ3_ACIGI_25-124",
        "A0A6M8UK21_9GAMM_24-128",
        "A0A2S2FGA4_9GAMM_26-124",
        "F0KPH8_ACIP2_26-130",
        "A0A356RX10_ENTAG_24-128",
        "A0A5M7PZ51_9GAMM_24-96",
        "D4GNW2_PANAM_24-128",
        "A0A0M2KG87_9GAMM_23-127",
        "A0A0U5L4B6_9GAMM_23-127",
        "A0A2I0FW56_9GAMM_24-122"
    ],
    "group_b": [
        "A0A0A3AMU3_9PAST_28-132",
        "A0A4P7CGJ5_9PAST_24-123",
        "Q7VNN4_HAEDU_27-131",
        "Q6D520_PECAS_23-127",
        "A3N1D3_ACTP2_23-124",
        "A0A1V3TI54_9PAST_22-123",
        "A0A0J5P6W6_9PAST_22-123",
        "I3DJH1_9PAST_24-124",
        "A0A8J7HAD8_9ENTR_26-123",
        "B8F8E1_GLAP5_23-124",
        "A0A1I4XGQ0_9NEIS_26-126",
        "A0A7M3M9G7_9BACT_1-92",
        "A0A1A7NRS7_9PAST_26-130",
        "A0A2V1K2S3_9BURK_35-139",
        "A0A2I5TJC0_SERS3_26-120",
        "A0A1T0AV30_9PAST_22-123",
        "A0A0H3CIV9_ENTCC_26-121",
        "A6VQJ1_ACTSZ_26-125",
        "A0A011NET7_9PAST_22-123",
        "E0SIN8_DICD3_26-123",
        "A0A0J8YNS6_9GAMM_26-130",
        "A0A8D4IWT3_9PAST_28-132",
        "R8ATB2_PLESH_30-134",
        "A0A4R1JM96_9GAMM_25-128",
        "Y670_PASMU_24-124",
        "A0A3N4VQJ3_9PAST_21-123",
        "A0A7D9AS27_RAOTE_1-68",
        "A0A4P7CGZ1_9PAST_23-124",
        "C4LAZ9_TOLAT_27-130",
        "A0A1I0FE29_9GAMM_24-128",
        "A0A4R2NCG4_9PAST_23-124",
        "A0A369ZUL3_9PAST_26-127",
        "A0A6H0T696_9PAST_23-124",
        "A0A1V3IVT1_9PAST_24-125",
        "A0A071LV84_9ENTR_27-122"
    ],
    "folder_path": "/content/drive/MyDrive/Thesis/protein_data/PF07361_outputs/structure_embeddings/subfamily_2/significant_splits/rank1"
}