{
    "subfamily": 10,
    "rank": 1,
    "node_name": "0.859",
    "lambda_obs": 8138.041015625,
    "p_adj": 0.000999000999000999,
    "group_a": [
        "A0A8C0H136_CHEAB_641-694",
        "A0A452IZN9_9SAUR_659-712",
        "A0A452IZR2_9SAUR_634-687",
        "A0A674JR51_TERCA_623-676",
        "A0A452IZP3_9SAUR_631-684",
        "A0A8C3HT40_CHRPI_595-648",
        "K7FVK7_PELSI_659-712",
        "A0A8C0GYN0_CHEAB_659-712",
        "A0A452IZR5_9SAUR_585-638",
        "A0A674JK32_TERCA_636-689",
        "A0A8C0GYL9_CHEAB_599-652",
        "A0A8C0H021_CHEAB_631-684",
        "A0A8C3P885_CHRPI_631-684",
        "A0A8C0IRU9_CHEAB_659-712",
        "A0A674JLN3_TERCA_659-712",
        "A0A9D3WQB3_9SAUR_659-712",
        "A0A8C3HT07_CHRPI_659-712",
        "A0A674JLU4_TERCA_595-648",
        "A0A8C3S743_CHESE_659-712",
        "A0A8C3HSV9_CHRPI_626-679",
        "A0A8C3P871_CHRPI_654-707",
        "A0A452IZS5_9SAUR_659-712",
        "A0A8C3S7L1_CHESE_659-712",
        "A0A8C8VHF2_9SAUR_659-712",
        "A0A8C3HTV1_CHRPI_641-694",
        "A0A4D9ES03_9SAUR_659-712",
        "A0A8C0GYI4_CHEAB_647-700",
        "A0A8C4WBK4_9SAUR_590-643",
        "M7B560_CHEMY_659-712",
        "A0A674JJY8_TERCA_631-684",
        "A0A8C0H2E8_CHEAB_639-692"
    ],
    "group_b": [
        "A0A093QQ69_PHACA_657-710",
        "A0A7L0B8N7_9AVES_659-712",
        "F7EPF8_ORNAN_659-712",
        "A0A851UEZ3_9PASS_659-711",
        "A0A7J8FJ64_ROUAE_659-712",
        "A0A7J8FJL7_ROUAE_245-298",
        "A0A6P5KRH7_PHACI_659-712",
        "A0A4X2KBT4_VOMUR_659-712",
        "A0A4X2KBU7_VOMUR_659-712",
        "L5JUG2_PTEAL_659-712",
        "A0A1U7TN14_CARSF_659-712",
        "A0A6P3QA50_PTEVA_659-712",
        "A0A7L1MVE5_RHICY_659-712",
        "A0A7L0EDL6_TROML_659-712",
        "A0A7N4PAV6_SARHA_659-712",
        "A0A851PP55_ANHAN_659-712",
        "A0A7K8EKC3_LEURO_659-711",
        "A0A6I8PA64_ORNAN_631-684",
        "A0A7J8FJF5_ROUAE_394-447",
        "A0A8B7R9H9_HIPAR_465-518",
        "A0A7K7B0U7_9AVES_659-712",
        "A0A6I8NBF3_ORNAN_659-712",
        "G3WB07_SARHA_659-712",
        "A0A835TQH2_9PASS_659-711",
        "A0A7J8FJ57_ROUAE_659-712",
        "A0A7K8QP84_9PASS_659-712",
        "A0A6P6CJK1_PTEVA_560-613",
        "A0A7K7PA50_ACRAR_660-713",
        "A0A7L0XMP6_TYRSA_661-714",
        "A0A1S3GDP7_DIPOR_171-224"
    ],
    "folder_path": "/Users/idan_shabo/Documents/Thesis/pipeline_outputs/PF04423_outputs/sequence_embeddings/subfamily_10/significant_splits/rank1"
}