{
    "subfamily": 3,
    "rank": 3,
    "node_name": "0.630",
    "lambda_obs": 18382.3671875,
    "p_adj": 0.000999000999000999,
    "group_a": [
        "A0A1L7XGJ2_9HELO_283-337",
        "A0A9N9PSB6_9HELO_300-354",
        "G2XZ68_BOTF4_283-337",
        "W9C686_SCLBF_306-360",
        "A0A8A3P0D0_9HELO_283-337",
        "A0A4Z1HL41_9HELO_283-337",
        "A0A4Y8DGU7_9HELO_283-337",
        "A0A384J5Q1_BOTFB_283-337",
        "A0A9X0AXP7_9HELO_177-231",
        "A0A4Z1L2T6_9HELO_283-337",
        "S3CEN9_GLAL2_283-337",
        "A0A5M9K7Y9_MONFR_283-337",
        "A0A9N9LVC0_9HELO_283-337",
        "A0A395IV40_9HELO_329-383",
        "A0A4Z1J9P9_9HELO_283-337",
        "A0A4Z1K6P6_9HELO_283-337",
        "A7EFW4_SCLS1_246-300",
        "A0A8H2ZRJ0_9HELO_283-337",
        "A0A3D8RSZ5_9HELO_283-337",
        "A0A5N6KGR7_MONLA_718-772",
        "A0A8H6B2X6_9HELO_736-790"
    ],
    "group_b": [
        "A0A094H318_9PEZI_283-337",
        "A0A423XCZ0_9PEZI_298-352",
        "A0AAD9SR31_PHOAM_283-337",
        "A0A3E2HKY6_SCYLI_334-388",
        "A0A0G2HUZ0_9PEZI_283-337",
        "A0A2P5IDW8_9PEZI_319-373",
        "A0A094CXP9_9PEZI_283-337",
        "A0A093Z257_9PEZI_283-337",
        "A0A9P4Y669_CRYP1_283-337",
        "A0A1B8D3A7_9PEZI_283-337",
        "A0A2T3AU95_AMORE_283-337",
        "A0A093XNB2_9PEZI_283-337",
        "A0A093Y0L5_9PEZI_283-337",
        "K1X8M9_MARBU_316-370",
        "A0A370TBH8_9HELO_283-337",
        "A0A8H4RVX7_9HELO_291-345",
        "A0A194VA17_CYTMA_245-300",
        "L8FT46_PSED2_283-337",
        "A0A9P9LUN7_9HELO_283-337",
        "A0A2S7PLT2_9HELO_312-366",
        "A0A1B8ED09_9PEZI_283-337",
        "A0A8S9B3Z5_9HELO_283-337",
        "A0A2V1C8D9_9HELO_283-337",
        "A0A094CZN5_9PEZI_283-337",
        "A0A1B8G9S9_9PEZI_283-337",
        "A0A2J6STT4_9HELO_283-337",
        "A0A2J6QHM8_9HELO_283-337",
        "A0A8H7WFK3_9HELO_283-337",
        "A0AAD9T693_9HELO_304-358",
        "A0A9P7Y6W2_9HELO_283-337",
        "A0A1B8FBD0_9PEZI_283-337",
        "A0A9P6SMB3_9HELO_225-279",
        "A0A094G7V4_9PEZI_547-601",
        "A0A9W8YSQ6_9PEZI_284-338",
        "A0A2S7NNE6_9HELO_1246-1300",
        "A0A0C3I059_OIDMZ_246-300",
        "A0A2J6S714_HYAVF_283-337",
        "A0A094GIT7_9PEZI_283-337",
        "A0A1E1L2H4_9HELO_283-337",
        "A0A9P9PIU2_9HELO_283-337",
        "A0A218YW68_9HELO_283-337",
        "A0A094CS03_9PEZI_283-337",
        "A0A2S7NVQ1_9HELO_305-359",
        "A0A8H7XH10_9HELO_283-337",
        "A0A132B697_MOLSC_283-337",
        "A0A1B8C2S3_9PEZI_283-337",
        "A0A423WFM3_9PEZI_245-299",
        "A0A2T2ZY34_9PEZI_280-334",
        "A0A093ZV64_9PEZI_283-337",
        "A0A094C5J5_9PEZI_283-337"
    ],
    "folder_path": "/Users/idan_shabo/Documents/Thesis/pipeline_outputs/PF04064_outputs/structure_embeddings/subfamily_3/significant_splits/rank3"
}