{
    "subfamily": 12,
    "rank": 1,
    "node_name": "0.796",
    "lambda_obs": 211.85379028320312,
    "p_adj": 0.000999000999000999,
    "group_a": [
        "A0A835KC60_9POAL_77-100",
        "A0A1E5VU19_9POAL_118-141",
        "K3XLQ3_SETIT_150-173",
        "A0A9R0VH16_TRITD_137-160",
        "A0AAD8WI14_LOLMU_39-62",
        "A0AAD8WG08_LOLMU_51-74",
        "K3XLQ3_SETIT_69-92",
        "C0HII8_MAIZE_119-142",
        "A0A3B6EBP3_WHEAT_137-160",
        "A0A3B6FHX4_WHEAT_144-167",
        "A0A9R0R9I3_TRITD_112-135",
        "A0A4U6UBB9_SETVI_150-173",
        "A0A3B6EDE7_WHEAT_140-163",
        "A0A9R0R8Y7_TRITD_140-163",
        "A0A835G0A2_9POAL_76-99",
        "A0AAD8VFW2_LOLMU_51-74",
        "A0A8R7TQT7_TRIUA_137-160",
        "A0A4U6UBB9_SETVI_69-92",
        "A0A835KA85_9POAL_76-99",
        "A0A835FYX6_9POAL_76-99"
    ],
    "group_b": [
        "A0A9R1RVX0_TRITD_56-79",
        "A0A3B6GKA1_WHEAT_70-93",
        "A0A453DSU9_AEGTS_69-92",
        "A0A453DSW0_AEGTS_21-44",
        "A0A514X0K9_9BACT_18-35",
        "A0A453DSU0_AEGTS_66-89",
        "A0A9R0R8Q0_TRITD_65-88",
        "A0A3B6EBN5_WHEAT_53-76",
        "A0A9R0RAR0_TRITD_22-45",
        "A0A3B6FHX4_WHEAT_59-82",
        "A0A9R1Q5X1_TRITD_59-82",
        "A0A3B6GPS8_WHEAT_52-75",
        "I1HBL8_BRADI_51-74",
        "A0A3B6GM24_WHEAT_70-93",
        "A0A9R1Q6G0_TRITD_59-82",
        "A0A453DSS9_AEGTS_69-92",
        "A0A3B6GKB6_WHEAT_23-46",
        "A0A9R1Q767_TRITD_135-158",
        "A0A3B6GM42_WHEAT_23-46",
        "A0A4U6UBE4_SETVI_62-85",
        "A0A9R1Q6G0_TRITD_219-242",
        "A0A9R0RAR0_TRITD_95-118",
        "IBB3_SETIT_8-31",
        "A0A9R1Q5X1_TRITD_135-158",
        "F2DT49_HORVV_59-82",
        "A0A9R1Q778_TRITD_141-164",
        "A0A3B6FG15_WHEAT_51-74",
        "A0A5J9UFK0_9POAL_135-158",
        "A0A077RU64_WHEAT_51-74",
        "A0A9R1Q767_TRITD_59-82",
        "A0A1E5VU34_9POAL_18-41",
        "A0A9R1Q6I6_TRITD_62-85",
        "A0A3B6FF61_WHEAT_155-178",
        "A0A9R1RWP5_TRITD_62-85",
        "A0A453DT00_AEGTS_59-82",
        "A0A5J9UFK0_9POAL_52-75",
        "A0A3B6FHX4_WHEAT_183-206",
        "A0A5J9UFK0_9POAL_218-241",
        "A0A3B6FHZ6_WHEAT_62-85",
        "IBB2_WHEAT_7-30",
        "A0A9R0R8Q0_TRITD_138-161",
        "A0A3B6GM24_WHEAT_145-168",
        "A0A9R1Q5Y5_TRITD_155-178",
        "A0A3B6GP63_WHEAT_67-90",
        "I1HBL7_BRADI_53-76",
        "IBB2_SETIT_8-31",
        "A0A3B6GKA1_WHEAT_145-164",
        "A0A3B6GP63_WHEAT_142-165",
        "A0A9R0RD11_TRITD_53-76",
        "A0A3B6EDD9_WHEAT_53-76",
        "A0A9R0VDV9_TRITD_53-76",
        "A0A453DSY6_AEGTS_59-82"
    ],
    "folder_path": "/content/drive/MyDrive/Thesis/protein_data/PF00228_outputs/structure_embeddings/subfamily_12/significant_splits/rank1"
}