{
    "subfamily": 46,
    "rank": 1,
    "node_name": "0.933",
    "lambda_obs": 19785.953125,
    "p_adj": 0.000999000999000999,
    "group_a": [
        "A0A6P6V725_COFAR_275-328",
        "A0A328D3L6_9ASTE_275-328",
        "A0A068TY92_COFCA_275-328",
        "A0A1U8EY50_CAPAN_274-328",
        "A0A022Q390_ERYGU_139-184",
        "A0A1S4AR89_TOBAC_287-341",
        "A0A9P0ZWP8_CUSEU_275-326",
        "A0A9P1EL94_CUSEU_145-196",
        "A0A6I9SM42_SESIN_275-329",
        "A0A8X8Z9Q3_SALSN_211-265",
        "A0AA88QUX7_9ASTE_278-323",
        "A0A314KM10_NICAT_276-330",
        "A0A3Q7GAA7_SOLLC_274-328",
        "A0AA88V837_9ASTE_275-329",
        "A0A1U7XAN1_NICSY_276-330",
        "A0AAE1WUQ8_9LAMI_275-329",
        "A0AAD4IVN6_PERFH_276-330",
        "A0AA88RT18_9ASTE_268-310",
        "A0AAF0QSA9_SOLVR_274-328",
        "A0A9Q1LZ87_9SOLA_274-328",
        "A0A1S4AQQ9_TOBAC_253-307",
        "A0A1S4AR75_TOBAC_276-330",
        "A0A2G9I2V7_9LAMI_275-329",
        "A0AAD2DLY9_9LAMI_275-329",
        "A0A8X8WNM9_SALSN_278-332",
        "A0A5A7QHR1_STRAF_309-347",
        "A0AAE1RW66_9SOLA_274-328",
        "A0A2G2VLU8_CAPBA_274-328",
        "A0A6P6V967_COFAR_237-282",
        "A0A2Z7AP00_9LAMI_275-324",
        "A0A1U7XE61_NICSY_253-307",
        "A0A9J5YUQ1_SOLCO_329-383",
        "S8DVX9_9LAMI_274-332",
        "A0A2Z7C956_9LAMI_271-325",
        "A0A9N7RB71_STRHE_275-325",
        "A0A8S0PI39_OLEEU_275-329",
        "M0ZV02_SOLTU_28-82",
        "A0A6P6V758_COFAR_275-320",
        "A0A484KRW2_9ASTE_275-328",
        "A0A1S4ABV6_TOBAC_276-330",
        "A0AAE1Y5Z0_9LAMI_275-328",
        "A0A484KR03_9ASTE_275-328",
        "M0ZV03_SOLTU_274-328"
    ],
    "group_b": [
        "A0A8K0DNT5_9ROSA_275-329",
        "A0A1U7ZUD4_NELNU_232-286",
        "A0AAD8RNT5_LOLMU_280-334",
        "B4FK90_MAIZE_281-335",
        "A0A4U6SXT9_SETVI_281-326",
        "A0A565APD3_9BRAS_275-329",
        "A0A2R6QQY1_ACTCC_275-329",
        "A0A6P5Y004_DURZI_273-327",
        "A0A804J5Z9_MUSAM_277-331",
        "A0A445JM61_GLYSO_443-491",
        "A0A0D3CA26_BRAOL_275-323",
        "A0A1U8KSJ0_GOSHI_274-328",
        "A0A1S3UXM0_VIGRR_275-329",
        "A0A072TRA0_MEDTR_194-248",
        "A0A6J1BJH0_9ROSI_273-327",
        "A0A9R0QPH1_TRITD_281-335",
        "A0A834YPL1_TETSI_268-313",
        "A0A0E0EXL9_9ORYZ_282-336",
        "A0A2T7C6Y3_9POAL_281-335",
        "A0A0E0M7J4_ORYPU_284-338",
        "A0A452XP80_AEGTS_271-325",
        "A0A6A5MIK2_LUPAL_275-329",
        "A0A4V6AA77_POPAL_273-321",
        "A0A8X8C350_POPTO_244-298",
        "A0A835MD87_9MAGN_261-315",
        "A0A7J8TEV0_GOSDV_102-156",
        "A0A9P3J4U7_9VIRI_170-221",
        "A0A0L9TLS1_PHAAN_237-284",
        "A0A9D3V9S0_9ROSI_274-328",
        "A0A830BMI7_9LAMI_275-329",
        "A0A834W816_9FABA_275-329",
        "A0A0S3R1Q4_PHAAN_275-329",
        "A0A8T1Q9B3_CARIL_275-329",
        "A0A6J1BJT9_9ROSI_274-328",
        "A0A2G5ENT9_AQUCA_275-329",
        "A0A8J5HL33_ZINOF_279-324",
        "A0A8B8KT53_ABRPR_275-329",
        "A0A452XP98_AEGTS_37-91",
        "A0A4U6T0F1_SETVI_281-326",
        "A0A9W7J2W1_HIBTR_274-328",
        "A0A2P5WW35_GOSBA_337-388",
        "A0AAD6Q1L6_9ROSI_275-329",
        "C5WM73_SORBI_281-335",
        "A0A199VV20_ANACO_513-561",
        "A0A7J9H757_9ROSI_310-359",
        "A0A2Z6NQ39_TRISU_310-364",
        "A0A7I8KVR0_SPIIN_245-292",
        "A0A843UFX9_COLES_381-435",
        "J3N2J1_ORYBR_185-239",
        "A0A452XPA9_AEGTS_281-328",
        "A0A445DNX9_ARAHY_275-329",
        "A0AA41VAA3_PAPNU_274-328",
        "A0A314ZD95_PRUYE_234-288",
        "A0A5N5IZX3_9ROSI_250-300",
        "A0A9R0UTV5_TRITD_237-291",
        "A0A7N2LAU3_QUELO_28-82",
        "A0A2R6W5Q9_MARPO_276-329",
        "A0A540KVK5_MALBA_194-248",
        "A0A9E7G5I9_9LILI_76-130",
        "F6HPC6_VITVI_287-341",
        "A0A4Y7JG75_PAPSO_274-328",
        "A0A8B8Q7N6_9MYRT_275-329",
        "A0A7J8V277_9ROSI_284-338",
        "A0A8J5WU20_ZIZPA_38-92",
        "A0A078IGK1_BRANA_275-329",
        "A0A7J7CYR1_TRIWF_275-329",
        "A0A251T007_HELAN_325-379",
        "A0A0E0BAB5_9ORYZ_282-336",
        "A0A8T0MQ08_PANVG_281-335",
        "A0A6J1JWI3_CUCMA_275-329",
        "A0A067KYF2_JATCU_275-327",
        "A0AA38TI87_9ASTR_275-322",
        "A0A8J5V379_ZIZPA_76-122",
        "W9QMW3_9ROSA_194-248",
        "A0A6A1V0W9_9ROSI_267-320",
        "Q9M9T2_ARATH_275-329",
        "A0A1U8A5U0_NELNU_273-327",
        "A0A9P3KDV9_9VIRI_258-309",
        "A0A5D2WVN1_GOSMU_274-328",
        "A0A835EYA7_9POAL_281-328",
        "A0AA39RGX3_ACESA_413-467",
        "A0A1S2YWU3_CICAR_275-329",
        "A0A5B6UVY0_9ROSI_28-75",
        "A0A8I7B237_HORVV_281-328",
        "B8BGS0_ORYSI_282-329",
        "A0A498HFY4_MALDO_275-329",
        "A0A9R0UU26_TRITD_281-329",
        "A0A1J7GZ58_LUPAN_275-329",
        "D8SRW6_SELML_274-326",
        "A0A8T2XB98_POPDE_275-329",
        "A0AA36EKV1_LACSI_275-329",
        "A0A9R0V3E8_TRITD_254-308",
        "A0A7J6DLR9_CANSA_755-809",
        "A0A2I0XBY7_9ASPA_279-330",
        "A0A9R0QJY2_TRITD_237-291",
        "I1I3S6_BRADI_280-334",
        "A0A078HP03_BRANA_275-329",
        "A0A0D9XJJ2_9ORYZ_282-336",
        "A0A1S3CFY2_CUCME_237-292",
        "A0A8J5V0G4_ZIZPA_79-125",
        "A0A5N5KID6_9ROSI_306-354",
        "A0A1R3JEA7_COCAP_256-310",
        "A0AA86SU71_9FABA_371-420",
        "A0A200QEU8_MACCD_275-329",
        "A0A1R3IIN6_9ROSI_273-327",
        "A0A2C9WMG2_MANES_275-328",
        "A0A2P5C9C2_PARAD_275-329",
        "A0A0B0NYT0_GOSAR_274-328",
        "A0A9Q0C4H4_9POAL_276-329",
        "A0A6P5Y147_DURZI_235-289",
        "A0A6D2ITL8_9BRAS_275-329",
        "A0A1Y1IHM4_KLENI_275-328",
        "A0A3B6TYE6_WHEAT_281-335",
        "A0A8T2WKG2_POPDE_194-248",
        "A0A978UM79_ZIZJJ_346-400",
        "A0A314UVA9_PRUYE_234-288",
        "A0A7J9A2F8_9ROSI_284-338",
        "A0A811MIG1_9POAL_281-335",
        "A0A835EXM3_9POAL_281-328",
        "A0A803L1M8_CHEQI_293-346",
        "A0A0D3HDI2_9ORYZ_278-332",
        "A0A6J1DQ90_MOMCH_275-329",
        "A0A9P3JKK3_9VIRI_75-126",
        "A0A8T0I136_CERPU_279-336",
        "A0A4S4EQS4_CAMSI_407-454",
        "B9S8V2_RICCO_275-329",
        "A0A7J9C6A1_GOSGO_284-338",
        "A0A9Q0JMJ1_9ROSI_303-357",
        "A0A0E0QYX2_ORYRU_282-336",
        "A0A3N7GT15_POPTR_275-329",
        "A0A0K9NME7_ZOSMR_287-335",
        "A0A8X8C834_POPTO_288-342",
        "A0A8X7YEA6_POPTO_288-342",
        "A0A8J5XUR8_9ROSI_337-388",
        "A0AAD6L3Q5_9ROSI_275-329",
        "A0A6P4AHA2_ZIZJJ_275-329",
        "V7C5Y7_PHAVU_275-322",
        "A0A7J7GX80_CAMSI_275-328",
        "A0A452XPC1_AEGTS_281-329",
        "A0A3L6TMD6_PANMI_281-330",
        "A0A1S3CHB7_CUCME_275-330",
        "A0A7J9EIS2_9ROSI_340-391",
        "A0A2P6R350_ROSCH_276-330",
        "A0A498HK86_MALDO_261-315",
        "A0A6J5TNN2_PRUAR_275-322",
        "A0A6J1DVH9_MOMCH_275-329",
        "A0A9R0PR92_TRITD_271-325",
        "D7KBI8_ARALL_275-329",
        "A0A2I4GMT0_JUGRE_275-329",
        "F4HUI7_ARATH_314-367",
        "A0A1Q3BHI4_CEPFO_275-329",
        "B9IQR4_POPTR_275-329",
        "A0A8B7BL47_PHODC_278-332",
        "A0A9Q0SXY3_SALVM_275-329",
        "A0A5E4EYA8_PRUDU_275-329",
        "A0A9D5DBM8_9LILI_281-335",
        "A0AAD4TEV6_9MAGN_274-327",
        "A0A9Q0WBY9_SALPP_251-305",
        "A0A2U1N9B8_ARTAN_275-329",
        "W1NG27_AMBTC_276-330",
        "A0A072U1S8_MEDTR_176-230",
        "A0A103YAJ0_CYNCS_275-322",
        "A0A9E7K5N4_9LILI_164-218",
        "A0AAD3SPW8_NEPGR_275-329",
        "A0A176VKY6_MARPO_276-329",
        "A0A8R7JW65_TRIUA_281-335",
        "A0A8X7TH75_BRACI_247-301",
        "A0A444ZUI9_ARAHY_275-329",
        "A0AAD5GSL2_AMBAR_229-274",
        "A0A388LVC1_CHABU_304-356",
        "A0A9R1X0F7_LACSA_276-330",
        "V7C9K6_PHAVU_275-329",
        "A0A6A1V5K5_9ROSI_275-320",
        "A0A9R0UP98_TRITD_281-335",
        "A0A0E0EXS3_9ORYZ_289-336",
        "A0A6J1DTM8_MOMCH_232-286",
