{
    "subfamily": 29,
    "rank": 1,
    "node_name": "0.733",
    "lambda_obs": 15392.404296875,
    "p_adj": 0.000999000999000999,
    "group_a": [
        "A0A1I5CSZ8_9CLOT_4-43",
        "A0A0S3PNN4_9BRAD_2-47",
        "A0A972JN03_9RHOB_18-68",
        "A0A212SHK4_RHOAC_7-54",
        "A0A0D6NLF5_9PROT_3-50",
        "A0A936ZVT6_9BURK_13-60",
        "A0A5C8NZ95_9BURK_2-47",
        "A0A1Z4JH84_LEPBY_6-52",
        "A0A939HJ11_9PROT_3-50",
        "A0A1D9MI93_9ACTO_101-145",
        "A0A7L8ZHG8_9CAUD_4-53",
        "B7LBK6_ECO55_32-81",
        "A0A088CPT2_9CAUD_15-63",
        "A0A095TFE8_9GAMM_2-48",
        "A0A7U3VC28_9CAUD_5-54",
        "A0A3D8K181_9BURK_1-49",
        "A0A0N0JBV1_9PROT_1-48",
        "A0A931HF15_9SPHN_1-37",
        "A0A8J7FYB2_9CYAN_10-52",
        "A0A4S1EJY4_9BURK_1-43"
    ],
    "group_b": [
        "A0A2R4ME71_9HYPH_1-51",
        "A0A1Z4N393_9CYAN_4-48",
        "A0A7W7F8L9_9SPHN_1-42",
        "A0A7X0HTC8_9BACI_1-46",
        "A0A975F7U2_9GAMM_1-45",
        "A0A7W6FQT0_9SPHN_3-52",
        "A0A975F7H4_9GAMM_4-49",
        "A0A7G3T6X1_9CAUD_23-70",
        "A0A418LXJ9_9BACL_2-49",
        "A0A6B8KG14_9HYPH_1-47",
        "A0A0K2CYV1_9CAUD_13-61",
        "A0A0H5ARK8_9CAUD_3-44",
        "V2TGK6_9GAMM_1-48",
        "A0A7X3SHN1_9FIRM_2-50",
        "A0A1P8Q2E6_9LACO_1-44",
        "A0A0R2AD98_9LACO_1-45",
        "N8X394_ACIGI_2-49",
        "A0A102D6B3_9SPHN_6-52",
        "A0A2L0VMY5_9SPHN_5-46",
        "A0A220VZD4_9CAUD_23-70",
        "A0A4U1L3B7_9SPHN_76-119",
        "A0A1U7ML40_9FIRM_2-48",
        "A0A259UTQ6_9FIRM_2-49",
        "S5MBR2_9CAUD_7-51",
        "A0A7X0RV28_9BACL_2-54",
        "A0A0T1XNP9_9HYPH_1-47",
        "A0A926T3I1_9CYAN_8-46",
        "A0A934T1P9_9BURK_1-46",
        "A0A2U8I4U4_9GAMM_4-52",
        "A0A2I5T8G3_SERS3_6-49",
        "A0A4Y3VML2_9ACTN_1-45",
        "A0A4P6JUT8_KTERU_6-51",
        "A0A8J3I8W2_9CHLR_1-46",
        "A0A7U6KR22_9GAMM_2-46",
        "A0A1T4XBM0_9GAMM_5-48",
        "A0A7X6MZT8_9LACO_2-49",
        "A0A923MES6_9FIRM_2-55",
        "A0A0R1RG15_9LACO_2-48",
        "R9MSK6_9FIRM_2-50",
        "A0A147EB20_9SPHN_1-50",
        "A0A418SRV2_9RHOB_7-55",
        "A0A347WD97_9PROT_4-49"
    ],
    "folder_path": "/Users/idan_shabo/Documents/Thesis/pipeline_outputs/PF03869_outputs/sequence_embeddings/subfamily_29/significant_splits/rank1"
}