{
    "subfamily": 1,
    "rank": 4,
    "node_name": "0.852",
    "lambda_obs": 10203.3349609375,
    "p_adj": 0.000999000999000999,
    "group_a": [
        "A0A6P7LD20_BETSP_37-440",
        "A0A8C9WU21_SANLU_1-393",
        "A0A3P9MXB1_POERE_1-405",
        "A0A3B3H8A3_ORYLA_1-370",
        "A0A4W4GRM9_ELEEL_1-390",
        "A0A6A5EW90_PERFL_16-419",
        "A0A6J2WHD4_CHACN_1-391",
        "A0AAD9FLE6_DISEL_1-404",
        "A0A8C2ZRZ6_CYCLU_1-387",
        "A0A3B4ZQJ8_9TELE_1-405",
        "A0AAD8ZGN9_9TELE_1-310",
        "A0A3Q4GP99_NEOBR_1-389",
        "A0A7N8XY06_9TELE_68-472",
        "A0AA88NB38_TACVA_1-404",
        "A0A8P4GI79_DICLA_1-405",
        "A0A3Q1IHM9_ANATE_1-392",
        "A0A5C6PQ49_9TELE_1-404",
        "A0A665TYF0_ECHNA_1-400",
        "A0A8C7YJ70_9TELE_21-425",
        "A0A8C6GQI5_MUSSI_1-111",
        "A0A315W6Y6_GAMAF_156-562",
        "A0AAD5B726_SILAS_1-405",
        "A0A3Q1JUM0_ANATE_1-405",
        "A0A7J5Y298_DISMA_9-256",
        "H2THF6_TAKRU_1-404",
        "A0A8J4TK77_CLAMG_1-374",
        "A0AAE0R4R4_9TELE_152-440",
        "A0A6G0J6M0_LARCR_1-406",
        "A0A6G1PXT3_9TELE_1-405",
        "A0A668SKK8_OREAU_1-405",
        "A0A665TYG0_ECHNA_1-396",
        "A0A3Q1ECY3_9TELE_1-405",
        "A0A4W6CKN9_LATCA_1-378",
        "A0A484CV72_PERFV_15-419",
        "M3ZQ53_XIPMA_1-405",
        "A0AA88MMT2_CHASR_1-405",
        "A0A3S2NW30_ORYJA_1-405",
        "A0AAQ4PB29_GASAC_1-387",
        "A0A4Z2FA17_9TELE_1-154",
        "A0A834FQI7_ORYME_1-405",
        "H3D8W8_TETNG_1-406",
        "A0A8C6TWR4_9GOBI_49-416",
        "A0A8C2ZUJ8_CYCLU_1-398",
        "A0A8J6A697_GALPY_305-410",
        "A0A9N7TRH2_PLEPL_1-405",
        "A0A2I4C2G7_AUSLI_153-373",
        "A0A3P8VNJ8_CYNSE_1-403",
        "A0A665TXT2_ECHNA_1-389",
        "A0AAD3NAB2_LATJO_1-97",
        "A0A3Q2E8S9_CYPVA_1-405",
        "A0A8C4IUB6_DICLA_1-400",
        "A0AAD3N3W6_LATJO_1-325",
        "I3KGD8_ORENI_1-389",
        "A0A3P9AZC7_9CICH_1-405",
        "A0A9Y3QX80_9CICH_1-405",
        "A0A6I9PQB5_9TELE_1-255",
        "H2MU81_ORYLA_21-425",
        "A0A4U5TZJ9_COLLU_208-450",
        "A0A668AQQ5_9TELE_1-397",
        "A0A4W6CKN8_LATCA_1-384",
        "A0A8C9WTZ7_SANLU_1-390",
        "A0A671WBK5_SPAAU_1-405",
        "A0A3P9MX98_POERE_37-441",
        "A0AAD6FFG0_9TELE_1-404",
        "A0A6J2RXQ0_COTGO_1-404",
        "A0A8S4AC69_9TELE_1-405",
        "A0A087XAT7_POEFO_1-405",
        "A0A3Q3M4Y3_9TELE_1-390",
        "A0A672JU67_SALFA_1-399",
        "A0AAY4DSQ6_9TELE_1-405",
        "A0A8C5GER9_GOUWI_1-405",
        "A0A4U5U025_COLLU_1-406",
        "A0A7N9AS89_9TELE_1-403",
        "A0A7J5Y298_DISMA_251-330",
        "A0A3Q3M502_9TELE_1-393",
        "A0A8T0BWU6_SILME_1-405",
        "A0A3Q3XP30_MOLML_1-391",
        "G3NIA4_GASAC_1-404",
        "A0A8C4ZCX4_GADMO_71-477",
        "A0A6P7HLN3_9TELE_1-405",
        "A0A3Q3B428_KRYMA_1-405",
        "A0A9D3P1W0_9TELE_461-843",
        "A0AAQ4RNH2_GASAC_1-398",
        "A0A673AT81_9TELE_1-397",
        "A0A5J5D616_9PERO_1-371",
        "A0A3Q3FWJ8_9LABR_49-453",
        "A0A668AKB2_9TELE_1-405",
        "A0A2I4C2C4_AUSLI_1-404",
        "A0A2I4C2G7_AUSLI_1-155",
        "A0A8C7YGC2_9TELE_153-374",
        "A0A4Z2FA60_9TELE_1-114",
        "A0A7M7P7W8_STRPU_1-168",
        "A0A8C6NQN3_NOTFU_1-392",
        "A0A8C7YE33_9TELE_1-389",
        "A0A8C4P0C2_DICLA_1-371",
        "A0A8C5GED5_GOUWI_1-403",
        "A0AAQ4RIJ9_GASAC_1-390",
        "A0A4Z2CJ36_9TELE_1-392",
        "W5K1T9_ASTMX_1-392",
        "A0A3P8UEX0_AMPPE_1-390",
        "A0A672JQA7_SALFA_1-385",
        "A0A3Q2W780_HAPBU_1-405",
        "A0AAE0R4R4_9TELE_1-154",
        "A0A6P8TXR3_GYMAC_1-404",
        "A0A9Q0I9S0_9TELE_1-218",
        "A0A2U9C9Q9_SCOMX_1-405"
    ],
    "group_b": [
        "A0A8C1HPY3_CYPCA_1-401",
        "A0A6F9CF87_9TELE_147-375",
        "A0A0P7U8N1_SCLFO_1-389",
        "A0A1S3NY38_SALSA_2-410",
        "A0A4U5TZJ9_COLLU_1-168",
        "A0A8C1M8F7_CYPCA_1-401",
        "A0A8C7CXX9_ONCKI_1-395",
        "A0A8C7FW65_ONCKI_2-406",
        "A0A672RPN2_SINGR_1-384",
        "A0A9D3MR23_ANGAN_1-405",
        "A0A9D3T286_MEGAT_1-385",
        "A0A8C7CNM8_ONCKI_2-410",
        "A0A6F9CF87_9TELE_2-152",
        "A0A6P3VT32_CLUHA_1-407",
        "A0A8C8EL51_ONCTS_2-406",
        "A0A8C8IXH0_ONCTS_2-396",
        "A0A673WYB0_SALTR_1-400",
        "A0AAD7SRV4_9TELE_1-407",
        "A0A6F9AYW9_9TELE_76-288",
        "A0A6Q2XWU8_ESOLU_1-403",
        "A0A8C8IZW7_ONCTS_2-410",
        "A0A673WRD8_SALTR_1-407",
        "A0A8C8CMH7_ONCTS_1-402",
        "A0A673X2C9_SALTR_1-400",
        "A0A9W8C6H3_TRIRA_1-403",
        "A0A8U1F5C4_SALNM_1-409",
        "A0A8C8CEX6_ONCTS_2-403",
        "A0A4W5KFI2_9TELE_1-395",
        "A0A1S3PPG6_SALSA_3-329",
        "A0A5A9P3M6_9TELE_1-403",
        "A0A8C8CKU1_ONCTS_1-389",
        "A0A673X0V6_SALTR_2-410",
        "A0A8C1DR98_CYPCA_1-383",
        "A0A9Q1IUC7_SYNKA_1-405",
        "A0A1S3PPG1_SALSA_2-410",
        "A0A060W029_ONCMY_11-236",
        "A0A6Q2ZGI1_ESOLU_2-409",
        "A0A672RNZ2_SINGR_1-401",
        "A0A8M3AWB8_DANRE_1-402",
        "A0A8C7FU46_ONCKI_2-403",
        "A0A6F9AYW9_9TELE_6-78",
        "A0A8U1C7A2_SALNM_1-409",
        "A0A7J6CNM4_9TELE_1-318",
        "A0A4W5PZC5_9TELE_2-410",
        "A0A6P6Q006_CARAU_1-401",
        "A0A8C8CKD7_ONCTS_1-400",
        "A0A8C7FW75_ONCKI_1-400",
        "A0A8T3CJV1_9TELE_1-391",
        "A0A673MKU3_9TELE_1-401",
        "A0A8T2MYK1_9TELE_1-368",
        "A0A0P7VW23_SCLFO_1-405",
        "A0AA88Q426_9TELE_1-403",
        "A0A060WWQ8_ONCMY_1-395",
        "A0A8C7YGC2_9TELE_1-155",
        "A0A671T368_9TELE_1-401",
        "A0A8C7CKK5_ONCKI_1-396",
        "A0A8C1M9G2_CYPCA_1-390"
    ],
    "folder_path": "/Users/idan_shabo/Documents/Thesis/pipeline_outputs/PF02101_outputs/structure_embeddings/subfamily_1/significant_splits/rank4"
}