{
    "subfamily": 2,
    "rank": 2,
    "node_name": "0.931",
    "lambda_obs": 29845.359375,
    "p_adj": 0.000999000999000999,
    "group_a": [
        "A0AAQ4PPW6_GASAC_2-133",
        "A0A7J5YCU8_DISMA_23-153",
        "A0A8C8MGM8_ONCTS_2-81",
        "A0A6P7PFM5_BETSP_1-114",
        "A0A3S2MQ31_ORYJA_24-155",
        "A0A8C5C5X7_GADMO_2-130",
        "A0A3P8YKL4_ESOLU_2-130",
        "A0A4W5NGU6_9TELE_2-131",
        "A0A4W5NWG1_9TELE_43-97",
        "A0A6J2QYE8_COTGO_2-133",
        "A0A6F9CL03_9TELE_2-133",
        "A0A8C7GCW2_ONCKI_2-133",
        "A0A6F9CGW0_9TELE_2-79",
        "A0A4W5NP99_9TELE_2-133",
        "A0A8U0TVD7_SALNM_2-133",
        "A0A2I4AJK0_AUSLI_2-135",
        "A0A8C6U433_9GOBI_2-142",
        "A0A668SY64_OREAU_2-133",
        "A0AAD9FIV1_DISEL_2-132",
        "A0A3Q3WCG8_MOLML_5-133",
        "A0AAY5L8P0_ESOLU_2-133",
        "A0A673XS43_SALTR_2-133",
        "A0AAZ3PCD1_ONCTS_2-131",
        "A0A3Q3WCG3_MOLML_9-132",
        "A0A8S4BPG6_9TELE_2-133",
        "A0A3Q1H8Q4_ANATE_2-133",
        "A0A6Q2Z3J1_ESOLU_10-132",
        "A0A3B5AEN5_9TELE_2-131",
        "A0A8C7XDA0_9TELE_83-214",
        "A0A1S3T1K1_SALSA_2-133",
        "A0A3Q2ZRQ7_KRYMA_2-135",
        "A0A5J5DLX6_9PERO_20-151",
        "A0A6I9P1Z5_9TELE_20-143",
        "A0A6G0IW23_LARCR_2-133",
        "A0A4W6CLY4_LATCA_2-133",
        "A0A3P8UPF1_CYNSE_2-133",
        "A0A673A1N3_9TELE_2-133",
        "A0A8C9ZL30_SANLU_2-133",
        "A0AAD6B1H5_9TELE_2-132",
        "A0A484DHX7_PERFV_2-133",
        "A0A8C4DCF1_DICLA_2-133",
        "A0A8C5DZY6_GOUWI_2-133",
        "A0A672HY93_SALFA_12-76",
        "A0A3Q2V4B7_HAPBU_2-133",
        "A0A3Q3VUH9_MOLML_10-133",
        "A0A8C7F6J2_ONCKI_2-133",
        "A0AA88N1U0_CHASR_2-133",
        "A0A3P8SEH6_AMPPE_2-133",
        "A0A4W6CLU4_LATCA_2-133",
        "A0A9Y4MVN6_9TELE_2-75",
        "A0A8C7D7X5_ONCKI_11-137",
        "A0AAZ1XZJ9_OREAU_2-133",
        "A0A674CUT4_SALTR_2-133",
        "A0A9N7VT94_PLEPL_2-133",
        "A0A1S3NTH4_SALSA_2-133",
        "A0A6P7PCJ2_BETSP_2-133",
        "A0A6P7JFE6_9TELE_2-132",
        "A0A672FPG6_SALFA_2-133",
        "A0A8U0P2J6_SALNM_2-133",
        "A0A3B4GU41_9CICH_2-133",
        "A0A060XEC3_ONCMY_2-133",
        "A0A8C3A8F0_CYCLU_2-133",
        "A0A7N8XD16_9TELE_2-133",
        "A0A673XS25_SALTR_2-133",
        "A0A3B3IM42_ORYLA_83-214",
        "A0A671TGJ9_SPAAU_2-133",
        "A0A6G1PQJ7_9TELE_2-133",
        "A0A3Q3GPW3_9LABR_26-156",
        "A0A8C6PD47_NOTFU_2-133",
        "A0A3P9AUY8_9CICH_2-133",
        "A0A8C6PC59_NOTFU_2-133",
        "A0A672HYE2_SALFA_2-133",
        "A0AAD3MG77_LATJO_19-150",
        "A0A8C5DQU7_GOUWI_2-133",
        "A0A4Z2H9R3_9TELE_1-63",
        "A0A1S3T1I0_SALSA_1-114",
        "A0A665TCF8_ECHNA_2-133",
        "I3JGV1_ORENI_2-133",
        "A0A672HX57_SALFA_2-133",
        "A0A668AXK0_9TELE_2-133",
        "A0A672HYM0_SALFA_9-131",
        "A0A6P8TEE6_GYMAC_2-132",
        "A0A6A5FPZ8_PERFL_2-133",
        "A0A9Q0DK91_9TELE_2-132",
        "A0A5C6PCE8_9TELE_2-132",
        "A0A3Q1GCR5_9TELE_2-133",
        "A0A060Y2J3_ONCMY_2-133",
        "A0A3Q3W456_MOLML_5-125",
        "A0A3Q4GG52_NEOBR_2-133",
        "A0A3Q3EY58_KRYMA_2-135",
        "A0A2U9AX41_SCOMX_2-133"
    ],
    "group_b": [
        "A0A4D9F496_9SAUR_9-131",
        "A0A7J7TK81_PIPKU_2-130",
        "A0A2U3YWR5_LEPWE_9-70",
        "A0A8D0DNH5_SALMN_45-175",
        "A0A2Y9IEX5_NEOSC_2-74",
        "A0A8B7VWT7_CASCN_2-105",
        "G1R9G0_NOMLE_2-130",
        "A0A9L0TJI9_HORSE_26-142",
        "A0A9W3EJK4_CAMBA_2-130",
        "A0A8D2B827_SCIVU_2-130",
        "A0A6P6QWV3_CARAU_2-133",
        "A0A8U0MM25_MUSPF_120-245",
        "A0A1A6HYU8_NEOLE_2-130",
        "A0A7J8GD97_ROUAE_2-130",
        "A0AAD1VM75_PELCU_2-130",
        "A0A9Q0XDB7_9SAUR_1-108",
        "A0A7J7T6S6_MYOMY_1-111",
        "A0A8I3S2A8_CANLF_67-187",
        "RT23_MOUSE_2-130",
        "A0A6P6BMC0_PTEVA_2-130",
        "A0A1U8DJP0_ALLSI_110-234",
        "A0A673V2H5_SURSU_2-130",
        "A0AA35PR63_9SAUR_2-132",
        "A0A8C2VSZ0_CHILA_2-130",
        "A0A6P3FGE7_OCTDE_2-130",
        "A0A9L0SWW5_HORSE_62-187",
        "A0A3N0XWF3_ANAGA_1086-1177",
        "A0A9B0WHD7_CHRAS_2-130",
        "A0A671KBG9_9TELE_2-133",
        "A0A5F9CUZ2_RABIT_2-130",
        "A0A803TR71_ANOCA_2-132",
        "S7N6E5_MYOBR_282-398",
        "A0A6J0ABP7_ACIJB_2-130",
        "A0A2Y9FXH9_TRIMA_2-130",
        "A0A6P3R907_PTEVA_2-130",
        "A0A6P5DJE9_BOSIN_14-139",
        "A0A4W4F0B7_ELEEL_12-133",
        "A0A5E4B9H0_MARMO_2-130",
        "A0A6P8NLX2_GEOSA_51-149",
        "A0A1U7QZ15_MESAU_2-130",
        "E9QDB6_DANRE_2-132",
        "F6W7L3_XENTR_2-132",
        "I0FN04_MACMU_2-130",
        "A0A2K5KWR8_CERAT_2-130",
        "A0A383ZMS9_BALAS_2-130",
        "A0A6P6N6A6_CARAU_2-133",
        "A0A671KQV0_9TELE_15-73",
        "A0A2Y9K6W9_ENHLU_2-130",
        "A0A2K6AH80_MANLE_1-102",
        "A0A671MKQ3_9TELE_1-75",
        "A0A8B7QWF2_HIPAR_2-130",
        "A0A8C9L4F0_PANTA_1-129",
        "G1PAR0_MYOLU_2-130",
        "A0A2K5JD21_COLAP_2-130",
        "A7M7Q8_MOUSE_1-111",
        "A0A8C8Z8F5_PROSS_2-130",
        "A0A6J0Y9V5_ODOVR_2-130",
        "A0A6I9ILV0_VICPA_2-130",
        "A0A6P3I9L2_BISBB_2-130",
        "A0A0P7YH94_SCLFO_3-134",
        "A0A2K5YAJ9_MANLE_2-130",
        "A0A485P3K0_LYNPA_17-143",
        "A0A2U3V0T7_TURTR_2-130",
        "Q6DEM0_DANRE_2-132",
        "A0A5A9MYJ6_9TELE_2-133",
        "M7CAL3_CHEMY_353-472",
        "A0A9L0TGN8_HORSE_28-147",
        "A0AA40HHH3_CNENI_2-130",
        "A0AAD8G060_ACIOX_2-132",
        "A0A8C6DP36_MOSMO_2-130",
        "A0A674JGR0_9SAUR_2-132",
        "A0A670K346_PODMU_2-132",
        "A0A2K6AXW4_MACNE_2-116",
        "A0A6J0Y9H1_ODOVR_2-130",
        "A0A7J8D016_MOLMO_2-130",
        "A0A8I6AEU9_RAT_2-100",
        "A0A9L0IX43_EQUAS_62-187",
        "V8NQP4_OPHHA_2-133",
        "A0A6P8PNJ4_GEOSA_1-131",
        "A0A556TRQ8_BAGYA_1042-1115",
        "A0A6I8PFJ7_ORNAN_57-185",
        "A0A8T0B3T6_SILME_2-133",
        "A0A8D2HKK9_UROPR_1-117",
        "A0A5N3X2B0_MUNRE_2-130",
        "A0A8C5K057_JACJA_2-99",
        "A0A8D2B7E3_SCIVU_3-120",
        "A0A6J2VN19_CHACN_2-135",
        "A0A673V4V6_SURSU_2-130",
        "A0A2K5PGK4_CEBIM_2-130",
        "A0A384CG24_URSMA_2-130",
        "A0A8C5RDW6_LATLA_2-132",
        "F7ARZ1_MOUSE_15-73",
        "A0A8T3DEL3_9TELE_2-133",
        "A0A3Q0E1X8_CARSF_2-130",
        "Q5SXC9_MOUSE_2-100",
        "G1SJI6_RABIT_2-130",
        "A0A3Q7T9S2_VULVU_2-130",
        "A0A2K6UD21_SAIBB_2-130",
        "A0A8C6YAJ8_NAJNA_2-133",
        "A0A8C6HWT9_MUSSI_2-100",
        "A0A6P7WVH5_9AMPH_2-132",
        "A0A8D0G7V4_SPHPU_2-132",
        "A0A8T2K3B5_9PIPI_2-132",
        "A0A8J0UI92_XENLA_2-132",
        "A0A8C6HW87_MUSSI_2-130",
        "G3VWQ9_SARHA_2-130",
        "A0A2Y9LHY8_DELLE_2-130",
        "A0A8I3WLF9_CALJA_2-129",
        "A0A9Q1HRJ3_CONCO_2-133",
        "A0A7J7EJL5_DICBM_1-115",
        "A0AAD9DKR1_9TELE_14-83",
        "A0A2J8W815_PONAB_2-130",
        "H0VD26_CAVPO_2-130",
        "A0A8D2LX58_VARKO_2-132",
        "A0A9Q1E5Q1_SYNKA_2-137",
        "A0AAD4Y4C9_OVIAM_2-130",
        "A0A8C7B6F9_NEOVI_2-130",
        "L5M6W1_MYODS_2-130",
        "RT23_HUMAN_2-130",
        "A0A6P9CB53_PANGU_2-133",
        "A0A8C8XNN8_PANLE_2-130",
        "A0A2K6GF06_PROCO_2-130",
        "A0A2R8ZCT2_PANPA_2-130",
        "G3RJA4_GORGO_2-130",
        "A0A2K5MNG5_CERAT_5-109",
        "F6QPW3_HORSE_4-121",
        "A0A8C0IWG3_CHEAB_1-131",
        "A0A8C5LKT4_9ANUR_52-180",
        "A0A6J1XBZ1_ACIJB_2-130",
        "A0A9F2QWH3_PYTBI_2-132",
        "A0A3Q7NUC5_CALUR_2-130",
        "A0A8C6A618_MARMA_2-130",
        "A0A6P3IH01_BISBB_2-130",
        "A0A7J7TKC1_PIPKU_2-99",
        "A0A6I9L2G0_PERMB_2-130",
        "A0A9D3NHW7_9TELE_2-133",
        "A0A2K5DID3_AOTNA_2-130",
        "A0A2K5UX56_MACFA_2-130",
        "A0A7J6CC98_9TELE_2-133",
        "A0A8J4X305_CLAMG_1069-1189",
