{
    "subfamily": 17,
    "rank": 1,
    "node_name": "0.387",
    "lambda_obs": 11776.53515625,
    "p_adj": 0.000999000999000999,
    "group_a": [
        "A0A7J9IZV0_9ROSI_617-663",
        "A0A2G2ZJV2_CAPAN_679-725",
        "A0A061EJW6_THECC_679-725",
        "A0A6P6WNN8_COFAR_679-725",
        "A0A6P6WWP2_COFAR_679-725",
        "A0A0B0MA72_GOSAR_679-725",
        "A0A1U8MM61_GOSHI_679-725",
        "A0A3Q7HGI7_SOLLC_679-725",
        "A0A834HE25_RHOSS_600-646",
        "A0A1U8MQU8_GOSHI_616-662",
        "A0A9D3VRU4_9ROSI_679-725",
        "A0A5D3A4Q1_GOSMU_572-618",
        "A0A2G2WUE7_CAPBA_679-725",
        "A0A7J8X280_GOSAI_617-663",
        "A0A022QUE6_ERYGU_679-725",
        "A0A103XHT9_CYNCS_686-732",
        "A0A1U7XJH0_NICSY_543-589",
        "A0A8S0TAP4_OLEEU_572-618",
        "A0A1U7XKS4_NICSY_543-589",
        "A0A0D2REP6_GOSRA_679-725",
        "A0A2I0JXR9_PUNGR_66-112",
        "A0A6A4L5V5_9ERIC_608-654",
        "A0A6A3D4C7_HIBSY_679-725",
        "A0A0D2N776_GOSRA_616-662",
        "A0A061EKJ5_THECC_679-725",
        "A0A8S0TEA2_OLEEU_679-725",
        "A0A1S4AR03_TOBAC_679-725",
        "A0A8J6D9A0_9ROSI_679-725",
        "A0A1S3X4Q8_TOBAC_543-589",
        "A0A1S3X4W0_TOBAC_462-508",
        "A0A7J9L9S2_GOSSC_609-655",
        "A0A8S0TAQ3_OLEEU_679-725",
        "A0A1J6K0B9_NICAT_679-725",
        "A0A5D2VRE0_GOSMU_572-618",
        "A0A2P5XRA8_GOSBA_522-568",
        "A0A2G9HMZ0_9LAMI_396-442",
        "A0A068US17_COFCA_680-726",
        "A0A1U8M9W5_GOSHI_616-662",
        "A0A061ELD1_THECC_393-439",
        "A0A8S0TE69_OLEEU_679-725",
        "A0A1U8M6F8_GOSHI_679-725",
        "A0A2U1PCU4_ARTAN_572-618",
        "A0A9J5Z435_SOLCO_679-725"
    ],
    "group_b": [
        "A0A251VJ53_HELAN_679-725",
        "A0A4U5QC09_POPAL_679-725",
        "A0A1U8B0E4_NELNU_679-725",
        "A0A151SQF0_CAJCA_679-725",
        "A0A6J1CYT2_MOMCH_679-725",
        "A0A8B8PH93_9MYRT_679-725",
        "A0A059ATC1_EUCGR_572-618",
        "A0A6P6AA98_DURZI_679-725",
        "A0A834SQA0_9FABA_318-364",
        "A0A8X8AXC3_POPTO_710-756",
        "A0A6J1AYW8_9ROSI_679-725",
        "A0A6P6AAF1_DURZI_646-692",
        "A0A835JB41_9ROSI_685-731",
        "A0A978V2N5_ZIZJJ_103-149",
        "A0A8T2ZRX4_POPDE_645-691",
        "A0A2I4GJJ6_JUGRE_679-725",
        "A0A7J7HET0_CAMSI_87-133",
        "A0A4S4DK11_CAMSI_108-155",
        "A0A5N6RBW5_9ROSI_679-725",
        "A0A0A0L416_CUCSA_679-725",
        "A0A2P5C3M9_PARAD_679-725",
        "A0A392M355_9FABA_66-113",
        "W9R660_9ROSA_148-194",
        "A0A4S4ETR2_CAMSI_120-167",
        "A0A6P6AAP1_DURZI_679-725",
        "A0A8X8DJN1_POPTO_674-720",
        "V4S618_CITCL_679-725",
        "A0A5A7U014_CUCME_679-725",
        "A0A067L5F8_JATCU_625-671",
        "A0A5C7ITH7_9ROSI_272-318",
        "A0A7J7CWJ3_TRIWF_679-725",
        "A0A6A1VKZ4_9ROSI_679-725",
        "A0A2P5FCG5_TREOI_679-725",
        "A0A6A6LHH3_HEVBR_467-513",
        "A0A6P4A1N9_ZIZJJ_679-725",
        "B9S9Y8_RICCO_679-725",
        "A0A5N5JS49_9ROSI_721-767",
        "A0A6P6AAI7_DURZI_679-725",
        "A0A8T1RMY9_CARIL_679-725",
        "A0A8J4QD38_9ROSI_678-724",
        "A0A5J5BZF3_9ASTE_679-725",
        "B9GFJ5_POPTR_679-725",
        "A0A067DSR6_CITSI_572-618",
        "A0A835DIU1_9MAGN_668-714",
        "A0A7J6FXW3_CANSA_570-616",
        "A0A6J1IVK4_CUCMA_679-725",
        "A0A2H5PML4_CITUN_679-725",
        "A0A4Y7K750_PAPSO_680-726",
        "A0A7J6EF42_CANSA_464-510",
        "A0A1S3AWR7_CUCME_679-725"
    ],
    "folder_path": "/Users/idan_shabo/Documents/Thesis/pipeline_outputs/PF04423_outputs/structure_embeddings/subfamily_17/significant_splits/rank1"
}