{
    "subfamily": 6,
    "rank": 4,
    "node_name": "0.872",
    "lambda_obs": 7024.93359375,
    "p_adj": 0.000999000999000999,
    "group_a": [
        "A0A6J5EAV4_9BURK_672-734",
        "A0A7Z2JGL0_9BURK_720-782",
        "A0A3N6PW26_9BURK_846-906",
        "A0A679I4Y6_9RHOO_539-601",
        "A0A1N6JIC6_9BURK_499-558",
        "A0A6J5EQB4_9BURK_460-522",
        "A0A3N6PW26_9BURK_601-662",
        "ACRAC_CITRI_377-439",
        "ACRAC_CITRI_523-585",
        "A0A6J5EAV4_9BURK_464-526",
        "A0A2J6MKJ0_9BURK_297-358",
        "A0A0G3WJL8_9BACT_274-334",
        "A0A517DSC9_9FIRM_481-536",
        "A0AAJ2AD51_9BURK_673-734",
        "A0A0G3WJ58_9BACT_584-647",
        "A0A562GZJ4_9FIRM_883-938",
        "A0A517DSC9_9FIRM_708-768",
        "A0A4V6WQD5_9BURK_139-201",
        "A0A1N6JIC6_9BURK_650-711",
        "A0A4R0X2T8_9BURK_5-51",
        "A0A517DSC9_9FIRM_954-1011",
        "A0A679I4Y6_9RHOO_272-334",
        "A0A1I3SP18_9BURK_278-334",
        "A0A4U1HZW5_9BURK_475-533",
        "A0A6J5EQB4_9BURK_672-733",
        "A0A1I3SP18_9BURK_462-521",
        "ACRAC_CITRI_175-237",
        "A0A2J6MRY7_9BURK_393-453",
        "A0A562GZJ4_9FIRM_752-810",
        "A0A4R0X2T8_9BURK_62-124",
        "A0A1N6JIC6_9BURK_913-975",
        "ACRAC_CITRI_726-777",
        "A0A562GZJ4_9FIRM_971-1028",
        "A0A679I4Y6_9RHOO_1555-1618",
        "A0A6J5EAV4_9BURK_783-845",
        "A0A0G3WJL8_9BACT_903-979",
        "A0A1D9H863_9BURK_789-851",
        "A0A679I4Y6_9RHOO_462-524",
        "A0A3D8K2W5_9BURK_527-589",
        "A0AAJ2AD51_9BURK_1186-1248",
        "A0A3N6PW26_9BURK_484-548",
        "A0A7Z2JGL0_9BURK_2516-2578",
        "A0A6J5EQB4_9BURK_782-844",
        "A0A7Z2JGL0_9BURK_265-327",
        "A0A6J5EAV4_9BURK_564-623",
        "A0A4R0X3E2_9BURK_225-281",
        "A0A517DSC9_9FIRM_571-626",
        "A0AAJ2AD51_9BURK_580-642",
        "A0A517DSC9_9FIRM_637-697",
        "A0A562GZJ4_9FIRM_538-597",
        "A0A7Z2JGL0_9BURK_1323-1386",
        "A0A3D8K2W5_9BURK_246-308",
        "A0AAJ2AD51_9BURK_1950-2011",
        "ACRAC_CITRI_596-659",
        "A0A562GZJ4_9FIRM_632-685",
        "A0A562GZJ4_9FIRM_443-502",
        "A0AAJ2AD51_9BURK_2378-2433",
        "A0A4U1HZW5_9BURK_289-346",
        "A0A679I4Y6_9RHOO_729-791",
        "A0A1D9H863_9BURK_190-252",
        "A0A6J5EQB4_9BURK_557-618",
        "ACRAC_CITRI_66-107",
        "A0A562GZJ4_9FIRM_355-412",
        "A0A2J6MRY7_9BURK_207-266",
        "A0AAJ2AD51_9BURK_1514-1572",
        "A0A4R0X3E2_9BURK_115-173",
        "A0A4R0X3E2_9BURK_17-80",
        "ACRAC_CITRI_248-310",
        "A0A517DSC9_9FIRM_1065-1120",
        "A0A7Z2JGL0_9BURK_2107-2168",
        "A0A1D9H863_9BURK_282-344",
        "A0A7Z2JGL0_9BURK_1652-1714",
        "A0A7Z2JGL0_9BURK_813-881",
        "ACRAC_CITRI_450-520"
    ],
    "group_b": [
        "C3X5P1_9BURK_592-646",
        "A0AA35Y348_9PROT_266-317",
        "A0A967B828_9PROT_964-1014",
        "A0A511XMA4_9PROT_2187-2230",
        "A0A964DYJ1_9PROT_514-572",
        "ACRAC_CITRI_325-384",
        "A0A511XJE9_9PROT_191-244",
        "A0A248KG80_9ENTR_87-147",
        "A0A0H3JDL6_ECO57_255-313",
        "A0A963YWH8_9PROT_145-201",
        "A0A511XDZ9_9PROT_190-252",
        "A0A4R0X3E2_9BURK_163-214",
        "A0A967EDD8_9PROT_222-275",
        "A0A0H2V731_ECOL6_305-364",
        "A0A0D6MK45_9PROT_188-248",
        "A0A963YP82_9PROT_136-189",
        "A0AA35UHC8_9PROT_82-133",
        "M1S6U1_MORMO_134-186",
        "A0A1C4D9W4_9ENTR_720-780",
        "A0A6J5EAV4_9BURK_610-660",
        "A0A0A6ZRF2_SHIDY_92-145",
        "A0A807LL42_9ENTR_722-780",
        "A0A2C6CT81_9GAMM_139-191",
        "A0AAJ2AD51_9BURK_431-493",
        "Q32H50_SHIDS_224-277",
        "A0A1U9KE79_ACEAC_191-249",
        "Q32H48_SHIDS_168-221",
        "A0A427K741_9GAMM_52-103",
        "A0A0A6ZRF0_SHIDY_183-237",
        "YPJA_ECOLI_820-873",
        "A0A0H3JNA0_ECO57_820-873"
    ],
    "folder_path": "/content/drive/MyDrive/Thesis/protein_data/PF16168_outputs/structure_embeddings/subfamily_6/significant_splits/rank4"
}