{
    "subfamily": 7,
    "rank": 2,
    "node_name": "0.898",
    "lambda_obs": 9687.904296875,
    "p_adj": 0.000999000999000999,
    "group_a": [
        "A0A913X388_EXADI_6-392",
        "A0A9J7HNG9_BRAFL_1-258",
        "A0A8W8JLZ0_MAGGI_1-363",
        "A0A1X7V8B4_AMPQE_1-346",
        "A0A6P8H2H1_ACTTE_185-357",
        "A0A8B6E833_MYTGA_26-350",
        "A0A6P8IZ43_ACTTE_10-293",
        "A7RKB4_NEMVE_1-375",
        "A0A8S3RLM7_MYTED_26-224",
        "A0A8B8EWS6_CRAVI_1-278",
        "A0A913X2I2_EXADI_16-249",
        "V4A951_LOTGI_1-358",
        "A0A6P8J4M6_ACTTE_11-322",
        "A0A9W9Z0P0_9CNID_3-301",
        "A0A8B8EXZ9_CRAVI_1-359",
        "C3Z4T4_BRAFL_1-316",
        "A0A210R5L8_MIZYE_18-345",
        "A0AAE0TAB9_9BIVA_1-265",
        "A0A8W8JMZ4_MAGGI_4-347",
        "R7UGY9_CAPTE_97-264",
        "A0A210Q1E6_MIZYE_1-360",
        "A0A8J9ZTD2_BRALA_1-324",
        "A0A6P5AGD0_BRABE_1-319",
        "A0A8W8JSJ1_MAGGI_5-308",
        "A0A6J8AZD3_MYTCO_43-170",
        "A0A6J8AZ91_MYTCO_1-231",
        "A0AA89BJM4_PINIB_1-352",
        "R7U5Y3_CAPTE_1-323",
        "A0A812CE34_ACAPH_41-249",
        "A0AAD9Q9C8_ACRCE_8-337",
        "A0A8S3UBT2_MYTED_26-224",
        "A0A7D9J324_PARCT_30-154",
        "A0A8B6HFL4_MYTGA_26-350",
        "A0A9D4NCK4_DREPO_3-284",
        "V4B724_LOTGI_157-377",
        "A0A6P7TXY2_OCTVU_1-152"
    ],
    "group_b": [
        "A0A8T2JV80_9PIPI_1-316",
        "A0A2G8JGB3_STIJA_1-156",
        "A0A2I0ULT0_LIMLA_80-116",
        "A0A444UC02_ACIRT_1-89",
        "Q6GNW6_XENLA_1-393",
        "A0A9Q1CCI5_HOLLE_1-364",
        "A0A8C4QZK2_EPTBU_1-156",
        "A0A8J0Q445_XENLA_1-346",
        "A0A8C5LJY3_9ANUR_22-416",
        "B0BLR5_XENTR_1-359",
        "A0A8C4SJQ0_ERPCA_1-405",
        "A0A9Q0IC24_9TELE_1-87",
        "A0A4D9EV46_9SAUR_1-160",
        "A0AAD8G2V8_ACIOX_1-391",
        "W5MVF9_LEPOC_5-409",
        "A0A444UC02_ACIRT_85-284",
        "A0A8C5RKW2_LATLA_17-247",
        "A0A8J1MBH3_XENLA_1-195",
        "V8NRQ0_OPHHA_3-95",
        "A0A8C4SK62_ERPCA_1-405",
        "A0A8J0UCM5_XENLA_153-373",
        "Q0IHH8_XENLA_1-394",
        "A0A4W3KE49_CALMI_1-401",
        "A0A8C5LN44_9ANUR_22-410",
        "A0A7D9L499_PARCT_2-146",
        "A0A803KBU3_XENTR_13-348",
        "A0A8C4SKY6_ERPCA_1-406",
        "H3AY89_LATCH_1-404",
        "A0A8J0T4Y8_XENTR_1-288",
        "A0A8T2K0R8_9PIPI_1-315",
        "A0A8T2JX58_9PIPI_126-283",
        "A0A401SQU1_CHIPU_1-404",
        "A0A8C5LPZ6_9ANUR_22-425",
        "A0A8B7XY04_ACAPL_1-362",
        "A0A8C5PP54_9ANUR_1-343",
        "A0A2G8LJX6_STIJA_7-82",
        "A0A8X7WXA2_POLSE_1-123",
        "A0A8C4SPL3_ERPCA_1-392",
        "A0A1L8HF11_XENLA_1-404",
        "A0A8C7E0P7_NAJNA_30-177",
        "A0AAD8LJF2_ACIOX_1-405",
        "A0A8C4R265_EPTBU_1-309",
        "A0A444V7H8_ACIRT_120-220",
        "A0A444UVS1_ACIRT_1-164",
        "A0A8T2JX58_9PIPI_1-130",
        "A0A8J0UFA1_XENLA_1-396",
        "A0A6P8RJW6_GEOSA_1-405",
        "A0A8C4SLD4_ERPCA_1-366",
        "A0AA97K5E8_EUBMA_1-342",
        "A0AAD8G7H9_ACIOX_1-393",
        "A0AAD1QZ93_PELCU_1-404",
        "A0A7M7P6E3_STRPU_41-175",
        "A0A8J0UCM5_XENLA_1-155",
        "A0A8B7XY05_ACAPL_1-364",
        "A0A8C5LKT1_9ANUR_22-403",
        "A0A8J0SUT4_XENTR_10-298",
        "A0A444V7H8_ACIRT_1-123",
        "A0A8X7WXA2_POLSE_122-224",
        "A0A8C4R368_EPTBU_1-399",
        "A0A8J6FCT5_ELECQ_1-396",
        "A0A8T2JZG4_9PIPI_1-292",
        "A0A1L8H6L3_XENLA_1-404",
        "A0A8J7NVK6_ATRSP_5-409",
        "A0A401PI31_SCYTO_1-299",
        "A0A7M5XJ37_9CNID_179-356",
        "A0A9D3WM31_9SAUR_1-329",
        "A0A9Q1HF54_HOLLE_40-369",
        "A0A8C4R0A2_EPTBU_1-382",
        "A0A914BG91_PATMI_1-374",
        "Q63ZZ9_XENTR_1-394",
        "A0A8C4QZK2_EPTBU_153-333",
        "A0A6P7XQ45_9AMPH_39-443",
        "A0A0Q3R7F8_AMAAE_18-122",
        "A0A4W3K138_CALMI_1-378",
        "A0A6I8PRL9_XENTR_1-404",
        "A0A8J1JXY6_XENTR_1-291",
        "A0A4D9EV46_9SAUR_155-291",
        "A0A8C4SK69_ERPCA_1-387",
        "A0A8J6FE27_ELECQ_1-404",
        "A0AAD1R054_PELCU_1-417"
    ],
    "folder_path": "/Users/idan_shabo/Documents/Thesis/pipeline_outputs/PF02101_outputs/sequence_embeddings/subfamily_7/significant_splits/rank2"
}