{
    "subfamily": 20,
    "rank": 1,
    "node_name": "0.657",
    "lambda_obs": 10252.3740234375,
    "p_adj": 0.000999000999000999,
    "group_a": [
        "I1HBL8_BRADI_77-104",
        "A0A4U6WCM6_SETVI_138-162",
        "A0A0E0FFP3_ORYNI_142-164",
        "A0A4U6WD51_SETVI_100-124",
        "A0A0D9UW87_9ORYZ_135-157",
        "A0A0E0BWE9_9ORYZ_154-176",
        "A0A0D9UWC0_9ORYZ_171-194",
        "A0A0D9Y2Q8_9ORYZ_147-169",
        "A0A0E0MQV8_ORYRU_146-168",
        "A0A0D3EJ60_9ORYZ_147-169",
        "K3YWN1_SETIT_100-124",
        "A0A4U6UBE4_SETVI_88-111",
        "IBB2_SETIT_34-57",
        "J3KW15_ORYBR_179-201",
        "A0A2T7DQI2_9POAL_73-97",
        "A0A0D9UWB9_9ORYZ_160-183",
        "A0A0E0JDK9_ORYPU_155-177",
        "Q9FTR9_ORYSJ_147-169",
        "A0A0Q3Q415_BRADI_120-144",
        "IBB3_SETIT_34-57",
        "A2WK77_ORYSI_147-169",
        "A0A3L6SKV8_PANMI_128-152",
        "A0A3L6R1Q5_PANMI_73-97",
        "A0A6G1E131_9ORYZ_134-156"
    ],
    "group_b": [
        "A0A8T0Q2W0_PANVG_136-159",
        "Q7FU57_MAIZE_70-98",
        "K3YAC0_SETIT_140-163",
        "A0A811R1S5_9POAL_138-163",
        "IBBWP_MAIZE_70-98",
        "A0A811R260_9POAL_367-392",
        "A0A9W7XB50_9POAL_141-163",
        "A0A8T0QJC2_PANVG_182-204",
        "A0A804MEN1_MAIZE_167-192",
        "A0A6G1E1K0_9ORYZ_69-94",
        "A0A811QRW4_9POAL_147-169",
        "A2WKA8_ORYSI_69-94",
        "A0A9W8CED2_9POAL_142-164",
        "I1HBP1_BRADI_68-93",
        "A0A0D3EJ94_9ORYZ_69-94",
        "A0A8J5RGW7_ZIZPA_72-97",
        "A0A811QYK9_9POAL_147-172",
        "A0A0E0BWJ1_9ORYZ_69-94",
        "J3KW43_ORYBR_69-94",
        "A0A1E5WMB2_9POAL_146-168",
        "Q9LGB2_ORYSJ_69-94",
        "A0A0E0FFS6_ORYNI_69-92",
        "A0A0E0MQZ2_ORYRU_69-92",
        "A0A0D9Y2T7_9ORYZ_69-94",
        "A0A0E0JDP0_ORYPU_69-94",
        "A0A4U6TW02_SETVI_140-163",
        "A0A0D9UWE9_9ORYZ_69-94",
        "A0A9D4XZ15_PEA_57-80",
        "A0A9W7X6X1_9POAL_141-163",
        "A0A6G1DZZ1_9ORYZ_64-89",
        "A0A2T7CWI4_9POAL_144-166",
        "A0A811R0T5_9POAL_147-172",
        "A0A804MEM9_MAIZE_139-161",
        "A0A0E0JDN9_ORYPU_70-95",
        "A0A3L6Q8N5_PANMI_136-158",
        "C0PNX6_MAIZE_141-166"
    ],
    "folder_path": "/content/drive/MyDrive/Thesis/protein_data/PF00228_outputs/structure_embeddings/subfamily_20/significant_splits/rank1"
}