{
    "subfamily": 1,
    "rank": 1,
    "node_name": "0.653",
    "lambda_obs": 20654.5234375,
    "p_adj": 0.000999000999000999,
    "group_a": [
        "A0A202EDT9_9EURY_15-343",
        "A0A2B7H0Q7_9EURY_15-222",
        "A0A8J7ZDC3_9EURY_15-344",
        "A0A8J8PYC9_9EURY_15-334",
        "A0A2B7H0Q7_9EURY_251-362",
        "L0I8Q3_HALRX_15-353",
        "A0A1H5ZB95_9EURY_224-350",
        "A0A1S8AWV0_9EURY_15-355",
        "A0A285N7M8_NATPI_15-339",
        "L9VYV8_9EURY_15-340",
        "M0C2Z5_9EURY_15-347",
        "A0A1N6X850_9EURY_15-216",
        "F8D859_HALXS_16-315",
        "A0A1N6X850_9EURY_282-389",
        "M0LTA9_9EURY_15-360",
        "A0A897MPT1_9EURY_15-341",
        "D3SU63_NATMM_15-337",
        "A0A7D5H516_9EURY_15-222",
        "A0A4S3TNH1_9EURY_15-338",
        "A0A7D5H516_9EURY_254-366",
        "A0A5D5AMH4_9EURY_15-350",
        "A0A1G9TQV3_9EURY_15-330",
        "L9XKE2_9EURY_276-383",
        "A0A063ZNQ5_9EURY_15-336",
        "L0AN61_NATGS_15-350",
        "L0JXM6_9EURY_15-327",
        "A0A6B0VSM3_9EURY_15-218",
        "A0A346PQX3_9EURY_46-381",
        "W0JQK6_9EURY_15-350",
        "A0A1I0QXS1_9EURY_15-348",
        "L9ZQF4_NATA2_15-349",
        "A0A3N6LLN4_9EURY_15-337",
        "A0A151AC88_9EURY_15-314",
        "A0A2Z2HWV3_9EURY_15-333",
        "M0ATI4_NATA1_15-337",
        "A0A9Y1Z695_9EURY_15-325",
        "M0C350_9EURY_15-334",
        "L9XKE2_9EURY_15-219",
        "A0A1U7EXQ5_NATPD_236-359",
        "M0LAM9_HALLS_15-348",
        "A0A6B0VSM3_9EURY_258-372",
        "A0A9E7N924_9EURY_15-363"
    ],
    "group_b": [
        "A0A8T9VLR2_9EURY_11-285",
        "B5IDR8_ACIB4_12-282",
        "A0A4U7F4H3_9EURY_13-334",
        "A0AA90ZEQ3_9ARCH_14-294",
        "H1YWD9_9EURY_15-299",
        "M0CYY5_9EURY_62-374",
        "Q5V5T1_HALMA_15-331",
        "A0A6B0GF00_9EURY_12-330",
        "A0A2R4X131_9EURY_14-339",
        "A0A5N5U2I7_9EURY_12-315",
        "A0A1H5ZB95_9EURY_13-218",
        "A0A2R6T5I2_UNCAD_11-284",
        "A0A0W0GGY9_9CHLR_8-282",
        "A0B7U6_METTP_12-280",
        "D7EBE0_METEZ_18-296",
        "A0AA51UE83_9EURY_18-304",
        "E7QRU8_HALPU_15-334",
        "A0A6B0TB19_9EURY_249-367",
        "A0A518SCH7_9EURY_15-288",
        "A0A365T9W0_9EURY_15-328",
        "A0A8J7ZSY0_9EURY_15-331",
        "I7LK10_METBM_13-296",
        "S0AM70_FERAC_23-297",
        "A0A1Q6DUP6_METT1_15-285",
        "A0A897NMV3_9EURY_7-329",
        "A0A1G8W6U4_9EURY_15-360",
        "A0A1N6X2Q1_9EURY_15-336",
        "Q9HM09_THEAC_1-278",
        "M0DP88_9EURY_13-330",
        "A0A1F2P9V5_9EURY_1-269",
        "A0A521BA97_9EURY_13-322",
        "A0A830ERQ2_9EURY_244-358",
        "A0A1H6T933_9EURY_13-314",
        "D2REP6_ARCPA_3-255",
        "A0A1G9QWT7_9EURY_13-336",
        "F4BZR4_METSG_5-282",
        "A0A498GHI4_9EURY_13-347",
        "A0A830FPB4_9EURY_15-330",
        "V4HFM6_9EURY_2-187",
        "A0A8U0IF93_9EURY_15-344",
        "A0A7D5GXS6_9EURY_18-296",
        "B9LUD3_HALLT_13-328",
        "A0A8G2FVQ8_PICTO_1-272",
        "C7DHX4_MICA2_9-308",
        "A0A554NDW5_9EURY_14-335",
        "A0A6G2FZZ9_9EURY_13-336",
        "A0A1I2N312_9EURY_13-337",
        "H8I6F4_METCZ_14-299",
        "A0A7D5LCW0_9EURY_12-288",
        "A0A7D5E6S5_9EURY_15-327",
        "M0MQG5_9EURY_15-336",
        "A0A218ZQA7_9ARCH_13-294",
        "A0A1U7EXQ5_NATPD_12-220",
        "A2SQC8_METLZ_15-300",
        "V4XYC2_9ARCH_28-229",
        "M0CW11_9EURY_15-362",
        "M0MIZ2_HALMO_15-324",
        "A0A1M5P3U7_9EURY_13-295",
        "A0A238W4C1_HALVU_13-338",
        "A0A1J1ADB9_9EURY_15-307",
        "Q8TIY9_METAC_27-303",
        "A0A1I6GXC5_9EURY_13-315",
        "V4YCB7_9ARCH_13-320",
        "B8GI98_METPE_23-305",
        "A0A8U0A3J5_9EURY_13-321",
        "A0A1D2R4H8_9ARCH_11-189",
        "A0A0E3NUM9_9EURY_5-282",
        "A0A7D5K632_9EURY_13-330",
        "V4XVT8_9ARCH_13-331",
        "M1XSA8_NATM8_12-346",
        "A0A4U7F6B4_9EURY_13-146",
        "A0A483CT65_9EURY_13-295",
        "A0A9X9T7P6_METOG_12-296",
        "A0A484F5L1_9EURY_23-333",
        "A0A832V034_9ARCH_1-267",
        "A0A830GIS0_9EURY_15-322",
        "A0AAE3PMU5_9EURY_15-335",
        "A0AAE3FYJ8_9EURY_13-307",
        "G3B1X3_CANTC_3-181",
        "A0A6G2HF36_9EURY_13-339",
        "A0A4U5JGP9_9EURY_12-324",
        "A0A6A9ST77_9EURY_12-326",
        "A0A0E3SQD6_METMT_18-295",
        "A0AAE4SAD1_9EURY_16-300",
        "L0KWJ2_METHD_18-302",
        "A0A2V2MYP3_9EURY_28-328",
        "A0A6B0TB19_9EURY_15-231",
        "A0A8T4GY63_9EURY_13-325",
        "A0A1H3K5N9_9EURY_13-209",
        "F2KS50_ARCVS_8-270",
        "A0A9Q4C3M2_9EURY_14-279",
        "Q18K19_HALWD_13-331",
        "V4YFC2_9ARCH_13-331",
        "O28327_ARCFU_1-238",
        "A0A964G8H8_9EURY_17-300",
        "A0A830F5F8_9EURY_15-333",
        "A0AAE4MGQ5_9EURY_21-332",
        "A0A832XJ45_9ARCH_12-275",
        "A0A1M2YG75_9ARCH_15-322",
        "A0A6A9SY28_9EURY_15-337",
        "A0A0X3BNV2_9EURY_13-296",
        "A0A6A9TBE0_9EURY_13-322",
        "A0A1H3WB51_9EURY_13-327",
        "A0A4D7H6V2_9EURY_13-339",
        "A0AA37F8Y5_9ARCH_1-276",
        "A0A0F7IF90_9EURY_8-255",
        "L0HFB7_METFS_12-296",
        "A0A1Q1FN77_9EURY_15-334",
        "A0A2I8VHP2_9EURY_13-330",
        "A0A1H6HX47_9EURY_13-326",
        "D5E855_METMS_5-282",
        "N0BEH3_9EURY_8-274",
        "V4Y8A9_9ARCH_1-72",
        "A0A3A6PVI6_9EURY_13-320",
        "V4X4T9_9ARCH_13-202",
        "R4WAF3_9EURY_15-362",
        "A0A6B0SKF9_9EURY_15-304",
        "A0A650A513_9EURY_15-328",
        "A0A1P8F9V3_9CHLR_17-318",
        "A0A9R1D5P0_9EURY_12-332",
        "A0A218ZU71_9ARCH_1-286",
        "F7XKE9_METZD_18-294",
        "Q2FND1_METHJ_17-306",
        "A0A4E0QRA0_9EURY_18-301",
        "A0A8J7W6U5_9EURY_12-292",
        "G7WJY3_METH6_17-290",
        "A0A0U5H299_9EURY_15-320",
        "D4GW37_HALVD_13-330",
        "A0A1F2P5T1_9EURY_27-295",
        "A0A8G0ZZZ9_9EURY_13-295",
        "U1PD92_9EURY_13-344",
        "C7NMX3_HALUD_15-344",
        "A0A0P7GPJ8_9EURY_13-324",
        "A0A7D5LC06_9EURY_13-345",
        "A0A6B9F510_9EURY_13-320",
        "E4NQI3_HALBP_13-320",
        "A0A0Q0VU83_9ARCH_19-293",
        "A0AAF0JTB1_9EURY_12-296",
        "A0A498H6N0_9EURY_13-296",
        "A0A830ERQ2_9EURY_13-207",
        "A7IA57_METB6_115-325",
        "E1RIH2_METP4_12-295",
        "A0A0F7PC56_9EURY_15-313",
        "A7IA57_METB6_17-127",
        "A0A8J7Y2M2_9EURY_9-156",
        "C7P0A1_HALMD_15-339",
        "V4HHU1_9EURY_13-294",
        "A0A9E7U5F9_9EURY_13-331",
        "A0A212QJQ7_9CHLR_281-522",
        "A0A4D6HHL6_9EURY_15-331",
        "A0A4U7F551_9EURY_1-81",
        "A0A1M5P2J7_9EURY_21-283",
        "M0MA03_9EURY_38-345",
        "A0A8J8PBK5_9EURY_13-322",
        "A0A1H3K5N9_9EURY_256-364",
        "A0A8G1H6M8_9EURY_14-367",
        "A0A8J7YBD5_9EURY_15-342",
        "D3S206_FERPA_8-249",
        "A0A1I6LJU4_9EURY_15-344",
        "A0A343TMV5_9EURY_13-321",
        "Q0W5J2_METAR_14-303",
        "A0A1I0MPK3_9EURY_15-306",
        "Q9HQ23_HALSA_15-306",
        "A0A218NN77_9ARCH_17-321",
        "A0A8T4GD12_9EURY_13-331",
        "A0A3A5W878_9ARCH_526-741",
        "U2YRG2_9EURY_15-341"
    ],
    "folder_path": "/Users/idan_shabo/Documents/Thesis/pipeline_outputs/PF06550_outputs/sequence_embeddings/subfamily_1/significant_splits/rank1"
}