{
    "subfamily": 1,
    "rank": 1,
    "node_name": "0.818",
    "lambda_obs": 5463.146484375,
    "p_adj": 0.000999000999000999,
    "group_a": [
        "A0A8I6Y5C5_HORVV_29-74",
        "A0AA41RVB0_PAPNU_30-75",
        "F2D5I9_HORVV_29-74",
        "A0A8I6YPK7_HORVV_29-74",
        "A0A8I6YPL5_HORVV_29-74",
        "A0A8I7BAQ1_HORVV_29-74",
        "A0A8I6XWZ7_HORVV_29-74",
        "A0A8I6XX08_HORVV_29-74",
        "A0A287T3E9_HORVV_29-74",
        "A0AA41VYA0_PAPNU_30-75",
        "A0A8I6Y8Q2_HORVV_29-74",
        "C9W327_HORVV_29-74",
        "A0A8I6YFC4_HORVV_29-74",
        "A0A8I7BG33_HORVV_29-74",
        "A0A8I6Y0K0_HORVV_29-74",
        "A0A8I7BKG7_HORVV_29-74",
        "A0AA41S2M9_PAPNU_30-68",
        "A0A8I6XWY7_HORVV_29-74",
        "A0A8I6YNA9_HORVV_29-74",
        "A0A8I6YTN9_HORVV_29-74",
        "A0A8I7BAP9_HORVV_29-74",
        "F2D7C5_HORVV_29-74"
    ],
    "group_b": [
        "A0AA41SBT5_PAPNU_33-77",
        "Q9T0P1_WHEAT_28-72",
        "THN1_WHEAT_17-61",
        "A0A2T7CV86_9POAL_25-69",
        "THNB_WHEAT_28-72",
        "A0A8T0QES2_PANVG_25-69",
        "A0A4Y7I7A1_PAPSO_33-77",
        "A0A3L6Q0Z4_PANMI_26-70",
        "A0AAD4SQZ1_9MAGN_33-77",
        "A0A2T7CV98_9POAL_26-70",
        "A0A2T7CV99_9POAL_25-70",
        "F2EE63_HORVV_28-72",
        "THN2_WHEAT_28-72",
        "A0A3B5Y650_WHEAT_28-72",
        "A0A2T7CV84_9POAL_26-70",
        "A0AA41V235_PAPNU_33-77",
        "A0AAD4SH52_9MAGN_33-77",
        "A0A8I6YFD0_HORVV_29-74",
        "A0A2K2DS12_BRADI_4-49",
        "A0AA42B347_PAPNU_33-77",
        "A0A835FQE0_9POAL_28-72",
        "A0A9R0QHF3_TRITD_28-72",
        "A0A452ZWS3_AEGTS_64-108",
        "A0AAD4SRY5_9MAGN_33-77",
        "A0A8I6YNB6_HORVV_29-74",
        "A0AA41RVN6_PAPNU_33-77",
        "A0A9R0R4U8_TRITD_28-72",
        "A0A452ZWU1_AEGTS_29-73",
        "A0A4Y7IGI9_PAPSO_33-77",
        "A0A835C558_9POAL_28-72",
        "A0A8T0QN14_PANVG_25-69",
        "A0A2K2DS10_BRADI_29-74",
        "A0A8I6WY15_HORVV_25-69",
        "A0A3L6QAF2_PANMI_25-69",
        "A0A1E5VL03_9POAL_28-72",
        "F2D1X7_HORVV_29-74"
    ],
    "folder_path": "/content/drive/MyDrive/Thesis/protein_data/PF00321_outputs/sequence_embeddings/subfamily_1/significant_splits/rank1"
}