{
    "timings": {
        "Setup_and_MSA_Stats": 0.67,
        "Calculations": 3.42,
        "Split_Evaluation": 5908.14,
        "Visualization_and_Analysis": 1188.1
    },
    "msa_stats": {
        "num_sequences": 911,
        "avg_sequence_length": 216.0,
        "num_sequences_with_structure": 0,
        "avg_sequence_similarity_pct": 34.65,
        "normalized_total_branch_length": 0.777,
        "subfamily_1_avg_sequence_similarity_pct": 48.71,
        "subfamily_1_normalized_total_branch_length": 0.7677,
        "subfamily_2_avg_sequence_similarity_pct": 50.35,
        "subfamily_2_normalized_total_branch_length": 0.5533,
        "subfamily_3_avg_sequence_similarity_pct": 33.93,
        "subfamily_3_normalized_total_branch_length": 0.8284
    },
    "pipeline_stats": {
        "family_name": "PF12417",
        "embedding_mode": "sequence",
        "num_significant_splits": null,
        "num_raw_candidate_splits": 46,
        "num_unique_candidate_splits": 19,
        "subfamily_1_final_embedding_dim": 53,
        "subfamily_2_final_embedding_dim": 50,
        "subfamily_3_final_embedding_dim": 50,
        "num_significant_covariance_splits": 15
    },
    "split_analysis": {
        "subfamily_1_history": "node 0.760",
        "subfamily_2_history": "node 0.606",
        "subfamily_3_history": "Global Root",
        "subfamily_1_rank4": {
            "avg_a": 0.5230060767771266,
            "avg_b": 0.5215303666760294,
            "avg_inter": 0.5164820137466396
        },
        "subfamily_1_rank1": {
            "avg_a": 0.5046344523642299,
            "avg_b": 0.532104223939323,
            "avg_inter": 0.5135397181991304
        },
        "subfamily_2_rank2": {
            "avg_a": 0.6131169804087622,
            "avg_b": 0.5926038592089024,
            "avg_inter": 0.582833745195015
        },
        "subfamily_2_rank5": {
            "avg_a": 0.6599685289179387,
            "avg_b": 0.5347153281632264,
            "avg_inter": 0.5664124117592679
        },
        "subfamily_2_rank4": {
            "avg_a": 0.5281134067288445,
            "avg_b": 0.5861592721141917,
            "avg_inter": 0.5521484579077363
        },
        "subfamily_2_rank1": {
            "avg_a": 0.6075653936459238,
            "avg_b": 0.59020007150919,
            "avg_inter": 0.583990931591796
        },
        "subfamily_3_rank2": {
            "avg_a": 0.4701017515757988,
            "avg_b": 0.5164186810247702,
            "avg_inter": 0.46366028875596194
        },
        "subfamily_3_rank5": {
            "avg_a": 0.4951699102382489,
            "avg_b": 0.5042304163435952,
            "avg_inter": 0.46198820907516064
        },
        "subfamily_3_rank4": {
            "avg_a": 0.4678163632376796,
            "avg_b": 0.5081503042078676,
            "avg_inter": 0.4574758476802257
        },
        "subfamily_3_rank3": {
            "avg_a": 0.4874438584645733,
            "avg_b": 0.5290150150997309,
            "avg_inter": 0.489049581019604
        },
        "subfamily_3_rank8": {
            "avg_a": 0.5490839546865108,
            "avg_b": 0.47977817075581225,
            "avg_inter": 0.4844050378699355
        },
        "subfamily_3_rank6": {
            "avg_a": 0.5733752137163499,
            "avg_b": 0.4920814908256391,
            "avg_inter": 0.5053454257049876
        },
        "subfamily_3_rank1": {
            "avg_a": 0.5763202906161636,
            "avg_b": 0.47981384219667866,
            "avg_inter": 0.5104787074673984
        },
        "subfamily_3_rank7": {
            "avg_a": 0.5599150401398187,
            "avg_b": 0.48287150982561816,
            "avg_inter": 0.4906003624006025
        },
        "subfamily_3_rank9": {
            "avg_a": 0.5152984956992467,
            "avg_b": 0.4902355986077001,
            "avg_inter": 0.4935059758787543
        }
    },
    "family_info": {
        "description": "{'text': 'This domain family is found in eukaryotes, and is typically between 64 and 80 amino acids in length.', 'llm': False, 'checked': False, 'updated': False}",
        "is_membrane": false,
        "is_kinase": false,
        "is_disordered": false,
        "is_allosteric": false,
        "is_nucleic_binding": false,
        "is_viral": false,
        "is_receptor": false,
        "is_chaperone": false
    }
}