{
    "subfamily": 3,
    "rank": 3,
    "node_name": "0.741",
    "lambda_obs": 10584.611328125,
    "p_adj": 0.000999000999000999,
    "group_a": [
        "A0A8C3CP28_CAIMO_415-494",
        "A0A7K8VKM2_9STRI_155-296",
        "A0A7K8PSN2_COCCO_151-292",
        "A0A7L3C503_PELUR_155-296",
        "A0A8C3CKV5_CAIMO_353-494",
        "A0A7L1G7L3_9PICI_136-275",
        "A0A7L0FCR1_CORCN_150-290",
        "A0A7L3L3P8_9CHAR_152-249",
        "A0A2I0LSI2_COLLI_537-687",
        "A0A8V1A8Y1_CHICK_186-266",
        "A0A7K5I5U3_CROSL_153-288",
        "A0A6J0IY12_9PASS_551-680",
        "A0A1V4JAA1_PATFA_229-369",
        "A0A7L4ML85_GLAPT_155-228",
        "A0A850TNV9_GRUAM_155-291",
        "A0A7K4JBW1_GEOCA_151-286",
        "A0A7K7TMB0_9CHAR_154-295",
        "A0A8B9CGM1_9AVES_454-595",
        "A0A8C3CQA1_CAIMO_415-490",
        "A0A7L4FQD4_9COLU_155-295",
        "A0A7L0C2W1_9AVES_155-296",
        "A0A7L4A5P9_9AVES_155-296",
        "A0A8C0BIK2_9AVES_405-541",
        "A0A7L4K842_9AVES_154-286",
        "A0A7K5A9I5_9AVES_154-293",
        "A0A7L1SVA1_ARAGA_237-292",
        "A0A7L3RJ97_CEPGR_155-285",
        "A0A8B9UG72_9AVES_475-616",
        "A0A7K9M544_OCETE_151-292",
        "A0A7L2HKQ2_SAGSE_155-296",
        "A0A7K7F6Y8_CHIMN_155-296",
        "A0A2I0T3G1_LIMLA_306-438",
        "A0A850W1I8_FREMA_155-296",
        "A0A493TQ52_ANAPP_354-495",
        "A0A8C4XJ82_FALTI_370-469",
        "A0A663FG50_AQUCH_550-691",
        "A0A6J2GDY0_9PASS_551-637",
        "A0A7L2X2X1_PANHA_155-296",
        "A0A6J0IZT9_9PASS_551-680",
        "A0A7L0PPJ8_9AVES_155-296",
        "A0A8B9IM00_ANSCY_357-432",
        "A0A8B9RU37_9AVES_408-542",
        "A0A7L4HG07_SCOUM_155-296",
        "A0A7K6TGG0_CALNI_155-295",
        "A0A7K4SY29_9CHAR_155-296",
        "A0A8B9ZQ27_9AVES_483-624",
        "A0A7L3NX27_9AVES_143-282",
        "A0A7L3XWK1_9AVES_155-296",
        "A0A7K6YZ29_ALCTO_155-294",
        "A0A7L4CRE1_9AVES_160-301",
        "A0A7L3J6P3_THACH_155-296",
        "A0A7L3G8K6_9AVES_153-285",
        "A0A7L0WJ26_ALELA_151-288",
        "A0A7K9F9T2_STEPR_155-294",
        "A0A7L0UNQ6_CHOAC_159-300",
        "A0A7L1LB11_HIMHI_154-293",
        "A0A7K8KHD9_9AVES_80-218",
        "A0A7L2U436_BALRX_155-296",
        "A0A7L0JWC2_CHATO_155-296",
        "A0A7L0ATM8_9AVES_155-296",
        "A0A7L3DJ28_PLUSO_155-287",
        "A0A851PFA5_ANHAN_153-294",
        "A0A7K5XSV4_9CHAR_154-293",
        "A0A7K9UNJ0_ANSSE_155-291",
        "A0A7K7L388_9AVES_152-293",
        "A0A7K8UGJ9_OCEOC_153-294",
        "A0A8J4LE10_APTPA_155-294",
        "A0A850ZSN1_SULDA_92-231",
        "A0A7K4YMI2_BUCAB_267-319",
        "A0A8J4K931_EUDMI_155-294",
        "A0A6J0IXV7_9PASS_551-680",
        "A0A7L3ZAD2_FREGA_153-294",
        "A0A8C3KNF4_9CHAR_307-414",
        "A0A7K6TQP0_9AVES_154-290",
        "A0AA40H7E7_PYGPA_155-294",
        "A0A7L0H165_HERCA_155-296",
        "A0A8J4KFU5_EUDCH_155-294"
    ],
    "group_b": [
        "A0A8B9QQU7_APTOW_545-619",
        "A0A3M0IKM3_HIRRU_532-665",
        "A0A7R5KHM2_9PASS_613-750",
        "A0A3M0IHB6_HIRRU_532-625",
        "A0A7L3B132_9AVES_155-296",
        "A0A672UQ20_STRHB_247-392",
        "A0A6J2HQT6_9PASS_275-408",
        "A0A7R5KE96_9PASS_653-787",
        "A0A3M0J2Q9_HIRRU_268-368",
        "A0A672ULK4_STRHB_335-480",
        "A0A3M0J8H9_HIRRU_508-641",
        "A0A8C3U5D0_CATUS_273-411",
        "A0A6J0J6K4_9PASS_119-251",
        "A0A3M0IJH4_HIRRU_532-665",
        "A0A674HPJ0_TAEGU_520-623",
        "A0A672V352_STRHB_358-503",
        "A0A7K9BBY1_DRONO_153-294",
        "A0A8B7IS96_9AVES_263-400",
        "A0A7K7BH99_9AVES_152-293",
        "A0A7K7WRH4_9AVES_152-293",
        "A0A3L8RT35_CHLGU_1213-1293",
        "A0A8C3TPK0_CATUS_517-578",
        "A0A7K4YMI2_BUCAB_157-230",
        "A0A3M0J2J2_HIRRU_532-662",
        "A0A672V6L2_STRHB_446-592",
        "A0A3M0J466_HIRRU_508-641",
        "A0A7K4K3A2_9AVES_150-288",
        "A0A672ULT7_STRHB_291-436",
        "A0A7R5KTV1_9PASS_653-790",
        "A0A7K5YXV7_9AVES_154-296",
        "A0A672ULH4_STRHB_358-504",
        "A0A8K1G0G6_9PASS_282-412",
        "A0A7L1SVA1_ARAGA_155-230",
        "A0A674HFL4_TAEGU_444-580",
        "A0A8K1D470_9PASS_2-133",
        "A0A3M0IJF0_HIRRU_532-665",
        "A0A6J2HPX6_9PASS_118-247",
        "A0A7K4LPI2_9AVES_152-289",
        "A0A7K8NKE2_CASCA_153-294",
        "A0A7K7VQX9_EUDEL_153-291",
        "A0A0Q3MNJ4_AMAAE_184-331"
    ],
    "folder_path": "/Users/idan_shabo/Documents/Thesis/pipeline_outputs/PF14914_outputs/sequence_embeddings/subfamily_3/significant_splits/rank3"
}