{
    "subfamily": 17,
    "rank": 3,
    "node_name": "0.568",
    "lambda_obs": 21760.58203125,
    "p_adj": 0.000999000999000999,
    "group_a": [
        "F2SNM2_TRIRC_233-294",
        "A0A0G4M1L8_VERLO_463-528",
        "G2X6T1_VERDV_228-293",
        "A0A9P4TPI2_CURKU_108-174",
        "A0A7U2EUG6_PHANO_225-292",
        "A0AAJ0FWY8_9HYPO_236-301",
        "A0A9P7NEL4_9HYPO_244-309",
        "A0AA39YMC8_9PEZI_377-442",
        "C4JKH2_UNCRE_225-284",
        "A0A444RZ15_VERDA_130-195",
        "A0A8K0TSP9_9PEZI_250-315",
        "A0A6A7A5S3_9PLEO_174-241",
        "A0A9P9AE33_9PEZI_239-303",
        "A0A0D9P031_METAN_242-300",
        "A0A2A9P8J4_OPHUN_209-272",
        "A0AAF0IK92_9EURO_240-301",
        "A0A167VZU8_CORFA_226-260",
        "A0A7S9KPS0_EPIFF_249-314",
        "E4URS9_ARTGP_232-293",
        "A0A9P8RLI7_9PEZI_225-284",
        "A0A086T5I3_HAPC1_232-296",
        "A0A6A5U6J8_9PLEO_219-281",
        "A0A6A5RZ81_9PLEO_177-206",
        "A0A0D9P7E1_METAN_246-311",
        "A0A9N9VNV3_9HYPO_216-281",
        "A0A8K0R697_9PLEO_209-276",
        "A0A9P8KX15_9PEZI_241-300",
        "E9E7V1_METAQ_244-309",
        "A0A6A5VRK4_9PLEO_204-271",
        "A0A6A6I294_9PLEO_218-285",
        "D4AR38_ARTBC_207-268",
        "A0A179FMI3_METCM_233-298",
        "A0A9W9D8H9_9PLEO_184-223",
        "A0A178F3D0_TRIRU_212-273",
        "A0A1Y2MFD4_EPING_272-339",
        "A0A0G4KQU1_VERLO_1-53",
        "A0A6A5SA07_9PLEO_76-111",
        "A0A443HP73_BYSSP_272-334",
        "A0A9P8SEQ2_9HYPO_259-325",
        "A0A6A6SFG3_9PLEO_217-284",
        "A0A8H7TRQ8_BIOOC_128-192",
        "A0A8K0WVJ2_9HYPO_41-106",
        "A0AAD4IE28_9PLEO_68-136"
    ],
    "group_b": [
        "A0A7S9KPS9_EPIFF_324-389",
        "A0A6A6UBM4_9PEZI_229-292",
        "A0AAJ0CF84_9HYPO_338-403",
        "A0AAE0JRJ4_9PEZI_227-291",
        "W9Y9I1_9EURO_168-233",
        "A0A6A5YCY4_9PEZI_282-347",
        "A0AA39WH83_9PEZI_383-447",
        "A0AAJ0MKU6_9PEZI_327-356",
        "A0A9P4M4B9_9PEZI_150-211",
        "E9E7V0_METAQ_337-402",
        "A0A0D2FAS3_9EURO_309-374",
        "W9VWH7_9EURO_146-211",
        "A0A9P6LG93_9PEZI_308-352",
        "A0A6G1FST2_9PEZI_210-269",
        "A0A395NLU1_TRIAR_337-402",
        "A0AA37PFL8_9PEZI_297-362",
        "A0A6A6WJL9_9PEZI_293-358",
        "A0A9Q8UTX7_PASFU_97-159",
        "A0AAJ0EXK1_9PEZI_577-642",
        "A0AAE0P3X3_9PEZI_250-328",
        "A0A4T0VHQ6_9PEZI_583-648",
        "A0AAE0P2T2_SORBR_1-53",
        "A0A175VZ21_9PEZI_306-370",
        "A0AAE0KLS0_9PEZI_69-133",
        "A0A0D2F4F8_9EURO_337-402",
        "A0AA40CBL2_9PEZI_320-382",
        "A0AAI9Y3A9_9PEZI_149-214",
        "A0AAJ0MKT8_9PEZI_306-370",
        "A0A0P7BFW6_9HYPO_624-689"
    ],
    "folder_path": "/Users/idan_shabo/Documents/Thesis/pipeline_outputs/PF12417_outputs/structure_embeddings/subfamily_17/significant_splits/rank3"
}