{
    "subfamily": 40,
    "rank": 1,
    "node_name": "0.835",
    "lambda_obs": 20270.107421875,
    "p_adj": 0.000999000999000999,
    "group_a": [
        "A0A9P1MXQ1_9PELO_277-346",
        "A0A0K0G2Z7_STRVS_276-337",
        "A0AAF3F5Y5_9BILA_273-343",
        "Q9BL64_CAEEL_287-352",
        "A0A8R1E0Y0_CAEJA_376-439",
        "A0A2A2L1R4_9BILA_280-356",
        "A0AA36D529_9BILA_449-520",
        "A0A8R1E296_CAEJA_39-102",
        "A0AAD4RDV0_9BILA_274-338",
        "A0A2G5UIV0_9PELO_61-126",
        "A0A4U5ME71_STECR_268-335",
        "A0AA36D601_9BILA_277-348",
        "A0A261BXQ8_9PELO_61-126",
        "A0A2G5UIK2_9PELO_77-142",
        "A0AA36CGI9_9BILA_82-154",
        "A0A2A2KLU5_9BILA_87-163",
        "A0A090L8L1_STRRB_269-330",
        "A8XZT6_CAEBR_203-268",
        "A0AA39IDI1_9BILA_268-335",
        "A0A8R1IKZ5_CAEJA_60-90",
        "A0A9P1EY98_9PELO_278-343",
        "A0A914E909_9BILA_221-285",
        "A0A8S1ETK1_9PELO_279-347",
        "E3MXX8_CAERE_292-357",
        "A0A0K0DZP3_STRER_268-329",
        "A0AA36CFB7_9BILA_277-348",
        "G0N3I9_CAEBE_61-127",
        "A0A8S1GYC7_9PELO_127-192"
    ],
    "group_b": [
        "A0A6V7WC49_9BILA_58-128",
        "A0A915APC8_PARUN_284-352",
        "A0A915MGY9_MELJA_55-125",
        "A0AAD5R7V7_PARTN_286-360",
        "A0A915M961_MELJA_55-125",
        "W2SWB8_NECAM_272-344",
        "A0A0N4WCI9_HAEPC_278-350",
        "A0A6V7W376_9BILA_58-128",
        "A0A0B2UPM2_TOXCA_58-127",
        "A0A914HCF3_GLORO_276-318",
        "A0A8R1U202_ONCVO_273-318",
        "A0A914M3N9_MELIC_58-128",
        "A0A2G9UZV8_TELCI_88-160",
        "A0A016WR14_9BILA_111-183",
        "A0A915NHY1_9BILA_255-325",
        "A0A0C2FME6_9BILA_62-134",
        "A0A016WRH6_9BILA_95-167",
        "A0A3P7DNI4_WUCBA_27-64",
        "A0A0R3PBB2_ANGCS_262-320",
        "A0A0B1TPC7_OESDE_87-159",
        "A0A0N4YJ43_NIPBR_122-196",
        "A0A915MZN7_MELJA_55-125",
        "A0A0N4VNI5_ENTVE_66-111",
        "A0A0N4TLK9_BRUPA_1-57",
        "A0A0D8Y872_DICVI_65-142",
        "A0A915LEF8_MELJA_55-125",
        "A0A6V7XG92_9BILA_277-347",
        "A0A811KJU5_9BILA_265-304",
        "A0A368FXE3_ANCCA_49-121",
        "A0A2A6CHS6_PRIPA_59-137",
        "A0A1I7S096_BURXY_265-304",
        "A0A0K0DLQ9_ANGCA_259-318",
        "A0AA36GUK5_CYLNA_279-351",
        "A0A4E9F0L9_BRUMA_273-319",
        "A0A915Q4F7_9BILA_30-66",
        "A0A914NV83_MELIC_58-128",
        "A0A914MKK3_MELIC_80-150",
        "A0A158PNT4_ANISI_273-346",
        "A0A6V7VFK3_9BILA_58-128"
    ],
    "folder_path": "/Users/idan_shabo/Documents/Thesis/pipeline_outputs/PF04064_outputs/sequence_embeddings/subfamily_40/significant_splits/rank1"
}