{
    "subfamily": 4,
    "rank": 1,
    "node_name": "0.743",
    "lambda_obs": 12426.294921875,
    "p_adj": 0.000999000999000999,
    "group_a": [
        "A0A089I5N6_9BACL_8-107",
        "A0A917C8C3_9BACL_8-102",
        "U2PXJ6_9CLOT_3-110",
        "A0A8A7KAC0_9FIRM_16-107",
        "A0A0C1RD47_9CLOT_7-102",
        "A5MYW3_CLOK5_10-110",
        "A0A7M1PZS8_9CLOT_2-98",
        "W6N9L0_CLOTY_4-83",
        "A0A1I2X507_9FIRM_4-109",
        "A0A937FH55_9CLOT_5-105",
        "A0A4V2SA88_9FIRM_4-106",
        "A0A1S8TDQ3_9CLOT_33-136",
        "A0A3G9JHE8_9BACL_15-109",
        "A0A398AVB9_9BACI_18-121",
        "C6PUB3_9CLOT_15-111",
        "A0A2W1LHJ9_9BACL_15-112",
        "A0A923J217_CLOTT_3-104",
        "A0A2T0B658_9CLOT_6-107",
        "A0A0M9BID7_9BACL_7-108",
        "A0A923J0H1_CLOTT_3-104"
    ],
    "group_b": [
        "A0A4Y7R6W2_9FIRM_5-97",
        "A0A3S1DJV7_9BACL_2-100",
        "F6DR50_DESRL_5-99",
        "A0A2T0BJJ5_9CLOT_3-115",
        "W6NA06_CLOTY_3-103",
        "A0A7X2L279_9BACL_2-106",
        "A0A949X1C0_9CLOT_23-127",
        "A0A1A6AJB2_9CLOT_6-110",
        "A0A919Y8Q4_9BACL_10-114",
        "A0A401UK89_9CLOT_2-101",
        "A0A1G7K4A2_9BACL_2-102",
        "A0A3R5VBS7_9CLOT_6-112",
        "A0A972GSE7_9BACL_6-105",
        "A5N5V8_CLOK5_6-109",
        "A0A2T0BQC0_9CLOT_3-102",
        "A0A0L6Z673_9CLOT_3-117",
        "A0A1S8T309_9CLOT_3-113",
        "A0A1W1XU04_9CLOT_22-107",
        "A0A089LWX1_9BACL_3-113",
        "A0A162R9H2_9CLOT_8-123",
        "M1MWV5_9CLOT_6-108"
    ],
    "folder_path": "/content/drive/MyDrive/Thesis/protein_data/PF14282_outputs/structure_embeddings/subfamily_4/significant_splits/rank1"
}