{
    "subfamily": 9,
    "rank": 2,
    "node_name": "0.884",
    "lambda_obs": 8779.748046875,
    "p_adj": 0.000999000999000999,
    "group_a": [
        "A0AA39M0F1_9BILA_4-131",
        "A0A0N4U7Q4_DRAME_4-123",
        "A0A915PBG5_9BILA_4-131",
        "A0A915BH13_PARUN_4-131",
        "A0A0N5CVZ8_THECL_5-131",
        "A0A0M3J5S9_ANISI_16-116",
        "A0A3P6TUI7_LITSI_5-125",
        "A0A0R3R022_9BILA_5-126",
        "A0A182E4C0_ONCOC_5-125",
        "A0A914S6F0_PAREQ_9-84",
        "A0A0J9Y183_BRUMA_5-126",
        "A0A1I7VKB2_LOALO_5-126",
        "A0A8J2M496_9BILA_5-126",
        "A0A498S8S7_ACAVI_5-126",
        "A0A0B2VHJ2_TOXCA_4-131",
        "A0A915BHN1_PARUN_4-131",
        "A0A183XU11_WUCBA_5-126",
        "A0A0N4SY07_BRUPA_5-126",
        "A0A8R1U1F6_ONCVO_5-125",
        "A0A3P7M8T5_9BILA_1-110",
        "A0A915BH43_PARUN_14-75"
    ],
    "group_b": [
        "A0AAD4RAS6_9BILA_4-104",
        "A0A0D8Y4G5_DICVI_4-132",
        "A0A914Y0Q2_9BILA_4-131",
        "RT23_CAEEL_4-130",
        "A0A6G0UH66_9BILA_3-130",
        "A0AAD5R5B3_PARTN_4-132",
        "A0A016TAM2_9BILA_39-148",
        "A0A914T301_9BILA_4-132",
        "A0A914BWQ9_9BILA_6-132",
        "A0A016TAJ7_9BILA_44-153",
        "A0A1I7RNF7_BURXY_4-132",
        "A0A8S1GYW9_9PELO_4-131",
        "A0A0B1T4S4_OESDE_4-118",
        "A0A0N4WGW1_HAEPC_4-116",
        "A0A914JR87_9BILA_3-130",
        "A0A3P7LDA8_STRVU_4-112",
        "A0A914QVC9_9BILA_4-130",
        "A0A0C2GIK0_9BILA_4-127",
        "A0A2G9T872_TELCI_1-97",
        "A0A0N4YC83_NIPBR_4-132",
        "A0A261C6K6_9PELO_4-130",
        "A0A6V7TXA2_9BILA_8-105",
        "F6ZFU8_CIOIN_4-149",
        "A0A0B1SKG9_OESDE_4-125",
        "A0A7E4UW86_PANRE_4-130",
        "W2SYD2_NECAM_4-132",
        "A0A6V7V6I3_9BILA_8-104",
        "A0A914HYB5_GLORO_4-98",
        "A0A9N9RVL9_9DIPT_2-121",
        "A0A914P4F7_9BILA_4-131",
        "A0A8T0A1U2_9BILA_8-99",
        "A0A914VZ57_9BILA_3-130",
        "A0A368GKD6_ANCCA_4-135",
        "A0A914TV63_9BILA_4-124",
        "A0A1J1I094_9DIPT_2-122",
        "A0A0C2DCQ3_9BILA_4-115",
        "A0A811L535_9BILA_4-132",
        "E4XTH2_OIKDI_1-92",
        "A0A0K0CY26_ANGCA_4-130",
        "A0A915LFQ6_MELJA_1-68",
        "A0AAF3E8Y5_9BILA_4-130",
        "A0A2G5UHD8_9PELO_4-130",
        "A8XAA8_CAEBR_4-130",
        "A0A915NRM1_9BILA_8-104",
        "A0A9P1N2M9_9PELO_4-133",
        "A0A368GAK8_ANCCA_4-132",
        "A0A9J6CFQ1_POLVA_2-127",
        "A0A2G9TE50_TELCI_1-72",
        "A0A914LZP2_MELIC_8-104",
        "H2ZFA9_CIOSA_4-150",
        "A0A454XSI6_PRIPA_4-130",
        "A0A915LFR0_MELJA_8-105",
        "A0AA36DUK6_CYLNA_4-131",
        "A0AA36DHT4_9BILA_4-131",
        "A0A914FCN2_9BILA_3-123",
        "A0A0R3PET0_ANGCS_4-130",
        "A0A090LBP3_STRRB_4-92",
        "A0A016TAI4_9BILA_4-113",
        "A0A9P1HSE7_9BILA_4-134",
        "A0A9P1AG30_9PELO_4-130",
        "A0A3P7J0R7_STRVU_1-95",
        "A0A915LCN2_MELJA_1-96",
        "A0A0K0G3Y9_STRVS_4-92",
        "A0A914GE59_9BILA_1-67",
        "A0A914LTG5_MELIC_8-105",
        "A0A914FEH7_9BILA_4-131"
    ],
    "folder_path": "/Users/idan_shabo/Documents/Thesis/pipeline_outputs/PF10484_outputs/structure_embeddings/subfamily_9/significant_splits/rank2"
}