{
    "subfamily": 1,
    "rank": 1,
    "node_name": "0.834",
    "lambda_obs": 3331.109375,
    "p_adj": 0.000999000999000999,
    "group_a": [
        "A0A6F9AF77_9TELE_24-33",
        "A0A3Q3WHP1_MOLML_24-33",
        "A0A9Y4JIR5_9TELE_23-32",
        "A0A6I9PFA2_9TELE_23-32",
        "A0A7J5YRV6_DISMA_23-32",
        "A0A8C9ZMC2_SANLU_25-34",
        "A0A3Q3EQW8_9LABR_26-35",
        "A0A4U5UVM9_COLLU_24-33",
        "A0A1S3NJS2_SALSA_23-32",
        "A0A3Q3LLI8_9LABR_25-34",
        "A0A6P8TVZ8_GYMAC_23-32",
        "A0A667Z4V7_9TELE_30-39",
        "A0A3P8SGU5_AMPPE_27-36",
        "A0A6P7NFD8_BETSP_20-29",
        "A0A8C5C7D6_GADMO_18-27",
        "A0A3Q1J9L8_ANATE_24-33",
        "A0A6P8TVX4_GYMAC_23-32",
        "A0A3Q1J712_ANATE_28-37",
        "A0AA88SN75_CHASR_21-30",
        "H2UZ04_TAKRU_23-32",
        "A0A8C9ZJ82_SANLU_26-35",
        "GON1_SPAAU_26-35",
        "A0A671WU27_SPAAU_26-35",
        "A0A3Q1J2J0_ANATE_26-35",
        "GON1_HAPBU_23-32",
        "A0A3Q1J8X7_ANATE_24-33",
        "A0A667Z8F1_9TELE_23-32",
        "A0A673YYW9_SALTR_23-32",
        "A0A4U5UWK1_COLLU_24-33",
        "A0A3Q3LAA7_9TELE_26-35",
        "A0A6I9PA33_9TELE_23-32",
        "A0A6P7NF79_BETSP_26-35",
        "A0A667Z478_9TELE_25-34"
    ],
    "group_b": [
        "A0A8C6RIR1_NANGA_22-31",
        "A0A8C0C813_BALMU_28-37",
        "G1P6Q3_MYOLU_24-33",
        "A0A8C0ADW2_BOSMU_24-33",
        "A0A2K6GCR4_PROCO_24-33",
        "A0A2K5NJM5_CERAT_24-33",
        "A0A452EVB9_CAPHI_24-33",
        "A0A8C6CWG9_MOSMO_24-33",
        "A0A8C9P641_SPEDA_22-31",
        "A0A2K6U7P5_SAIBB_28-37",
        "A0A1U7U4N5_CARSF_28-37",
        "GON1_MESAU_1-10",
        "Q0VBW7_BOVIN_24-33",
        "A0A643BXF3_BALPH_24-33",
        "L5LQ40_MYODS_24-33",
        "A0AA41NBD3_SCICA_24-33",
        "A0A6J3IR47_SAPAP_28-37",
        "A0A2K5K3X2_COLAP_24-33",
        "A0A1L8H1T9_XENLA_24-33",
        "A0A2Y9K1B8_ENHLU_28-37",
        "G1T6P6_RABIT_24-33",
        "A0A8C3WJE1_9CETA_24-33",
        "A0A091IXG0_EGRGA_24-33",
        "A0A8C5PHN5_9ANUR_50-59",
        "A0A2Y9Q5L9_DELLE_28-37",
        "A0A452RM66_URSAM_24-33",
        "A0A8D2E8G4_THEGE_24-33",
        "A0A7E6EBA6_9CHIR_24-33",
        "A0A8C8ZAP3_PROSS_24-33",
        "A0A8C9BDD0_PHOSS_24-33",
        "A0AAD7SEE1_9TELE_98-107",
        "A0A8C6HZ71_MUSSI_109-118",
        "GON1_SHEEP_1-10",
        "A0A1U7QB84_MESAU_61-70",
        "A0A6P3HIS4_BISBB_24-33",
        "A0A2K6RFW1_RHIRO_37-46",
        "GON1_PIG_24-33",
        "A0A8C4MBB4_EQUAS_24-33",
        "A0A6I9I7B1_VICPA_32-41",
        "G5BYA8_HETGA_24-33",
        "A0A6J0CER6_PERMB_22-31",
        "A0A2Y9F4J4_PHYMC_28-37",
        "A0A341BNV6_NEOAA_32-41",
        "A0A9W3GN91_CAMBA_32-41",
        "A0A5N4CAX2_CAMDR_24-33",
        "A0A8C2YSU6_CHILA_24-33",
        "W5PJI6_SHEEP_28-37",
        "A0A4W2IBE7_BOBOX_24-33",
        "A0A673C9S5_9TELE_23-32",
        "A0A8C0KIV4_CANLU_24-33",
        "A0A6P8R7K1_GEOSA_24-33",
        "GON1_MACMU_6-15",
        "A0A060VVP1_ONCMY_23-32",
        "A0A6J0AFJ3_VICPA_24-33",
        "A0A6J3IQU5_SAPAP_24-33",
        "A0A091E158_FUKDA_24-33",
        "L5KCR2_PTEAL_24-33",
        "A0A8J6H0F4_MICOH_22-31",
        "A0A8B7UNQ3_CASCN_52-61",
        "A0A384AZK8_BALAS_28-37",
        "A0A6I9M859_PERMB_52-61",
        "G3SSK2_LOXAF_28-37",
        "A0A2G9SIJ8_AQUCT_48-57",
        "A0A673TPC6_SURSU_24-33",
        "A0A7J7UA17_PIPKU_24-33",
        "A0A9B0WPR7_CHRAS_28-37",
        "A0A384AZF4_BALAS_24-33",
        "A0A384D0K1_URSMA_28-37",
        "A0A6J2AV22_ACIJB_24-33",
        "G3QPA2_GORGO_28-37",
        "A0A7J8BQI8_ROUAE_24-33",
        "A0A2G9SIJ3_AQUCT_74-83",
        "A0A672HWT2_SALFA_21-30",
        "A0A8U0N0E4_MUSPF_28-37",
        "A0A7N9CYA6_MACFA_28-37",
        "A0A6I8N1P8_ORNAN_31-40",
        "A0A2U4BUR7_TURTR_32-41",
        "A0A7J8I6C5_MOLMO_24-33",
        "A0A667G947_LYNCA_24-33",
        "A0A6J2MCN0_9CHIR_28-37",
        "A0A340XIM4_LIPVE_28-37",
        "A0A340XBS7_LIPVE_24-33",
        "A0A2K6MPR8_RHIBE_24-33",
        "A0A7J7U9U9_PIPKU_24-33",
        "A0A8C7IFK8_ONCKI_23-32",
        "A0A8T0AP62_SILME_62-71",
        "A0A8J6DRJ4_GALPY_24-33",
        "A0A6P3QDS8_PTEVA_24-33",
        "A0A673TG95_SURSU_24-33",
        "A0A6P3F590_OCTDE_28-37",
        "A0A8J7NP30_ATRSP_24-33",
        "F6R053_HORSE_24-33",
        "A0AA40I4K7_CNENI_28-37",
        "A0A2U3WXB1_ODORO_28-37",
        "A0A1S3A3Y6_ERIEU_28-37",
        "GON1_HUMAN_24-33",
        "G3GV05_CRIGR_97-106",
        "GON1_RAT_24-33",
        "A0A8C5KMB1_JACJA_22-31",
        "A0A8B6ZMM5_ORYAF_24-33",
        "GON1_MOUSE_22-31",
        "A0A2K6DT11_MACNE_24-33",
        "A0A2U3Z7D2_LEPWE_28-37",
        "A0A0D9RU96_CHLSB_28-37",
        "H0XG16_OTOGA_24-33",
        "A0A7N4NUM2_SARHA_28-37",
        "G1L0K0_AILME_24-33",
        "A0A8C5W7X6_MICMU_24-33",
        "A0A2K6A9U1_MANLE_24-33",
        "A0A9X9QB88_GULGU_24-33",
        "A0A9D3RSN3_ANGAN_60-69",
        "A0A7J7XG81_MYOMY_24-33",
        "A0A6P5C8B1_BOSIN_24-33",
        "A0A4X2JXQ7_VOMUR_24-33",
        "A0A671EBB2_RHIFE_24-33",
        "A0A2R8ZXH5_PANPA_28-37",
        "A0A8L2UJ58_RAT_24-33",
        "K7C372_PANTR_28-37",
        "A0AAD1RNK7_PELCU_46-55",
        "F7CI22_MONDO_24-33",
        "A0A6P7XXN3_9AMPH_24-33",
        "M3X2M5_FELCA_24-33",
        "L8I707_9CETA_24-33",
        "A0A2Y9HXR1_NEOSC_28-37",
        "I3MCA0_ICTTR_24-33",
        "A0A8C5PHX0_9ANUR_50-59",
        "A0A8C6ETU3_MARMA_22-31",
        "A0A7J5ZIP2_AMEME_22-31",
        "A0A7J7F6A5_DICBM_28-37",
        "A0A5N3XJR5_MUNRE_24-33",
        "A0A2K5RAP1_CEBIM_28-37",
        "A0A672HXR2_SALFA_32-41",
        "W5NCT6_LEPOC_24-33",
        "A0A8C7IF40_ONCKI_23-32",
        "A0A5N5NLY3_PANHP_22-31",
        "A0A8D2CLS1_SCIVU_24-33",
        "A0A2K5EMU2_AOTNA_28-37",
        "A0A8C8WJ99_PANLE_24-33",
        "A0A8C2ZXS1_CYCLU_29-38",
        "A0A9Q1JB06_SYNKA_23-32",
        "A0A8I6G553_RAT_28-37",
        "A0A8I3RXY8_CANLF_24-33",
        "A0A9D3NZV9_9TELE_22-31",
        "A0AAQ4S2Q5_GASAC_23-32",
        "F6S1S9_MACMU_28-37",
        "A0A803KI17_XENTR_24-33",
        "A0A5E4BC53_MARMO_24-33",
        "A0A811ZDS8_NYCPR_24-33",
        "A0A8B7SNY9_HIPAR_24-33",
        "A0A485PF24_LYNPA_24-33",
        "A0A8W4FI42_PIG_24-33",
        "A0A1S3GMG6_DIPOR_28-37",
        "A0A8C2ZWH3_CYCLU_27-36",
        "S7Q9E9_MYOBR_24-33",
        "A0A3Q7U847_VULVU_24-33",
        "A0A2Y9DX66_TRIMA_28-37",
        "A0A8C8JU66_ONCTS_23-32",
        "A0A2I3G313_NOMLE_24-33",
        "A0A4U1EWC6_MONMO_24-33",
        "A0A8C4RDH4_ERPCA_27-36",
        "GON1_XENLA_24-33",
        "A0A6D2XXH5_PONAB_24-33",
        "A0A8C9I592_9PRIM_24-33",
        "A0A6J0VY94_ODOVR_24-33",
        "A0A1A6GS09_NEOLE_79-88",
        "A0A7N4P2Q8_SARHA_24-33",
        "A0AA88SIW9_TACVA_22-31",
        "A0A3Q7QN22_CALUR_28-37",
        "A0A8C7BN54_NEOVI_24-33",
        "A0A212CM43_CEREH_24-33",
        "A0A8C9KRH3_PANTA_24-33",
        "A0A6P5LEU3_PHACI_28-37",
        "A0A8D2IQ22_UROPR_22-31"
    ],
    "folder_path": "/content/drive/MyDrive/Thesis/protein_data/PF00446_outputs/sequence_embeddings/subfamily_1/significant_splits/rank1"
}