{
    "subfamily": 24,
    "rank": 3,
    "node_name": "0.807",
    "lambda_obs": 7617.099609375,
    "p_adj": 0.000999000999000999,
    "group_a": [
        "R0LC98_ANAPL_99-154",
        "A0A7K6WZJ3_STECA_1-53",
        "A0A7K8TJF8_9AVES_1-53",
        "A0A8C0HPU0_9AVES_30-84",
        "A0A8D0KVN7_STROC_272-326",
        "A0A8C0BPF1_9AVES_57-111",
        "A0A7L4GT07_PODST_1-53",
        "A0A7L4D7E6_9AVES_1-53",
        "A0A7K7BHZ8_9AVES_1-38",
        "A0A663DY69_AQUCH_272-326",
        "A0A8C3CR94_CAIMO_282-336",
        "A0A850TXZ0_GRUAM_1-53",
        "A0A851ACT2_SULDA_1-53",
        "A0A7L3GPP3_9AVES_1-51",
        "A0AA40L5Y7_PYGPA_1-53",
        "A0A7L1TEV5_ARAGA_1-53",
        "A0A7L4AE36_9AVES_259-304",
        "A0A7K8UFQ8_OCEOC_1-53",
        "A0A7K8NW26_CASCA_1-53",
        "A0A8D0F8C3_STROC_1-55",
        "A0A7K9XJ08_9GRUI_1-53",
        "A0A7L2GE62_NYCGR_1-53",
        "A0A7L4CS97_9AVES_1-53",
        "A0A7K6UPY7_9AVES_1-53",
        "A0A7K5YZ31_9AVES_1-53",
        "A0A7L2HNE2_SAGSE_1-53",
        "A0A7L3XVE6_9AVES_1-53",
        "A0A8B9VJF0_9AVES_30-84",
        "U3IPK9_ANAPP_30-84",
        "A0A8B9ERL5_ANSCY_5-59",
        "A0A7K8V7B8_9STRI_1-53",
        "A0A7L3J8U3_THACH_1-53",
        "A0A7K5H4F3_9AVES_1-53",
        "A0A7L0TDD5_PODPO_1-54",
        "A0A6J3CJT7_AYTFU_262-316",
        "A0A8C8EBH2_9STRI_10-53",
        "A0A8C3CML1_CAIMO_305-359",
        "A0A850W8I3_FREMA_1-53",
        "A0A7L2UIW8_BALRX_1-53",
        "A0A7L3AKA4_9AVES_1-53",
        "A0A8B9Q921_APTOW_30-84",
        "A0A7L0PRE1_9AVES_1-53",
        "A0A8C4UR69_FALTI_273-327",
        "A0A7L0KIQ1_CHATO_1-53",
        "A0A8B9ZSA1_9AVES_5-59",
        "A0A7L0EUP3_TROML_1-53",
        "A0A7K8KL15_9AVES_1-53",
        "A0A7L0FWC0_CORCN_1-53",
        "A0A7K9BHW0_DRONO_1-53",
        "A0A7K7LJR2_9AVES_262-316",
        "A0A7L4HGP3_SCOUM_1-53",
        "A0A7L0SC76_GLABR_1-53",
        "A0A8B9NK08_9AVES_269-317",
        "A0A7K4LDE2_9AVES_1-53",
        "A0A8B9I4L5_9AVES_389-433",
        "A0A7K9UQ27_ANSSE_1-53",
        "A0A7K9LYQ8_OCETE_1-53"
    ],
    "group_b": [
        "A0A7L3NPP7_9AVES_1-53",
        "A0A7L1GRG0_9PICI_1-53",
        "A0A2I0LHL3_COLLI_123-177",
        "A0A7L1KTR6_HIMHI_1-53",
        "A0A8B9FLF4_9PSIT_5-59",
        "F7DQL3_MONDO_291-345",
        "A0A852CRX5_9PICI_280-334",
        "A0A7K4X1H0_9TYRA_1-53",
        "A0A7L1WZY6_9AVES_1-51",
        "A0A0Q3MQZ8_AMAAE_1-38",
        "A0A7L2Y8Y3_JACJC_1-39",
        "A0A7K9H675_9PICI_197-251",
        "A0A7K9H9A5_9PICI_1-53",
        "A0A851Z358_9AVES_271-325",
        "A0A7L1NMB6_RHICY_259-313",
        "A0A7K5KM77_9TYRA_1-53",
        "G1SPE8_RABIT_295-337",
        "A0A852LCD8_UROIN_1-53",
        "A0A7K4YAF7_BUCAB_1-53",
        "A0A7K9T210_9PICI_270-324",
        "A0A7K9UA73_9AVES_1-53",
        "A0A7L1A4Y4_9PASS_1-53",
        "A0A7K6AEY1_ONYCO_1-53",
        "A0A7K4THD1_9CHAR_1-53",
        "A0A7K8ZY57_9PASS_1-53",
        "A0A7L4FQQ4_9COLU_1-53",
        "A0A7L3D6Q4_PLUSO_1-53",
        "A0A7K6AJ89_UPUEP_1-53",
        "G3VYZ2_SARHA_304-358",
        "A0A7K5FYB1_PROAR_1-53",
        "A0A7L0NS39_9PASS_1-53",
        "A0A7L2I9D1_9PICI_1-53",
        "A0A7L0I3Q8_AREIN_1-53",
        "A0A7L1HFU4_9CHAR_1-53",
        "A0A7K8XHF9_9PICI_267-321",
        "A0A7K7TWU6_9CHAR_1-53",
        "A0A7K8WP98_9FURN_1-53",
        "F6W1L9_ORNAN_279-333",
        "A0A7L0W9T5_ALELA_1-53",
        "A0A7K4RFS7_9TYRA_1-53",
        "A0A8V5H5I7_MELUD_341-395",
        "A0A7L4MWZ0_9AVES_288-342",
        "A0A8J6DP41_GALPY_305-359",
        "A0A7K9CIQ4_9PICI_1-53",
        "A0A6P5KY83_PHACI_291-345",
        "A0A7L3TIL3_RISTR_279-332",
        "A0A7K9DG20_9AVES_1-53",
        "A0A4X2M3Z6_VOMUR_307-361",
        "A0A7L0MM75_9PSIT_154-208",
        "A0A7L0JJD4_PIPCL_1-53",
        "A0A852H5U7_9CHAR_1-53",
        "A0A6P5L2C0_PHACI_307-361"
    ],
    "folder_path": "/Users/idan_shabo/Documents/Thesis/pipeline_outputs/PF04064_outputs/sequence_embeddings/subfamily_24/significant_splits/rank3"
}