{
    "subfamily": 5,
    "rank": 2,
    "node_name": "0.483",
    "lambda_obs": 20062.6328125,
    "p_adj": 0.000999000999000999,
    "group_a": [
        "A0A239T023_9STRE_292-382",
        "A3CKL1_STRSV_275-366",
        "A3CM81_STRSV_1086-1177",
        "F9HHB2_9STRE_470-562",
        "A0A380L0B2_9STRE_681-772",
        "T1ZF98_STRIT_564-656",
        "F9HHB2_9STRE_363-454",
        "A0A380KB15_9STRE_542-633",
        "A3CKL1_STRSV_481-572",
        "A3CM81_STRSV_464-555",
        "A3CM81_STRSV_361-452",
        "V8B7Y7_STRPA_364-455",
        "A0A380L0B2_9STRE_787-878",
        "T1ZF98_STRIT_668-759",
        "F9HHB2_9STRE_686-777",
        "A3CKL1_STRSV_172-263",
        "A3CKL1_STRSV_378-469",
        "V8B7Y7_STRPA_783-874",
        "V8B853_STRPA_443-534",
        "T1ZF98_STRIT_357-448",
        "A8AZQ2_STRGC_379-470",
        "A3CM81_STRSV_983-1074",
        "A3CM81_STRSV_670-761",
        "A3CM81_STRSV_567-658",
        "A0A139NG16_9STRE_527-618",
        "A0A380L0B2_9STRE_890-982",
        "A8AZQ2_STRGC_591-682",
        "T1ZF98_STRIT_460-552",
        "A3CKL1_STRSV_584-675",
        "A0A139NG16_9STRE_420-511",
        "A8AZQ2_STRGC_488-579",
        "A8AZQ2_STRGC_694-785",
        "A3CM81_STRSV_775-866",
        "A8AZQ2_STRGC_797-888",
        "T1ZF98_STRIT_874-966",
        "A0A380L0B2_9STRE_473-564",
        "A0A380L0B2_9STRE_577-668",
        "T1ZF98_STRIT_771-862",
        "T1ZF98_STRIT_982-1073",
        "A0A380KYK3_9STRE_259-350",
        "F9HHB2_9STRE_578-670",
        "A3CM81_STRSV_878-969",
        "A0A380L0B2_9STRE_369-460"
    ],
    "group_b": [
        "Q8CVC7_STRMU_447-538",
        "A0A1G6AY82_9STRE_416-507",
        "A0A239T023_9STRE_602-693",
        "A3CKL1_STRSV_691-782",
        "A0A139NG04_9STRE_462-553",
        "A0A172Q5T5_9STRE_350-441",
        "A0A172Q5T5_9STRE_537-627",
        "A0A380K8N4_9STRE_698-789",
        "A0A4R0QIV6_9STRE_351-442",
        "A0A139NLM3_9STRE_181-272",
        "A0A172Q5T5_9STRE_740-831",
        "A0A0H3N363_STRS4_636-724",
        "A0A380JI93_STRDO_446-537",
        "A0A0H3N363_STRS4_236-324",
        "Q8CVC7_STRMU_343-434",
        "A0A4R0QIV6_9STRE_166-257",
        "A0A139NLM3_9STRE_366-456",
        "A0A4R0QNK0_9STRE_29-120",
        "A0A172Q5T5_9STRE_639-730",
        "A0A239T023_9STRE_499-590",
        "A0A0H3N363_STRS4_536-624",
        "A0A380JI93_STRDO_340-431",
        "Q8DYX2_STRA5_290-381",
        "A0A0H3N363_STRS4_336-424",
        "A0A380JI93_STRDO_551-642",
        "A0A0H3N363_STRS4_436-524"
    ],
    "folder_path": "/Users/idan_shabo/Documents/Thesis/pipeline_outputs/PF08481_outputs/structure_embeddings/subfamily_5/significant_splits/rank2"
}