{
    "subfamily": 8,
    "rank": 1,
    "node_name": "0.866",
    "lambda_obs": 11188.88671875,
    "p_adj": 0.000999000999000999,
    "group_a": [
        "A0A9P4WMB0_9PLEO_295-349",
        "A0A8H6DW90_COCSA_295-349",
        "A0A8K0R715_9PLEO_295-349",
        "A0A6A5R1Z4_AMPQU_314-368",
        "A0A7U2EX12_PHANO_321-375",
        "A0A9W8ZP71_9PLEO_295-349",
        "A0A9P4H5R8_9PLEO_295-349",
        "A0A6A5RZM9_9PLEO_295-349",
        "A0A6A5U560_9PLEO_295-349",
        "A0A6A7A6R6_9PLEO_295-349",
        "M2UMP3_COCH5_295-349",
        "A0A9P9Q7P9_9PLEO_295-349",
        "A0A9P4T8Y3_CURKU_295-349",
        "W6YC73_COCC2_295-349",
        "A0A6A6AMM3_9PLEO_295-349",
        "A0A1Y2MF67_EPING_295-349",
        "A0A9W8WRP2_9PLEO_295-349",
        "M2S146_COCSN_295-349",
        "A0A178AUY5_9PLEO_295-349",
        "A0A6A6SF79_9PLEO_295-349"
    ],
    "group_b": [
        "A0A6A6J5C5_WESOR_298-352",
        "K2S488_MACPH_146-200",
        "A0A6A5YZ47_9PLEO_295-349",
        "A0A9P9ELZ7_9PLEO_295-349",
        "R1ETC2_BOTPV_284-338",
        "A0A6G1KI75_9PLEO_297-351",
        "A0A5N5DDQ5_9PEZI_284-338",
        "A0A6A6V7P0_9PLEO_294-348",
        "A0A1J9SIV2_9PEZI_282-336",
        "A0A1S8BA53_9PEZI_289-343",
        "A0A1Y1ZVP9_9PLEO_295-349",
        "A0A7C8M8E0_9PLEO_337-391",
        "A0A9P4MLC6_9PEZI_288-342",
        "A0A6A6X847_9PLEO_297-351",
        "A0A6A6DGY9_9PEZI_287-341",
        "A0A8H4N4H9_9PEZI_284-338",
        "A0A9P4K5H0_9PLEO_295-349",
        "A0A6A6T9H6_9PLEO_295-349",
        "A0A6G1JBD0_9PLEO_298-352",
        "A0A6A6ATU4_9PEZI_284-338",
        "A0A6A5XAF5_9PLEO_295-349"
    ],
    "folder_path": "/Users/idan_shabo/Documents/Thesis/pipeline_outputs/PF04064_outputs/sequence_embeddings/subfamily_8/significant_splits/rank1"
}