{
    "subfamily": 3,
    "rank": 1,
    "node_name": "0.885",
    "lambda_obs": 34429.484375,
    "p_adj": 0.000999000999000999,
    "group_a": [
        "A0A7F8PZG3_LEPWE_172-246",
        "A0A091CTW5_FUKDA_3-45",
        "A0A4U1END1_MONMO_114-188",
        "H3B7R5_LATCH_29-103",
        "A0A671DGY7_RHIFE_106-134",
        "A0A9X9LX12_GULGU_94-168",
        "L5KX06_PTEAL_77-151",
        "A0A6G1AQD8_CROCR_95-169",
        "G3UFC9_LOXAF_84-157",
        "A0A8C5KAA5_JACJA_94-143",
        "A0A287CZ21_ICTTR_76-150",
        "A0A4V5P6W0_MONMO_77-118",
        "A0A8C5L0Z8_JACJA_77-125",
        "A0A8W4FLX1_PIG_75-146",
        "A0A8C9BRX5_PHOSS_95-128",
        "A0A9F2R281_PYTBI_77-151",
        "A0A4V5PAG1_MONMO_94-121",
        "A0A452SDF9_URSAM_79-153",
        "A0A8D0B379_SALMN_95-169",
        "A0A0D9RP67_CHLSB_86-153",
        "A0A7N5JMJ4_AILME_77-151",
        "L8YA18_TUPCH_95-168",
        "A0A671FWE4_RHIFE_95-123",
        "A0A8B9WIY5_BOSMU_30-56",
        "A0A8I3RST2_CANLF_95-124",
        "A0A7J7E508_DICBM_42-74",
        "A0A2Y9IJ33_ENHLU_139-213",
        "L9KVY1_TUPCH_77-144",
        "A0A4W2CTA5_BOBOX_95-129",
        "A0A8C7EIN6_NEOVI_93-168",
        "A0A5J5N308_MUNRE_69-128",
        "A0A9Q0XEU9_9SAUR_77-151",
        "L5LB74_MYODS_77-103",
        "A0A1A6HJY3_NEOLE_7-61",
        "H9GLA9_ANOCA_95-169",
        "A0A9X9LMM2_GULGU_9-83",
        "H3B7R6_LATCH_60-134",
        "A0A9L0TQR3_HORSE_95-124",
        "A0A384C9B3_URSMA_97-171",
        "A0A673UMI0_SURSU_95-122",
        "A0A8B9XRQ1_BOSMU_30-56",
        "A0A8C9CN00_PHOSS_108-136",
        "A0A8C5NVE4_JACJA_79-127",
        "G3HRV2_CRIGR_90-164",
        "A0A8D2LQB7_VARKO_95-169",
        "A0A8C5KC33_JACJA_62-111",
        "A0A485N0K8_LYNPA_35-73",
        "A0A1A6HJ04_NEOLE_35-110",
        "A0A2Y9ILP1_ENHLU_95-169",
        "A0A5N3X9K9_MUNRE_34-107",
        "A0A3Q0E0J2_CARSF_95-169",
        "A0A9B0X049_CHRAS_77-151",
        "G5AY99_HETGA_9-83",
        "A0A452DZT4_CAPHI_85-121",
        "A0A6J0TT96_9SAUR_95-169",
        "A0A8M1MQ45_NEOSC_95-169"
    ],
    "group_b": [
        "F6UCA0_MACMU_77-151",
        "A0A672U2M8_STRHB_125-199",
        "A0A663EJJ8_AQUCH_95-169",
        "A0A803W164_FICAL_196-270",
        "A0A8C3RDS0_9PASS_95-169",
        "A0A7L1Q3X5_ORIOR_94-168",
        "A0A8C8AR65_9STRI_95-169",
        "A0A7K9PWW9_9CORV_94-168",
        "A0A7K6HKP4_9PASS_94-168",
        "A0A7K7R2M1_POEAT_94-168",
        "A0A7K5JDY7_TOXRE_94-168",
        "A0A8B9IY26_9PSIT_77-151",
        "A0A7K5E406_POLCE_94-168",
        "G3VVD0_SARHA_97-171",
        "A0A803VV20_FICAL_196-223",
        "G3W1M2_SARHA_95-169",
        "A0A093GT45_DRYPU_94-168",
        "A0A093PG01_PHACA_68-142",
        "A0A7K5S9E5_LANLU_94-168",
        "A0A6P9DNY6_PANGU_95-169",
        "A0A7L2Z1U5_JACJC_94-168",
        "A0A7K9DHV3_9AVES_94-168",
        "A0A8B9VM37_9AVES_77-151",
        "A0A7K9W6N4_9PASS_94-168",
        "A0A7L0MTT9_9PSIT_94-168",
        "A0A7K5LR18_VIRAL_94-168",
        "A0A8K1G5L3_9PASS_95-169",
        "A0A094KHM6_PODCR_68-142",
        "A0A7K9BSN8_9PICI_94-168",
        "A0A7L2VFM2_9AVES_68-142",
        "A0A401S1R2_CHIPU_95-169",
        "A0AA40L0L5_PYGPA_94-168",
        "A0A851RX43_CERFA_94-168",
        "A0A3M0JB68_HIRRU_440-514",
        "A0A7L4FMU5_9COLU_94-168",
        "A0A7L3WKX5_9GRUI_94-168",
        "A0A7K5B6R4_9FURN_94-168",
        "A0A7K7SJU7_9TYRA_94-168",
        "A0A7N9IGQ3_MACFA_147-221",
        "A0A7L2JTY3_CINMU_94-168",
        "A0A2K6N8Q3_RHIRO_1-50",
        "A0A7L4HWX5_SCOUM_94-168",
        "A0A7K9JIJ5_9PASE_94-168",
        "A0A0D9S0E5_CHLSB_95-169",
        "A0A7K7JAV7_LOXCU_94-168",
        "A0A8J4JUH9_EUDMI_94-168",
        "A0A7K6EYD5_9PASS_94-168",
        "G3VTI3_SARHA_95-169",
        "A0A7K8GHJ0_ORTSP_94-168",
        "A0A6J3DN58_AYTFU_95-169",
        "A0A7K7FB95_CHIMN_94-168",
        "A0A851FJL8_PITSO_94-168",
        "A0A7L1ZVF0_LEILU_94-168",
        "A0A091SIE4_9AVES_68-142",
        "A0A4W3GQK3_CALMI_97-171",
        "A0A7K8PVF4_COCCO_94-168",
        "A0A8B9QIL4_APTOW_78-152",
        "A0A6J0H978_9PASS_95-169",
        "A0A7K8I1V3_9CORV_94-168",
        "A0A8D0FVC6_STROC_95-169",
        "A0A7K9YKL0_9GALL_94-168",
        "A0A8C3LXB5_CHRPC_68-142",
        "A0A4X2LI11_VOMUR_95-169",
        "A0A7K8YNU7_9PASS_94-168",
        "A0A7K5CM02_MOTAL_94-168",
        "A0A7K5R1Q4_9PASE_94-168",
        "A0A8C5S2A6_LATLA_77-151",
        "A0A7K8UQJ9_9STRI_68-142",
        "V8P745_OPHHA_95-169",
        "A0A7L1S3B8_9PASS_94-168",
        "A0A8C3K3E9_9CHAR_95-169",
        "A0A7L2RXX0_9PASS_91-165",
        "A0A0Q3QRB8_AMAAE_80-163",
        "U3IGU2_ANAPP_156-230",
        "A0A7L3DRP8_PLUSO_16-90",
        "A0AAD1T1B5_PELCU_95-169",
        "A0A8C5QSS5_9ANUR_95-169",
        "A0A8C0LI26_CANLU_78-154",
        "A0A8C5QTP2_9ANUR_83-157",
        "A0A9D4AR57_9SAUR_77-151",
        "A0A850YLF1_AEGCA_94-168",
        "A0A7K7CZL8_PHEME_94-168",
        "A0A7L3B470_9AVES_94-168",
        "A0A093C923_9AVES_94-168",
        "A0A9B0U694_CHRAS_95-169",
        "A0A7L1WSI3_9PASS_94-168",
        "A0A091EB77_CORBR_68-142",
        "A0A7K4WSQ7_9TYRA_94-168",
        "A0A7K6IKG5_9CORV_94-168",
        "A0A852JBA4_9PICI_94-168",
        "A0A8C8YYF1_PROSS_95-169",
        "A0A7L0WCV5_ALELA_94-168",
        "RS4_CHICK_95-169",
        "A0A7K8MN66_9CORV_94-168",
        "A0A851L5P2_VIDCH_94-168",
        "A0A7L2T5H2_POMRU_94-168",
        "F6VIJ7_MONDO_95-169",
        "A0A7K8NNJ8_CASCA_94-168",
        "A0A7L3BJT7_PELUR_94-168",
        "A0A8J1IN17_XENTR_95-169",
        "A0A7K4VEV2_9EMBE_94-168",
        "A0A7L4BJI9_9CHAR_94-168",
        "A0A8B9BEW0_9AVES_81-155",
        "A0A7L1KMD8_HIMHI_94-168",
        "A0A7L0H6S9_HERCA_94-168",
        "A0A7L2HA24_SAGSE_94-168",
        "RS4Y1_PANTR_95-169",
        "A0A7K4TCY6_9CHAR_68-142",
        "A0A7K8Y124_9PICI_94-168",
        "A0A8C6JT17_MELUD_95-169",
        "A0A7K8EV03_9CORV_94-168",
        "A0A852G8E4_9CHAR_94-168",
        "A0A670J876_PODMU_95-169",
        "A0A851DXV3_TODME_68-142",
        "A0A7K6AK31_UPUEP_94-168",
        "A0A1U8DEI3_ALLSI_126-200",
        "A0A850WJ79_PIACA_94-168",
        "A0A7K5UE74_CEPOR_93-167",
        "A0A2K6L524_RHIBE_95-169",
        "A0A7K7EU04_9SYLV_94-168",
        "A0A7K7Z6R6_9PASE_94-168",
        "A0A7K7SA74_9PASS_94-168",
        "A0A670YJ18_PSETE_95-169",
        "A0A8C3K4J9_9CHAR_95-169",
        "A0A7L3K232_9PASS_94-168",
        "A0A6P5JK52_PHACI_243-308",
        "A0A7K5VK91_9CORV_94-168",
        "A0A850W2S0_FREMA_68-142",
        "A0A7L0NJG7_9PASS_68-142",
        "A0A7K9DTY2_BARMA_68-142",
        "RS4Y2_HUMAN_95-169",
        "H3A141_LATCH_95-169",
        "A0A7L3Q402_9SYLV_94-168",
        "A0A2K6L518_RHIBE_100-174",
        "A0A851JLA5_9PASS_94-168",
        "A0A851QD41_ANHAN_91-165",
        "A0A8C3MQX4_GEOPR_222-296",
        "A0A8C6Y0N1_NAJNA_95-122",
        "A0A7L2Z997_9PASE_94-168",
        "A0A7K5F9R6_PROAR_94-168",
        "A0A7L3YV15_FREGA_94-168",
        "A0A2P4SP37_BAMTH_116-144",
        "A0A7L1NQ67_RHICY_94-168",
        "A0A7L0LG78_9SYLV_94-168",
        "A0A7K9HKS8_9PICI_94-168",
        "A0A7K7GKA4_ERIRU_94-168",
        "A0A7L0B9A4_9AVES_68-142",
        "A0A7L3SED7_CEPGR_94-168",
        "A0A674ID81_9SAUR_95-169",
        "A0A7K6KH11_9PASE_94-168",
        "A0A8D2PQB0_ZOSLA_77-151",
        "A0A7L1MPQ4_BOMGA_94-168",
        "A0A8C5IW20_JUNHY_81-155",
        "A0A7L2KQZ6_9PASS_94-168",
        "A0A7L2GMN1_NYCGR_68-142",
        "A0A2P4SP37_BAMTH_162-236",
        "A0A851V645_9PASS_94-168",
        "A0A7L2Y823_9PASS_94-168",
        "A0A7L0UET3_CHOAC_94-168",
        "A0A7K7X249_9PASS_94-168",
        "A0A091SWQ7_NESNO_70-144",
        "A0A670KAJ1_PODMU_95-169",
        "A0A8C4WFX6_9SAUR_77-151",
        "A0A7K8U817_OCEOC_94-168",
        "A0A852N117_9PASS_94-168",
        "A0A7K6MN48_PANBI_94-168",
        "A0A7K6X9V4_9PASE_94-168",
        "A0A2G9SHI0_AQUCT_97-150",
        "A0A7K6QRT3_9PASS_94-168",
        "A0A7K4XHL3_REGSA_94-168",
