{
    "subfamily": 4,
    "rank": 3,
    "node_name": "0.777",
    "lambda_obs": 10310.22265625,
    "p_adj": 0.000999000999000999,
    "group_a": [
        "A0A2W1BM92_HELAM_77-151",
        "A0A8B8HQI3_VANTA_95-169",
        "A0A8S4S953_9NEOP_95-169",
        "A0A194RF47_PAPMA_77-151",
        "A0A835L038_SPOEX_95-169",
        "A0A8J2VPV6_9NEOP_95-169",
        "A0AA38HNS2_9CUCU_77-151",
        "A0A194Q3U2_PAPXU_77-151",
        "RS4_BOMMO_95-169",
        "A0A821LLX1_9NEOP_95-169",
        "A0A7E5VNH5_TRINI_95-169",
        "A0A8R1W7M2_ACYPI_95-169",
        "A0AAD7YXY3_MYTSE_95-169",
        "R4FND3_RHOPR_95-169",
        "A0A6G0TSN3_APHGL_95-169",
        "A0A8J9UX55_9NEOP_95-169",
        "A0A3G1T1F3_GALME_95-169",
        "U4UMB1_DENPD_95-160",
        "A0A5E4MKY0_9HEMI_95-169",
        "A0A212FPM1_DANPL_95-169",
        "A0A4C1U0B2_EUMVA_118-192",
        "A0A8I6RZR6_CIMLE_95-169",
        "A0A9P0T7A4_PIEBR_95-169",
        "D1LYL8_MANSE_95-169",
        "A0A5E4QFI4_9NEOP_95-169",
        "A0A8S3XYF0_PARAO_95-169",
        "A0A8S4FE50_PLUXY_95-169",
        "A0A0L7L2L3_OPEBR_94-168",
        "A0A9P0C5C9_CHRIL_95-169",
        "E0W344_PEDHC_77-151",
        "U4UT11_DENPD_64-125",
        "A0A6A4JV17_APOLU_95-169",
        "A0A8B8GCA6_9HEMI_95-169",
        "A0A6G0YSH0_APHCR_95-169",
        "A0A921ZWD1_MANSE_77-151",
        "A0A9N9WBH6_9NEOP_95-169",
        "A0A9J7EQF6_SPOLT_95-169",
        "A0A9P0IC45_SPOLI_77-151",
        "A0A9P0IUU8_APHGO_95-169",
        "A0A8S1BDH7_ARCPL_95-169",
        "A0A5E4MIK5_9HEMI_95-169",
        "A0A5E4MKH2_9HEMI_95-169",
        "A0A6H5FWZ7_9HEMI_1-49"
    ],
    "group_b": [
        "A0A8J2RNV7_9CRUS_95-169",
        "A0A836EU85_9HYME_77-151",
        "A0A833VQ28_9HYME_95-169",
        "A0A834J323_RHYFE_80-154",
        "A0A195E7Z6_9HYME_77-151",
        "A0A4S2L554_9HYME_95-169",
        "U4URZ9_DENPD_119-146",
        "A0A7R9LS41_9ACAR_133-207",
        "B7QCY4_IXOSC_68-142",
        "A0A7M7G1B5_NASVI_95-169",
        "A0A1Y3BKD6_EURMA_1-43",
        "A0A6J2T932_DROLE_95-169",
        "A0A8T0EWZ3_ARGBR_95-169",
        "RS4_DROME_95-169",
        "A0A6H5IEL2_9HYME_95-169",
        "A0A8B8PRN1_9MYRT_77-151",
        "A0A0N0BIM2_9HYME_94-168",
        "A0A817QUB8_9BILA_96-170",
        "A0A164Q880_9CRUS_95-169",
        "B3MAZ3_DROAN_95-169",
        "A0AAE1LCP7_9NEOP_95-169",
        "A0AAJ7IRT8_9HYME_95-169",
        "A0A8S1C8C1_9INSE_95-169",
        "A0A6I9VKU4_BACDO_95-169",
        "A0A9P0NRV0_ACAOB_95-169",
        "A0A6P8YDI4_THRPL_95-169",
        "A0A0T6AZN7_9SCAR_77-151",
        "A0A3S3Q3S4_9ACAR_94-168",
        "B4MLZ0_DROWI_95-169",
        "A0A8S1BWU0_9INSE_77-151",
        "E2CA32_HARSA_95-169",
        "A0AAD9RT79_9HYME_95-169",
        "A0A2J7R2C7_9NEOP_94-168",
        "A0A8J5R951_9HYME_79-145",
        "A0A1Y1NID0_PHOPY_95-169",
        "Q7PT95_ANOGA_95-169",
        "A0A7I8VNB0_9ANNE_51-125",
        "A0A8X6MA45_NEPPI_32-102",
        "A0A0J7L2G5_LASNI_95-169",
        "A0A026WU17_OOCBI_95-169",
        "A0A6P3WYR5_DINQU_95-169",
        "A0A1D1UZ68_RAMVA_95-169",
        "T1JIB6_STRMM_95-169",
        "A0A6P8WXJ4_DROAB_95-169",
        "U4URS8_DENPD_119-146",
        "A0A9N9SQ22_PHACE_77-151",
        "E2B4Z3_HARSA_31-105",
        "A0A482VJ34_ASBVE_94-168",
        "A0A4Y2DHH3_ARAVE_95-169",
        "A0A0L7RIZ8_9HYME_94-168",
        "A0A9J6DG09_RHIMP_95-169",
        "A0A9Q0MBP1_BLOTA_95-169",
        "A0A817TRZ5_9BILA_96-170",
        "A0A9P0CVN0_9CUCU_95-169",
        "A0A9R1TWY5_9HYME_95-169",
        "W5J7K3_ANODA_95-169",
        "A0A9P0B8S7_BRAAE_95-169",
        "A0A8X6KXY7_TRICU_95-169",
        "A0A814AI31_9BILA_96-123",
        "A0A9N9QQV8_9CUCU_95-169",
        "A0A8J2HQE0_COTCN_77-151",
        "A0A154PTQ5_DUFNO_94-168",
        "A0AAJ6YRS8_9HYME_77-151",
        "B4HGP0_DROSE_95-169",
        "A0A836JMD5_9HYME_77-151",
        "Q1HRS6_AEDAE_95-169",
        "D6WLJ6_TRICA_95-169",
        "A0A6I9W6C5_9HYME_95-169",
        "T1KWG9_TETUR_95-169",
        "A0A8K0KE81_LADFU_95-169",
        "A0A087UQN9_STEMI_95-169",
        "A0A6J2YD55_SITOR_95-169",
        "A0A6J1RUU1_FRAOC_95-169",
        "A0AA39KZA3_MICHY_95-169",
        "A0A7R9KYZ9_9ACAR_95-169",
        "A0A8S1CAB2_9INSE_77-151",
        "A0A2A3EA30_APICC_99-173",
        "A0A7R9R0A2_9ACAR_77-151",
        "A0A8J2HII5_COTCN_95-169",
        "A0A443SFM2_9ACAR_94-168",
        "A0A9D4ST70_RHISA_95-169",
        "A0A815B699_9BILA_96-170",
        "A0A6L2PD36_COPFO_113-187",
        "A0A9N9RRP9_9DIPT_95-169",
        "A0A8J2MD14_9HEXA_153-227",
        "A0A7R8WZ92_9CRUS_97-171",
        "A0A7R8UH42_HERIL_95-169",
        "Q2M038_DROPS_95-169",
        "E9HZY7_DAPPU_95-169",
        "A0A6P6XW68_DERPT_95-169",
        "A0AA40FY93_9HYME_95-169",
        "A0A6P7TL90_OCTVU_96-170",
        "A0A226EN14_FOLCA_95-169",
        "A0A7M7RA30_APIME_95-169",
        "A0A0M4EK98_DROBS_95-169",
        "A0A9P0E591_NEZVI_95-169",
        "A0A816FRQ3_ADIRI_45-119",
        "A0A814QNX1_9BILA_96-170",
        "X2JGM9_DROME_95-169",
        "A0A8X7C500_9ARAC_95-169",
        "B0W871_CULQU_96-170",
        "A0A1I8N0V3_MUSDO_95-169",
        "A0A8S1C4I3_9INSE_95-169",
        "A0A8X6QNY3_NEPPI_95-148",
        "A0A815G0F8_9BILA_96-170",
        "A0A151ILM3_9HYME_94-168",
        "B4LC10_DROVI_95-169",
        "A0A151XB69_9HYME_77-151",
        "B4KZS2_DROMO_95-169",
        "B4QIZ0_DROSI_95-169",
        "A0A8X6RR00_TRICX_95-169",
        "A0A814AI31_9BILA_125-182",
        "A0A814IDW4_ADIRI_96-170",
        "A0A1W0WDA2_HYPEX_95-169",
        "A0A484B6R2_DRONA_95-169",
        "A0A7R9LKW0_9ACAR_10-84",
        "A0A653CDX8_CALMS_95-169",
        "A0A812DHQ6_ACAPH_96-170",
        "A0A9N9TDP2_PHYSR_95-169",
        "A0AAD7ZG33_DIPPU_95-169",
        "A0A834P387_VESPE_396-470",
        "A0A6J3KFK5_9HYME_95-169",
        "A0A6P4IHT0_DROKI_95-169",
        "A0A482X1K7_LAOST_95-169",
        "A0A195F289_9HYME_93-167",
        "A0A0L0CHG6_LUCCU_96-170",
        "A0A6H5I419_9HYME_95-169",
        "A0A158NG13_ATTCE_77-151",
        "A0A834N8Q1_VESVU_95-169",
        "E9I3C5_DAPPU_30-101",
        "A0AAD5PQH9_9CRUS_95-169",
        "A0A820NMY4_9BILA_96-170",
        "A0A814GNQ3_9BILA_96-165",
        "A0A7R9BKR4_9CRUS_95-169",
        "A0A8J6LA21_TENMO_486-560",
        "A0A6P3YEN5_DINQU_95-169",
        "A0AA39KRT8_9HYME_95-169",
        "A0A6J0C991_NEOLC_95-169",
        "A0A9N9X3C2_PHACE_95-169",
        "A0A811V3M8_CERCA_95-169",
        "E2AHW7_CAMFO_94-168",
        "A0A9P0NTS9_ACAOB_95-169",
        "A0A1D2MVT5_ORCCI_95-169",
        "A0A816SNX6_9BILA_96-170",
        "A0A6A4W0R3_AMPAM_95-169",
        "A0A8K0DFT6_IGNLU_95-169",
        "A0A836K6G5_9HYME_77-151",
        "A0A067RCU4_ZOONE_95-169",
        "F4X6J1_ACREC_119-193",
        "A0A6H5I6H6_9HYME_95-161",
        "A0A131ZYC4_SARSC_95-169",
        "A0A834KBP9_VESGE_95-169",
        "A0A820V4E9_9BILA_96-170",
        "A0A151I1K4_9HYME_95-169",
        "A0AAD4JZI4_9MUSC_94-168",
        "A0A815HQB2_ADIRI_45-119",
        "B4GS62_DROPE_95-169",
        "A0A6H5IMW1_9HYME_192-266",
        "A0A7E6FTA1_OCTVU_94-168",
        "A0A9N9X640_DIABA_95-169",
        "A0A2T7P7C9_POMCA_51-125",
        "A0A1S3IZ35_LINAN_95-169",
        "A0A9Q0N5K6_9DIPT_95-169",
        "A0A6P7GX44_DIAVI_95-169",
        "A0A8S1C551_9INSE_95-169",
        "A0A6P4FK23_DRORH_95-169",
        "B4J0S0_DROGR_95-169",
        "A0A1J1IZU7_9DIPT_95-169",
        "RS4_IXOSC_95-169",
        "A0A834XWZ5_APHGI_95-168",
        "A0A9J6CPR2_POLVA_95-169",
        "A0A815RPL5_9BILA_96-170",
        "A0A182Y842_ANOST_87-161",
        "A0A8X6K830_NEPPI_92-166",
        "A0A8J2MB38_COTCN_57-131",
        "A0A816EMI2_9BILA_1-39",
        "R7UYP0_CAPTE_95-169",
        "A0A8X6PQ12_NEPPI_95-169",
        "A0AA38MHI2_9CUCU_95-169",
        "A0A6J1QDA6_9HYME_95-169",
        "A0A820N111_9BILA_96-123",
        "A0A922HYX0_DERFA_95-169",
        "A0AAD9NNH7_RIDPI_77-151",
        "A0A9P9YRH2_9MUSC_95-169",
