{
    "subfamily": 8,
    "rank": 4,
    "node_name": "0.678",
    "lambda_obs": 26158.3671875,
    "p_adj": 0.000999000999000999,
    "group_a": [
        "F7IJD4_CALJA_817-872",
        "A0A2K5UU42_MACFA_818-873",
        "A0A1U7UN29_CARSF_814-869",
        "A0A2K6MBL2_RHIBE_847-902",
        "A0A2K6UTX3_SAIBB_704-759",
        "A0A8C8YBQ0_PROSS_795-850",
        "A0A4U1FIM4_MONMO_814-869",
        "A0A2I3T936_PANTR_818-873",
        "A0A2K6FYB0_PROCO_784-826",
        "H2R2Z4_PANTR_819-874",
        "A0A6P7HMA8_9TELE_836-891",
        "A0A8D2EV29_THEGE_818-873",
        "A0A3Q3GR39_9LABR_844-899",
        "A0A2K5DWZ7_AOTNA_814-869",
        "A0A8C6MUN5_MUSSI_829-884",
        "F1N1H5_BOVIN_813-868",
        "A0A3P9CDT3_9CICH_839-894",
        "A0A672QWL4_SINGR_638-664",
        "A0A669CHK5_ORENI_674-729",
        "F6WK74_MACMU_818-854",
        "A0A6J0D0K3_PERMB_826-881",
        "A0A6P3J3I6_BISBB_814-869",
        "H3CN65_TETNG_791-846",
        "G3RE50_GORGO_819-874",
        "A0A8C5UVX3_MICMU_760-815",
        "A0A8B7V0Q1_CASCN_815-870",
        "Q5T670_HUMAN_817-850",
        "A0A7F8K861_DELLE_817-872",
        "A0A8C6D6Y6_MOSMO_816-871",
        "A0A6J0WKL9_ODOVR_816-871",
        "A0A4W2EEW8_BOBOX_814-869",
        "A0A2R8ZYB1_PANPA_818-873",
        "A0A4U5VRB5_COLLU_861-916",
        "A0A3Q3WFD9_MOLML_717-772",
        "A0A2K5LXN2_CERAT_817-872",
        "H0X0N6_OTOGA_816-871",
        "H2N2R2_ORYLA_859-914",
        "A0A6G0HR80_LARCR_853-908",
        "A0A4W2E5F8_BOBOX_859-914",
        "A0A3Q1M8P0_BOVIN_859-914",
        "A0A5F5PFZ6_HORSE_818-873",
        "A0A5F7Z924_MACMU_818-873",
        "G3GVQ6_CRIGR_831-886",
        "A0A8C3VM23_9CETA_819-852",
        "A0A671XP76_SPAAU_849-904",
        "A0A665U4C7_ECHNA_707-762",
        "A0A6J0D226_PERMB_827-882",
        "A0A2K6RXJ3_RHIRO_818-873",
        "A0A7J7FL40_DICBM_814-869",
        "A0A452FKT9_CAPHI_843-898",
        "A0A5G2QMU6_PIG_818-873",
        "F6QH58_MONDO_821-876",
        "H2ZWM4_LATCH_821-876",
        "A0A8C9DCT7_PROSS_816-871",
        "A0A2I3NHM9_PAPAN_1347-1402",
        "A0A2K5LXP7_CERAT_818-873",
        "H2N9S8_PONAB_817-872",
        "A0A8C4S2L9_ERPCA_805-860",
        "A0A8C7XFA9_9TELE_856-911",
        "A0A6P5LB00_PHACI_817-872",
        "A0A9L0T2R7_HORSE_859-914",
        "A0A287AY37_PIG_817-852",
        "F6SDG5_HORSE_817-849",
        "A0A803TJC0_ANOCA_809-853",
        "A0A341D4J2_NEOAA_816-871",
        "G1RNT8_NOMLE_818-873",
        "A0A212CB86_CEREH_816-860",
        "A0A6P5CSG4_BOSIN_814-869",
        "A0A0D9RL57_CHLSB_817-872",
        "A0A2I3GVB9_NOMLE_819-874",
        "A0A2I2ZA30_GORGO_818-873",
        "A0A6G1QR28_9TELE_848-903",
        "A0A2K5LXP1_CERAT_820-875",
        "A0A096P3G3_PAPAN_818-873",
        "A0A8C9BLP6_PHOSS_817-872",
        "A0A8C4PTA8_EQUAS_817-872",
        "A0A2K6BZQ9_MACNE_820-875",
        "F6WK85_MACMU_805-860",
        "A0A2R9A3T7_PANPA_819-874",
        "A0A2K5DX78_AOTNA_843-898",
        "A0A8C9I8K5_9PRIM_818-873",
        "A0A452FL19_CAPHI_815-870",
        "A0A8C3VT70_9CETA_820-875",
        "A0A8C4PTA6_EQUAS_883-938",
        "A0A1S2ZUD2_ERIEU_813-868",
        "A0A668S2D0_OREAU_837-892",
        "MCM10_HUMAN_818-873",
        "A0A2U4B711_TURTR_816-871",
        "A0A8C5Y1B9_MICMU_753-808",
        "A0A3Q3RGP2_9TELE_855-910",
        "A0A2K6BZN6_MACNE_818-873",
        "A0A5J5MSF8_MUNRE_829-884",
        "A0A6J0ARH8_VICPA_816-871",
        "A0A5C6NBF3_9TELE_824-879",
        "A0A484GGE9_SOUCH_815-870",
        "A0A6J3A0K6_VICPA_817-872",
        "A0A6P5CRB1_BOSIN_813-868",
        "A0A8C4HR49_DICLA_712-767",
        "A0A2K5ICA5_COLAP_784-817",
        "A0A663E1E1_AQUCH_802-844",
        "A0A6J0WLV4_ODOVR_817-872",
        "A0A3P9PNT4_POERE_816-855",
        "A0A2K5R4T0_CEBIM_813-868",
        "A0A1U7UPM0_CARSF_813-868",
        "A0A8J6GSG0_MICOH_826-881",
        "D3Z8C4_RAT_832-887",
        "L8HYH8_9CETA_811-866",
        "A0A096P3F9_PAPAN_824-879",
        "A0A3Q0D4V3_MESAU_828-883",
        "MCM10_MOUSE_828-883",
        "A0A2K5IC88_COLAP_796-851",
        "A0A8B7X962_MICMU_809-864",
        "W5P5W0_SHEEP_814-869",
        "A0A4X2L834_VOMUR_817-872",
        "I3K175_ORENI_837-892",
        "A0A2I3SJP5_PANTR_817-872",
        "A0A2K5ZG40_MANLE_765-820",
        "A0A6J3F2X2_SAPAP_813-868",
        "A0A2K6MBR5_RHIBE_818-873"
    ],