{
    "subfamily": 2,
    "rank": 1,
    "node_name": "0.000",
    "lambda_obs": 13269.0419921875,
    "p_adj": 0.000999000999000999,
    "group_a": [
        "A0A1G6CP01_9STRE_640-725",
        "Q8DZA3_STRA5_589-675",
        "F5X228_STRPX_495-568",
        "Q8DUR7_STRMU_144-210",
        "A0A934P999_9STRE_434-506",
        "A0A3P1VE24_9STRE_299-382",
        "A0A380JDN3_STRDO_388-464",
        "G5KCL5_9STRE_478-561",
        "G5KFQ5_9STRE_435-523",
        "A0A0E4CT98_9STRE_301-378",
        "T0TFC4_9STRE_48-133",
        "A0A139NKU7_9STRE_2-84",
        "A0A2X3W8K8_9STRE_426-507",
        "A0A934P8N6_9STRE_448-528",
        "A0A1G6CP01_9STRE_343-423",
        "A0A934P8N6_9STRE_152-233",
        "A0A2L0D5J1_9STRE_469-551",
        "A0A2L0D304_9STRE_469-551",
        "A0A380KEW6_9STRE_1018-1104",
        "A0A2X3VXM5_9STRE_560-645",
        "A0A0E4H5E7_9STRE_293-376",
        "G5KH31_9STRE_456-540",
        "Q8DV28_STRMU_487-560",
        "A0A172Q898_9STRE_656-741",
        "A0A934P999_9STRE_726-806",
        "A0A1G6C6R7_9STRE_453-536"
    ],
    "group_b": [
        "A0A2X3VZW6_9STRE_104-183",
        "A3CJZ8_STRSV_136-218",
        "G5KH32_9STRE_147-212",
        "F9HJV9_9STRE_41-123",
        "A0A3L9DVT0_9STRE_136-220",
        "A0A2X3VG46_9STRE_241-303",
        "A0A414SNL0_9FIRM_463-553",
        "A0A172Q6R9_9STRE_478-559",
        "A0A143XP37_9FIRM_283-364",
        "A0A139NI53_9STRE_129-206",
        "A0A3P1VE28_9STRE_1-59",
        "A0A139NFL6_9STRE_431-509",
        "A3CJZ8_STRSV_43-128",
        "G5KD88_9STRE_1-58",
        "A0A934P8S6_9STRE_135-214",
        "A0A2X3W4V0_9STRE_122-210",
        "A0A1Y4MFW9_9FIRM_90-177",
        "T1ZCQ5_STRIT_137-216",
        "A0A143XTQ2_9FIRM_238-325",
        "A8AZY2_STRGC_39-122",
        "T1ZCQ5_STRIT_44-126",
        "A0A1Y4MJT0_9FIRM_126-187"
    ],
    "folder_path": "/Users/idan_shabo/Documents/Thesis/pipeline_outputs/PF08481_outputs/sequence_embeddings/subfamily_2/significant_splits/rank1"
}