{
    "subfamily": 8,
    "rank": 1,
    "node_name": "0.655",
    "lambda_obs": 6867.31201171875,
    "p_adj": 0.000999000999000999,
    "group_a": [
        "A0A3B6FG15_WHEAT_234-257",
        "A0A8I6X1V9_HORVV_70-93",
        "A0A3B6GKB6_WHEAT_217-240",
        "A0A3B6FHZ6_WHEAT_162-185",
        "A0A9R1Q634_TRITD_116-139",
        "A0A453DSY6_AEGTS_155-178",
        "A0A3B6FG15_WHEAT_342-365",
        "A0A9R0RD11_TRITD_160-183",
        "A0A9R0VDV9_TRITD_158-181",
        "A0A077RU64_WHEAT_340-363",
        "A0A3B6GKB6_WHEAT_119-142",
        "A0A077RU64_WHEAT_234-257",
        "A0A9R1RVX0_TRITD_239-262",
        "A0A9R1RWP5_TRITD_161-184",
        "A0A453DSY6_AEGTS_251-274",
        "A0A3B6GM42_WHEAT_215-238",
        "A0A3B6GM42_WHEAT_119-142",
        "A0A453DT00_AEGTS_155-178",
        "A0A3B6EBN5_WHEAT_160-183",
        "A0A3B6EDD9_WHEAT_158-181",
        "A0A9R1RVX0_TRITD_345-368"
    ],
    "group_b": [
        "A0A3B6E9W4_WHEAT_53-76",
        "A0A9R0VF95_TRITD_53-76",
        "A0A9R0R959_TRITD_48-71",
        "A0A8R7TQP0_TRIUA_51-74",
        "A0A9R0VGG1_TRITD_51-74",
        "IBB1_WHEAT_9-32",
        "A0A9R1Q5Z0_TRITD_57-80",
        "A0A3B6GLF7_WHEAT_52-75",
        "F2DGF0_HORVV_54-77",
        "A0A9R0VDW5_TRITD_48-71",
        "A0A9R1Q8V3_TRITD_59-82",
        "A0A9R1RW69_TRITD_54-77",
        "A0A453DSU3_AEGTS_54-77",
        "A0A453DST4_AEGTS_29-52",
        "A0A3B6EAS3_WHEAT_51-74",
        "A0A453DST5_AEGTS_59-82",
        "A0A453DSS2_AEGTS_10-33",
        "A0A3B6EDE3_WHEAT_53-76",
        "A0A3B6FIV2_WHEAT_57-80",
        "A0A077RRV3_WHEAT_59-82",
        "A0A077RU67_WHEAT_58-81",
        "A0A453DSW2_AEGTS_72-95",
        "A0A453DSU6_AEGTS_57-80",
        "A0A3B6GM28_WHEAT_54-77",
        "A0A9R0VEJ1_TRITD_53-76",
        "A0A9R1Q6A1_TRITD_56-79",
        "A0A3B6FG05_WHEAT_54-77",
        "A0A9R1Q604_TRITD_105-128",
        "A0A8I6XA13_HORVV_55-78",
        "A0A9R0RAE0_TRITD_51-74",
        "A0A453DSV6_AEGTS_10-33",
        "A0A9R1Q603_TRITD_11-34",
        "A0A8R7TQB4_TRIUA_53-76",
        "A0A3B6GPS4_WHEAT_54-77",
        "A0A3B6FIV6_WHEAT_56-79",
        "A0A9R0RD24_TRITD_53-76",
        "A0A3B6E9S1_WHEAT_51-74",
        "A0A9R0R935_TRITD_51-74",
        "A0A9R1RWN5_TRITD_53-76",
        "A0A9R0R9Y4_TRITD_53-76"
    ],
    "folder_path": "/content/drive/MyDrive/Thesis/protein_data/PF00228_outputs/structure_embeddings/subfamily_8/significant_splits/rank1"
}