{
    "subfamily": 1,
    "rank": 6,
    "node_name": "0.813",
    "lambda_obs": 190682.765625,
    "p_adj": 0.000999000999000999,
    "group_a": [
        "A0A518CQE9_9PLAN_152-299",
        "A0A6H9YAI0_9PROT_146-296",
        "A0A6N1Y9S8_9GAMM_146-296",
        "A0A3F2U0D1_9HYPH_149-300",
        "A0A4U8Z2K5_METTU_149-300",
        "A0A6C2YJ53_9BACT_148-294",
        "A0A9E6UMD9_9HYPH_146-296",
        "B8ITW7_METNO_154-305",
        "FTR_RHOBA_170-320",
        "C6WV19_METML_147-297",
        "L0L2E9_METHD_147-297",
        "A0A1J5N2P0_9BACT_150-297",
        "A0A135HWH1_9HYPH_149-300",
        "A0A0X3BNN9_9EURY_148-297",
        "D8JYG4_HYPDA_148-299",
        "A0A4V6M0P5_9BACT_149-296",
        "A0A939JWC7_9HYPH_146-297",
        "A0A839HID1_9BURK_160-311",
        "A0A133UKB0_9EURY_152-300",
        "A0A0Q5NPA6_9BURK_153-304",
        "A0A142YCI4_9PLAN_147-295",
        "A0A1D2RBY8_9ARCH_155-303",
        "A0A1V6N5M8_METAZ_147-296",
        "F0T892_METLA_147-296",
        "M5U9N7_9BACT_178-328",
        "A0A6P1YQ10_9HYPH_146-296",
        "U6ECK5_9EURY_147-296",
        "D3E0E8_METRM_146-294",
        "A0A0B1Q3V3_9HYPH_149-300",
        "A0A6M0HPN0_9HYPH_155-306",
        "A0A0Q6E228_9HYPH_150-301",
        "A0A5C7EZK7_9PROT_146-296",
        "A0A942ENL7_UNCSY_146-292",
        "A0A4E0Q593_9EURY_147-296",
        "A0A142XG19_9BACT_147-294",
        "A0A5B9QNA3_9BACT_146-296",
        "B8GE36_METPE_145-294",
        "A0A2U8WAY9_9HYPH_154-305",
        "A0A925LWM3_9PLAN_1-27",
        "A0A0N8GES7_9HYPH_149-300",
        "A0A1H4A6F3_9BURK_160-311",
        "A0A940SB75_9BURK_164-317",
        "W9DXD9_METTI_147-296",
        "N6Y0J3_9RHOO_157-308",
        "A0A1I3VU50_9HYPH_148-299",
        "A0A225DRB3_9BACT_149-295",
        "L0HE28_METFS_144-294",
        "A0A166EK18_9EURY_147-296",
        "A0A517SDQ9_9PLAN_150-297",
        "A0A1E2S2W1_9HYPH_1-39",
        "A0A517WYC7_9PLAN_155-302",
        "A0A8T8K8N8_9EURY_147-296",
        "FTR_METTH_147-296",
        "A0A2V3JPI6_9EURY_147-296",
        "A0A4U8V4Z8_9BURK_149-300",
        "F2KML2_ARCVS_147-295",
        "A0A0K8P4X2_IDESA_165-316",
        "A0A5C6E8S2_9BACT_155-311",
        "V5SF98_9HYPH_149-300",
        "A0A2V2MYQ0_9EURY_144-294",
        "A0A5C6E136_9BACT_155-306",
        "A0A5Q0BHW9_9GAMM_146-296",
        "A0A975DWT0_9BURK_146-297",
        "M5RCX0_9BACT_155-306",
        "A0A518IQB8_9BACT_148-294",
        "A0A2V3JMM6_UNCME_144-293",
        "A0A1I4LWN7_9BURK_150-301",
        "A0A5C6C793_9BACT_155-306",
        "A0A6N0DUV0_9HYPH_149-300",
        "A0A062VAN8_9EURY_165-315",
        "A0A432V415_9HYPH_149-300",
        "A0A126T5W8_9GAMM_146-296",
        "D7DQM5_METV3_149-299",
        "A0A564ZLZ9_9BACT_154-300",
        "A0A5C5YBU0_9PLAN_153-303",
        "FTR_METCA_146-296",
        "A0A925PUQ6_9HYPH_149-300",
        "Q0BU24_GRABC_205-356",
        "A0A8E6B3V7_9BACT_148-294",
        "A0A3D9ZD12_9HYPH_149-300",
        "A0A7R6W9L7_9GAMM_146-296",
        "A0A964DD41_9EURY_147-296",
        "A0A5B2VFX2_9HYPH_151-302",
        "C6XDX8_METGS_146-296",
        "I4BWV4_ACEMN_146-292",
        "A0A517YJ02_9BACT_147-293",
        "A0A8T4EDG0_THOAR_148-296",
        "A0A5B9PH53_9BACT_160-311",
        "A0A429WQC0_9BURK_157-314",
        "A0A0B4XGM8_9HYPH_149-300",
        "A0A1B3LKQ4_9PROT_146-296",
        "FTR_METFV_147-296",
        "A0A6B8KGT7_9HYPH_149-300",
        "A0A8T4DB59_9EURY_144-292",
        "A0A2S1XCU2_9PROT_146-297",
        "A0A432MJ06_9BACT_149-295",
        "A0A328S4C8_9EURY_113-260",
        "A0A512JFD2_9HYPH_163-314",
        "A0A512IV24_9HYPH_154-305",
        "A0A4R6RM81_9HYPH_149-300",
        "A0A149PDF2_9BURK_163-314",
        "A0A517TSR1_9BACT_147-293",
        "Q1YFY4_AURMS_146-297",
        "F0SSN0_RUBBR_164-311",
        "A0A3L7A4G4_9HYPH_152-303",
        "A0A4V2FUN2_9BURK_152-303",
        "A0A069PP81_9BURK_150-301",
        "G0A464_METMM_146-296",
        "A0A2N7X8K1_9BURK_157-308",
        "A0A2U3IE42_9BURK_153-304",
        "A0A1Q8QLW2_9FIRM_152-300",
        "A0A1D3L4W6_9EURY_189-338",
        "A0A6B8MCG8_9HYPH_149-300",
        "A0A0L6T3W5_9BURK_149-300",
        "A0A5S9NFG3_9HYPH_146-296",
        "A0A366M9Y6_9EURY_147-296",
        "A0A4Q7LDX4_9BURK_164-319",
        "A0A848K078_9HYPH_152-303",
        "A0A974PS54_9HYPH_156-307",
        "I0HWJ0_RUBGI_150-301",
        "A0A0F7IFW0_9EURY_147-296",
        "E8QZI9_ISOPI_156-305",
        "A0A5P8MUR5_9HYPH_146-296",
        "A0A509EDK0_9HYPH_157-308",
        "A0A2H5W4T9_UNCXX_146-294",
        "A0A6A7XYK8_9HYPH_162-314",
        "A0A5B9MP21_9BACT_169-319",
        "M5DYM8_9FIRM_146-292",
        "A0A069PU71_9BURK_153-304",
        "A0A1I2TYA5_9HYPH_155-306",
        "A0A0Q6EU71_9HYPH_146-297",
        "A0A1Q8IXR0_9BURK_159-310",
        "A0A925D9K5_9BACT_1-78",
        "A0A166ELP4_9EURY_147-296",
        "A0A0Q5Z231_9HYPH_155-306",
        "A0A498GZ36_9EURY_148-297",
        "A0A2S9JH93_9HYPH_149-300",
        "A0A5C5UZF8_9BACT_130-276",
        "A0A4Q9GRW9_9HYPH_146-296",
        "A0A133UC66_9EURY_152-300",
        "A0A7Z0VIU4_9GAMM_146-296",
        "A0A369C8K1_9GAMM_150-300",
        "A0A8J8BQ55_9EURY_151-298",
        "A0A916N0C6_UNCPA_146-296",
        "A0A290ZUH3_9RHOO_150-301",
        "G7WRA5_METH6_147-294",
        "A0A1W6MXR4_9HYPH_149-300",
        "A0A0F7K287_9GAMM_146-296",
        "A0A1A9NMX7_9PROT_146-296",
        "A0A1A6FN95_9HYPH_149-300",
        "A0A372KAN7_9BURK_159-310",
        "A0A7W5E4J9_9BACT_179-329",
        "D5C447_NITHN_146-296",
        "V5BD94_9GAMM_146-296",
        "A0A0V7ZAH4_9HYPH_154-305",
        "F4BTC4_METSG_147-294",
        "A0A974U1Y7_9HYPH_149-300",
        "A0A0Q6C388_9HYPH_156-307",
        "FTR_METJA_148-299",
        "A0A483CVR1_9EURY_144-293",
        "F7XL43_METZD_147-296",
        "A0A2N8MF33_9HYPH_149-300",
        "A0A517QVI6_9PLAN_153-300",
        "A0A401HPW7_9EURY_148-299",
        "A0A7Y9R1U9_9BURK_143-294",
        "Q3JF31_NITOC_129-279",
        "A0A8D4VQN8_9GAMM_146-296",
        "A0A0E3STX7_METMT_147-296",
        "A0A5B0DQB8_9HYPH_149-300",
        "A0A7W6GLF5_9HYPH_149-300",
        "A0A517MPN1_9BACT_152-298",
        "A0A5K7X345_9BACT_147-293",
        "F8JBN5_HYPSM_148-300",
        "A0A133U5A4_9EURY_146-295",
        "A0A3N0UXT9_9PROT_150-300",
        "A0A518AHK5_9BACT_151-297",
        "D5SRS8_PLAL2_187-335",
        "A0A5B9W9Y3_9BACT_147-295",
        "A0A562CPY9_9HYPH_149-300",
        "A0A6S7BG95_9BURK_8-64",
        "I1YJL0_METFJ_148-298",
        "A0A212S013_9PROT_146-296",
        "A0A518H6J3_9BACT_163-309",
        "H0Q560_9RHOO_152-307",
        "A0A0E3P0B9_9EURY_113-262",
        "A0A090ABD1_9GAMM_146-296",
        "A0A1N7RTU6_9BURK_159-310",
        "A0A517XZE4_9BACT_149-295",
        "FTR_METFK_150-300",
        "Y0KG42_9PROT_151-301",
        "A0A1D2W5P4_9EURY_147-296",
        "A0A8D5FZ66_9PROT_150-300",
        "H5WKE3_9BURK_151-302",
        "F5RAV7_METUF_146-296",
        "A0A937CTG4_9BURK_146-297",
        "A0A1Y6DAM5_9GAMM_146-296",
        "A0A6V8Q4C3_9ACTN_146-292",
        "A0A1I3EJ11_9PLAN_160-307",
        "A0A5C6FLH6_9BACT_157-307",
        "A0A177NEZ2_9GAMM_146-296",
        "D7EBE7_METEZ_147-296",
        "A0A1V8M2Y3_9GAMM_146-296",
        "A0A5C5XRA0_9BACT_147-297",
        "A0A133VCA9_9EURY_152-300",
        "A0A1H7CW48_9BURK_153-302",
        "A0A1I7NVB8_9HYPH_148-300",
        "A0A5B0GYW3_9BURK_159-310",
        "A0A658R0F4_9BURK_156-307",
        "A0A3S3U871_9HYPH_158-309",
        "A0A848H530_9BURK_146-295",
        "A0A328PAF4_9EURY_147-296",
        "A0A2H6B3A7_UNCXX_146-297",
        "A0A8G1A254_9EURY_144-293",
        "A0A1H6YPK7_9BURK_164-317",
        "A0A2H6BEP6_9HYPH_146-296",
        "A0A1G7GA55_9BURK_146-302",
        "A0A9U5FY52_9BURK_151-302",
        "A0A1D2RBU8_9ARCH_14-73",
        "A0A0Q7APP6_9BURK_150-301",
        "A0A4Q0MMC1_9HYPH_146-296",
        "F6BCN6_METIK_148-299",
        "A0A2U8WKS5_9HYPH_154-305",
        "A0A2H6ADA7_UNCXX_179-325",
        "A0A5B1CEX2_9BACT_171-321",
