{
    "subfamily": 24,
    "rank": 3,
    "node_name": "0.785",
    "lambda_obs": 55410.9921875,
    "p_adj": 0.008991008991008992,
    "group_a": [
        "A0A839T7Z7_AZOMA_2-48",
        "A0A0C1YTQ3_9BURK_2-48",
        "A0A931HEC4_9SPHN_5-55",
        "A0A2A2GZ06_9GAMM_3-50",
        "A0A1T4Y5P9_9GAMM_2-50",
        "A0A7H9BJ31_9NEIS_10-57",
        "A0A506U2U0_9HYPH_10-52",
        "A0A0D7KBD1_9BURK_22-71",
        "D2TY02_9GAMM_5-50",
        "A0A017HQW8_9RHOB_5-48",
        "A0A316CLE4_PSESE_13-58",
        "A0A1P8JTP0_9BURK_1-37",
        "A0A2G6ZR95_9BURK_6-51",
        "A0A2I5TQM1_SERS3_1-46",
        "A0A1T4XF64_9GAMM_5-54",
        "A0A1V0GVN3_9RHOB_6-51",
        "A0A4S5BF49_9BURK_5-50",
        "A0A010SSR4_PSEFL_3-51",
        "U2ZNK7_PSEA4_2-51",
        "A0A0M2KIG2_9GAMM_1-37",
        "A0A975F896_9GAMM_8-53",
        "A0A975F772_9GAMM_25-77",
        "A0A2U8WVV8_9HYPH_42-88",
        "A0A1Y6CTZ7_9GAMM_3-52",
        "A0A0B4X008_9HYPH_14-62",
        "A0A495RJJ0_9GAMM_7-53",
        "A0A657AHG9_9GAMM_1-43",
        "A0A0M9GBQ7_9PSED_7-49",
        "A0A975F7C6_9GAMM_3-46",
        "A0A8E7KYR6_9CAUD_7-48",
        "Q2L2E5_BORA1_5-53",
        "A0A433XEU7_9HYPH_20-67",
        "A0A160FI73_9BURK_9-65",
        "A1B8J6_PARDP_6-52",
        "A0A7T4R9D8_9GAMM_12-60",
        "A0A892ZCK6_9NEIS_2-47",
        "A0A562HZA5_9GAMM_1-50",
        "A0A1H9UHE4_9SPHN_6-52"
    ],
    "group_b": [
        "A0A830ZFD6_9ENTR_22-66",
        "A0A2U8IBB3_9GAMM_22-66",
        "A0A1H9E1B0_9BURK_2-45",
        "A0A1S8CNJ9_9GAMM_3-50",
        "A0A892ZDD1_9NEIS_2-48",
        "A0A6G8NGP6_9BURK_1-49",
        "A0A834IKI0_RHYFE_7-50",
        "A0A6M4FH49_9GAMM_1-48",
        "A0A918C658_9ACTN_1-37",
        "A0A6G8NFH3_9BURK_2-51",
        "N8ZLG8_9GAMM_2-50",
        "A0A3N1X706_9BURK_2-50",
        "A0A1H3AF85_9PSED_2-51",
        "A0A830ZFD6_9ENTR_126-167",
        "A0A1B3PLG2_9BURK_6-52",
        "A0A0G3CPG1_9GAMM_2-48",
        "N6YI84_9RHOO_1-29",
        "A0A1E3GVK5_9GAMM_2-46",
        "A0A2U2DU66_9HYPH_4-50",
        "A0A1H0SWB7_9HYPH_32-77",
        "A0A4V3APJ6_9HYPH_2-51",
        "A0A4U0Q238_9NEIS_5-54",
        "Q6FAE2_ACIAD_2-47",
        "H5UWD4_ATLHE_2-48",
        "A0A2G8EDT4_9GAMM_3-50",
        "A0A840RLI9_9BURK_4-58",
        "K2MY68_9HYPH_5-45",
        "A0A7G3T4K6_9CAUD_2-51",
        "A0A0S3PNN9_9BRAD_1-50",
        "A0A5Q2F8X9_9CAUD_4-51",
        "A0A2T5J1E3_9GAMM_6-50",
        "A0A6S7B0T9_9BURK_7-49",
        "A0A1U9YYP7_9HYPH_2-50",
        "A0A2Z4GZ06_9CAUD_9-52",
        "A0A936YR63_9HYPH_4-49",
        "Q6FAH0_ACIAD_2-46",
        "A0A2N7WTU5_9BURK_2-49",
        "A0A2S2F869_9GAMM_6-49",
        "A0A2S0UM40_9RHOB_1-46",
        "A0A363RUX3_9BURK_2-50",
        "A0A2S2FED1_9GAMM_10-56",
        "A0A3G3BYD4_9CAUD_4-53",
        "A0A7W7FAK9_9SPHN_2-48",
        "A0A071LQ85_9ENTR_19-63",
        "A0A2T6F4L8_9BURK_1-31",
        "A0A844XUV7_9SPHN_15-59",
        "A0A1S8CP23_9GAMM_2-51",
        "A0A2U2DTW2_9HYPH_2-48",
        "A0A437GVB2_9SPHN_31-80",
        "A0A4P7KT71_9GAMM_4-50",
        "A0A085FZ25_9ENTR_126-167",
        "A9BVA0_DELAS_2-52",
        "A0A7H1NU48_9PROT_1-45",
        "A0A4S1EJX1_9BURK_6-53",
        "A0A1Y0KP51_9PSED_2-50",
        "Q0WF35_YERPE_38-84",
        "A0A102D623_9SPHN_4-49",
        "A0A1B2LZ52_9GAMM_39-85",
        "A0A143G8Y5_9GAMM_4-49",
        "A0A972NPL5_9BURK_2-48",
        "A0A542LGD4_9BURK_1-52",
        "A0A7L6AXQ5_9GAMM_4-50",
        "A0A892ZG10_9NEIS_2-45",
        "A0A2U2DV42_9HYPH_2-49",
        "A0A2G6ZNQ3_9BURK_10-52",
        "A0A848HQ59_9BURK_14-55",
        "A0A656HGT7_THINJ_4-51",
        "A0A1I3P046_9PSED_2-49",
        "A0A485A9V7_KLUCR_2-48",
        "A0A6P2FEB5_9BURK_2-48",
        "A0A220VZA7_9CAUD_2-51",
        "A0A1P8JTN9_9BURK_7-57",
        "A0A8S0H3M6_9PSED_2-49",
        "A0A1Y6CUG7_9GAMM_2-47",
        "A0A0D7KAJ7_9BURK_10-51",
        "A0A7X4VVZ1_9GAMM_3-51",
        "A0A5Q2F3I9_9CAUD_3-49",
        "A0A085FZ25_9ENTR_21-65",
        "W7E6R5_9PROT_18-64",
        "A0A2K8K5L9_9RHOB_1-47",
        "A0A316BQP1_PSESE_2-47",
        "V2UTI4_9GAMM_2-50",
        "A0A071LQ85_9ENTR_122-165",
        "A0A6G8C498_9BURK_2-49",
        "A0A0H3EH93_ECO8N_4-45",
        "A0A977TFS5_9VIRU_31-77",
        "A0A0M4S6R9_9CAUD_4-45",
        "A0A0D6NND6_9PROT_2-51",
        "A0A2T5J1E1_9GAMM_3-52",
        "A0A9E7E323_9CAUD_14-61",
        "A0A1Y6CUM4_9GAMM_8-53",
        "A0A2L0VMY9_9SPHN_2-48",
        "A0A918FX50_9ACTN_1-43",
        "A0A244EAZ9_9BURK_6-52",
        "A0A3G3BY52_9CAUD_3-47",
        "A0A512JMD5_9HYPH_2-48",
        "K2M4Z6_9HYPH_1-41",
        "N8VYH2_9GAMM_6-50",
        "A0A1M6QQ91_9RHOB_32-81",
        "A0A7Z2VWR3_9BURK_2-48",
        "A0A0F5FU80_9HYPH_5-53",
        "A0A1E7R946_9GAMM_7-49",
        "A0A444LA55_9HYPH_2-48"
    ],
    "folder_path": "/Users/idan_shabo/Documents/Thesis/pipeline_outputs/PF03869_outputs/structure_embeddings/subfamily_24/significant_splits/rank3"
}