{
    "subfamily": 31,
    "rank": 1,
    "node_name": "0.888",
    "lambda_obs": 16807.69921875,
    "p_adj": 0.000999000999000999,
    "group_a": [
        "K0KGK6_WICCF_436-480",
        "K0KKT3_WICCF_650-684",
        "K0KJP4_WICCF_915-956",
        "K0KJP4_WICCF_661-705",
        "K0KJP4_WICCF_729-773",
        "K0KW93_WICCF_317-360",
        "A0A1E4RXF3_CYBJN_14-44",
        "K0KHV2_WICCF_383-426",
        "K0KJP4_WICCF_600-644",
        "A0A9P8PPA0_9ASCO_34-77",
        "K0KJP4_WICCF_854-898",
        "G8BMI9_TETPH_264-309",
        "K0KKT3_WICCF_538-582",
        "K0K9Y8_WICCF_390-414",
        "K0KGK1_WICCF_602-645",
        "A0A1E3P5L0_WICAA_34-77",
        "K0KEQ0_WICCF_560-603",
        "K0KHV2_WICCF_434-469",
        "K0K9Y8_WICCF_348-389",
        "K0KGK1_WICCF_537-581",
        "K0KKT3_WICCF_590-635",
        "K0KIA3_WICCF_34-77",
        "K0KJP4_WICCF_794-837",
        "A0A0H5C996_CYBJN_34-76",
        "K0KPJ9_WICCF_759-803",
        "A0A1V2L7A5_CYBFA_751-794",
        "A0A1V2L7V6_CYBFA_248-276",
        "A0A9P8QBF0_WICPI_87-130"
    ],
    "group_b": [
        "A0A1D2VN02_9ASCO_38-82",
        "A0A1D2VDN4_9ASCO_30-74",
        "A0A1D2VAF9_9ASCO_506-550",
        "A0A1E3NXQ4_WICAA_141-184",
        "A0A1D2VFR2_9ASCO_34-78",
        "C5DWT3_ZYGRC_696-733",
        "A0A1V2L5Y5_CYBFA_667-709",
        "A0A1E4RUE4_CYBJN_798-841",
        "C5DWT3_ZYGRC_455-495",
        "A0A1D2VF75_9ASCO_30-74",
        "A0A1E3NX89_WICAA_652-695",
        "A0A1D2VSE3_9ASCO_30-74",
        "A3LUR2_PICST_13-39",
        "A0A1E4S3Q1_CYBJN_648-691",
        "A0A1E4S1A0_CYBJN_421-465",
        "A0A1E3QJZ1_9ASCO_323-366",
        "A0A9W6STS7_CANBO_661-706",
        "A0A1E4S4U7_CYBJN_49-91",
        "A0A1E3NXN4_WICAA_194-237",
        "A0A061AUY2_CYBFA_606-649",
        "A0A1V2LBA9_CYBFA_164-208"
    ],
    "folder_path": "/Users/idan_shabo/Documents/Thesis/pipeline_outputs/PF13928_outputs/structure_embeddings/subfamily_31/significant_splits/rank1"
}