{
    "subfamily": 6,
    "rank": 6,
    "node_name": "0.878",
    "lambda_obs": 11977.390625,
    "p_adj": 0.000999000999000999,
    "group_a": [
        "A0A8B8W7V0_BALMU_537-683",
        "A0A7F8K317_DELLE_393-479",
        "A0A8C9E9Q0_PHOSS_548-694",
        "A0A6J3QPJ8_TURTR_1149-1295",
        "A0A8C9EAM6_PHOSS_886-1032",
        "A0A6J3QQ99_TURTR_1122-1268",
        "A0A6J3R9G1_TURTR_555-700",
        "A0A6J3QQN2_TURTR_1025-1167",
        "A0A341BYD8_NEOAA_488-634",
        "A0A8C9EAP8_PHOSS_844-990",
        "A0A484GWS9_SOUCH_1606-1752",
        "A0A341BXQ8_NEOAA_502-648",
        "A0A383ZVW6_BALAS_35-181",
        "A0A6J3QQM7_TURTR_1125-1271",
        "A0A4V5P5D5_MONMO_587-730",
        "A0A6J3QMX1_TURTR_1839-1981",
        "A0A7F8K963_DELLE_587-733",
        "A0A9W2X5S1_PHYMC_564-710",
        "A0A8B8W7V5_BALMU_537-683",
        "A0A8B8W7U8_BALMU_537-683",
        "A0A8B8W7V3_BALMU_537-683",
        "A0A8C9EAT9_PHOSS_646-792",
        "A0A6J3RMZ1_TURTR_250-396",
        "A0A4U1FKU3_MONMO_311-404",
        "A0A341BZK9_NEOAA_488-634",
        "A0A8B8W7V7_BALMU_537-683",
        "A0A6J3QPF3_TURTR_1098-1244",
        "A0A2Y9MYE3_DELLE_405-539",
        "A0A6J3QPJ0_TURTR_1149-1295",
        "A0A7F8KA18_DELLE_611-757",
        "A0A452C4N0_BALAS_535-681",
        "A0A6J3QQ25_TURTR_1149-1295",
        "A0A6J3QQ32_TURTR_1149-1293",
        "A0A340YHR0_LIPVE_419-565",
        "A0A484GTA0_SOUCH_35-146",
        "A0A340WER7_LIPVE_352-493"
    ],
    "group_b": [
        "A0A2K5PX43_CEBIM_1454-1596",
        "A0A8C6FVW5_MOSMO_588-735",
        "A0A2K5YKI8_MANLE_571-673",
        "A0A8C5YQX1_MARMA_471-615",
        "A0A8D2FM17_THEGE_1345-1487",
        "A0A4U1EEY0_MONMO_437-586",
        "A0A2I3SNX8_PANTR_389-512",
        "A0A2K5LU10_CERAT_773-901",
        "A0A2I2ZK57_GORGO_438-563",
        "A0A1S3GKD3_DIPOR_1997-2141",
        "A0A2R9A162_PANPA_1157-1303",
        "A0A0G2JRA3_HUMAN_506-651",
        "A0A2K5PX55_CEBIM_532-674",
        "A0A2K5UKU1_MACFA_536-682",
        "A0A0J9YVP4_HUMAN_1444-1589",
        "A0A2K6SJ94_SAIBB_474-615",
        "A0A8C6FVY8_MOSMO_483-629",
        "H2NT82_PONAB_281-425",
        "A0A2K5YJK4_MANLE_419-565",
        "A0A8C0R8R2_CANLU_638-784",
        "A0A2K6B6A3_MACNE_1812-1959",
        "A0A8C5VQS5_MICMU_579-722",
        "F7GWV0_MACMU_567-713",
        "A0A8B7UA47_CASCN_562-708",
        "A0A8C6MKR1_MOSMO_703-849",
        "A0A0G2JRT3_HUMAN_1468-1613",
        "A0A7N9DBQ9_MACFA_565-711",
        "A0A8B7WD21_CASCN_65-210",
        "A0A5F8AE79_MACMU_1309-1455",
        "A0A452G667_CAPHI_513-654",
        "A0A0D9QUW1_CHLSB_1477-1623",
        "A0A8C0R8S9_CANLU_498-644",
        "A0A3Q7SS82_VULVU_396-542",
        "A0A0D9QUR5_CHLSB_490-637",
        "A0A3Q2GVN5_HORSE_1687-1833",
        "A0A2R9BJB7_PANPA_733-874",
        "A0A8U0NIF4_MUSPF_560-706",
        "A0A2K6A6X7_MANLE_559-702",
        "A0A8B7TMF2_CASCN_1050-1194",
        "A0A8B7WBD0_CASCN_204-334",
        "A0A2K5PX71_CEBIM_832-967",
        "A0A4W2CBQ2_BOBOX_597-743",
        "A0A811XXA7_NYCPR_552-698",
        "A0A2K6SJ52_SAIBB_511-612",
        "A0A2K6B318_MACNE_691-813",
        "A0A8U0S5D8_MUSPF_3960-4106",
        "A0A8C6EH08_MICMU_790-934",
        "A0A8C4LSL2_EQUAS_1030-1176",
        "A0A8D2FLE7_THEGE_1369-1511",
        "A0A8D2AYN2_SCIVU_555-701",
        "A0A7N9DHU7_MACFA_575-721",
        "A0A8C0R8R0_CANLU_1253-1397",
        "W5PM04_SHEEP_1453-1599",
        "J3QTJ5_HUMAN_586-731",
        "A0A5F4WBG7_CALJA_467-612",
        "A0A2I3FVA1_NOMLE_795-935",
        "H2RHT2_PANTR_1332-1478",
        "A0A2K5YKG2_MANLE_670-772",
        "A0A2K6A6X5_MANLE_442-585",
        "A0A0G2JQV0_HUMAN_506-651",
        "A0A2K6SJ49_SAIBB_1071-1216",
        "A0AAD4Y3K2_OVIAM_2487-2633",
        "A0A811XVA4_NYCPR_392-538",
        "A0A2I2ZCV9_GORGO_1363-1502",
        "A0A2K6DRW4_MACNE_403-526",
        "A0A8C5XTK5_MICMU_1414-1556",
        "A0A212DA67_CEREH_665-811",
        "A0A9L0SEU1_HORSE_1709-1855",
        "A0A2K5YJL1_MANLE_561-605",
        "A0A2K5LL44_CERAT_533-571",
        "A0A811YNS6_NYCPR_1648-1756",
        "F1MVP6_BOVIN_573-719",
        "A0A2K6B6F1_MACNE_815-961",
        "A0A2K5CAU6_AOTNA_565-681",
        "J3QKM3_HUMAN_46-187",
        "A0A7N9IG98_MACFA_2065-2187",
        "A0A2R9BB91_PANPA_778-919",
        "A0A5E4BNM2_MARMO_1141-1252",
        "B4DSF2_HUMAN_506-651",
        "H2NVN7_PONAB_1469-1615",
        "A0A2I3HGD7_NOMLE_1404-1549",
        "A0A2K6L307_RHIBE_488-611",
        "H0XV08_OTOGA_1248-1385",
        "A0A7N9CE78_MACFA_1225-1371",
        "A0A8I3WMG1_CALJA_467-612",
        "F7EL76_MACMU_567-713",
        "A0A2I3H3W2_NOMLE_688-828",
        "L37A3_HUMAN_1468-1613",
        "A0A5F8AE29_MACMU_1309-1454",
        "F7CED7_MACMU_638-784",
        "A0A9L0RFQ3_HORSE_1157-1303",
        "A0A7J7F921_DICBM_538-684",
        "A0A8I5U0V2_PONAB_1469-1615",
        "A0A8C0AJF8_BOSMU_584-727",
        "A0A7N9CTG0_MACFA_575-721",
        "J3KT96_HUMAN_1-67",
        "A0A7N9DG67_MACFA_2041-2163",
        "G1RJZ6_NOMLE_860-1000",
        "A0A8I5SZM4_PONAB_434-576",
        "A0A2R9BC97_PANPA_404-537",
        "A0A5F7ZHU4_MACMU_1309-1455",
        "A0A8I3NZ30_CANLF_525-673",
        "A0A8C9LRK4_9PRIM_596-739",
        "A0A2K6D0T1_MACNE_565-711",
        "A0A8C7EX82_NEOVI_554-700",
        "A0A9L0T5T2_HORSE_1811-1957",
        "A8MUI5_HUMAN_1468-1613",
        "L37A1_HUMAN_1468-1613",
        "A0A994J7H6_HUMAN_445-590",
        "A0A6J0VY40_ODOVR_2255-2401",
        "H2QCT7_PANTR_1385-1508",
        "A0A8I3PDT5_CANLF_437-541",
        "A0A8I5TIH7_PONAB_1735-1879",
        "A0A0G2JQI7_HUMAN_506-651",
        "A0A2K5K237_COLAP_566-726",
        "G3R2S1_GORGO_362-476",
        "A0A8D2AX59_SCIVU_562-708",
        "A0A2Y9KPG1_ENHLU_826-972",
        "A0A8B7TKR7_CASCN_776-920",
        "J3KTP0_HUMAN_754-898",
        "A0A8C9QI21_SPEDA_421-563",
        "A0A8C5YD91_MICMU_742-886",
        "A0A0G2JNC9_HUMAN_1468-1613",
        "A0A8M1GMY5_URSMA_959-1105",
        "A0A452SSY4_URSAM_609-755",
        "A0A2I2YAY1_GORGO_560-699",
        "A0A2K5LU05_CERAT_833-961",
        "A0A8C6FWB3_MOSMO_676-822",
        "A0AA41NCE8_SCICA_1811-1950",
        "A0A2K6SJ44_SAIBB_1085-1230",
        "A0A8I3MPF6_CANLF_445-583",
        "A0A8C9BWB6_PHOSS_434-563",
        "A0A2I3HBJ0_NOMLE_723-771",
        "A0A1S3GEU8_DIPOR_735-873",
        "A0A0D9QUR4_CHLSB_559-706",
        "A0A8C9LQW6_9PRIM_547-693",
        "A0A8D2FLF9_THEGE_559-706",
        "A0A3Q2I611_HORSE_1736-1882",
        "A0A1S3GH96_DIPOR_1717-1855",
        "A0A3Q7PNQ2_CALUR_535-681",
        "A0A8C9HLI1_9PRIM_596-742",
        "A0A7N9CPH3_MACFA_689-835",
        "G3MX69_BOVIN_597-743",
        "A0A8C5YLL1_MARMA_543-691",
        "A0A2R9A305_PANPA_1187-1333",
        "A0A811YPQ6_NYCPR_552-698",
        "A0A2K6B6E0_MACNE_876-1022",
        "A0A8B7U5J9_CASCN_562-711",
        "A0A8C5VGW7_MICMU_609-752",
        "A0A8B9YGK7_BOSMU_605-750",
        "A0A5F8A484_MACMU_1309-1455",
        "A0A2K6B302_MACNE_1440-1563",
        "A0A8C6MIA0_MOSMO_556-702",
        "A0A5E4A3Q2_MARMO_724-805",
        "G1QXT1_NOMLE_1404-1549",
        "A0A0G2JS48_HUMAN_1468-1613",
        "A0A1S3GIJ8_DIPOR_1354-1496",
        "A0A8C0AIK7_BOSMU_557-702",
        "A0A811XT68_NYCPR_1038-1184",
        "A0A8C5Y6I7_MICMU_1402-1548",
        "A0A7N9IHD1_MACFA_2053-2175",
        "A0A9W2WKC7_PHYMC_567-668",
        "A0A0G2JP19_HUMAN_1468-1613",
        "A0A6P5DCP7_BOSIN_2304-2447",
        "A0A7N9IFS3_MACFA_2033-2180",
        "A0A2R8ZYN0_PANPA_1158-1304",
        "A0A8C0JFK8_CANLU_498-605",
        "A0A7N9CMW6_MACFA_536-682",
        "A0A1S3WVS6_ERIEU_871-980",
        "A0A8C0JN06_CANLU_458-600",
        "A0A7N9CX62_MACFA_578-724",
        "F7H9X6_MACMU_599-745",
        "E9PP10_HUMAN_506-651",
        "A0A8D2FEC5_THEGE_1373-1515",
        "A0A5F8ALE4_MACMU_552-675",
        "L37A2_HUMAN_1468-1613",
        "A0A7N9DHU7_MACFA_1386-1532",
        "A0A8I5TXK1_PONAB_211-355",
        "A0A8C0LN89_CANLU_498-644",
        "A0A8J5ZPG7_GALPY_3224-3370",
