{
    "subfamily": 13,
    "rank": 1,
    "node_name": "0.676",
    "lambda_obs": 367.26129150390625,
    "p_adj": 0.000999000999000999,
    "group_a": [
        "A0A8K0GPZ2_9ROSA_55-78",
        "A0A835D7W4_TETSI_76-98",
        "A0A6P3ZT07_ZIZJJ_54-77",
        "A0A6I9SGW0_ELAGV_51-75",
        "A0A978VDW3_ZIZJJ_63-86",
        "A0A978VDZ0_ZIZJJ_80-105",
        "A0A9D4XWE0_PEA_52-74",
        "A0A8K0GSW2_9ROSA_55-77",
        "G7L4K7_MEDTR_64-85",
        "A0A6P4AAK9_ZIZJJ_80-105",
        "A0AA86RUH6_9FABA_52-72",
        "A0A8K0DZE0_9ROSA_71-94",
        "A0A8K0GTR1_9ROSA_55-79",
        "A0A978VDZ5_ZIZJJ_80-105",
        "A0A9D5B3D4_PEA_93-116",
        "A0A978VDX8_ZIZJJ_65-87",
        "A0A9D5AY87_PEA_89-112",
        "A0A9D5B3C2_PEA_94-117",
        "A0A834YUB7_TETSI_51-72",
        "Q9M3X3_PEA_76-99",
        "A0A6P4A3Y6_ZIZJJ_65-87",
        "A0A8K0DTH8_9ROSA_55-78",
        "A0A6P4AAJ7_ZIZJJ_65-87",
        "A0A199VF33_ANACO_36-59",
        "A0A8K0GU43_9ROSA_55-78",
        "A0A978VDX9_ZIZJJ_65-87"
    ],
    "group_b": [
        "A0A8K0DZD0_9ROSA_68-91",
        "A0A9E7FPJ4_9LILI_76-99",
        "A0A834YBZ1_TETSI_41-62",
        "A0A978VDW5_ZIZJJ_66-88",
        "A0A6I9SGU9_ELAGV_46-70",
        "A0A6P3ZSA7_ZIZJJ_55-77",
        "A0A6P4AAH7_ZIZJJ_66-87",
        "A0A804ITL2_MUSAM_77-100",
        "A0A9E7FSS3_9LILI_79-102",
        "Q2VMU0_ARAHY_77-100",
        "A0A978VDY9_ZIZJJ_80-105",
        "A0A804J2M3_MUSAM_79-102",
        "A0A8K0GU39_9ROSA_68-91",
        "A0A6I9SNX1_ELAGV_47-71",
        "A0A4S8KEM4_MUSBA_76-99",
        "A0A445BIZ9_ARAHY_77-100",
        "A0A6P4C5X5_ARADU_77-100",
        "A0A4S8JUM1_MUSBA_79-102",
        "A0A6I9SFV7_ELAGV_47-71",
        "A0A9E7FR01_9LILI_90-113"
    ],
    "folder_path": "/content/drive/MyDrive/Thesis/protein_data/PF00228_outputs/structure_embeddings/subfamily_13/significant_splits/rank1"
}