{
    "subfamily": 9,
    "rank": 1,
    "node_name": "0.000",
    "lambda_obs": 14281.703125,
    "p_adj": 0.000999000999000999,
    "group_a": [
        "A0A8S4B546_9TELE_95-169",
        "A0AAD9BSW4_DISEL_95-169",
        "A0AAD6FX49_9TELE_95-169",
        "A0A8P4GPS9_DICLA_154-228",
        "A0A6Q2YMK6_ESOLU_96-156",
        "A0A8C2XTE9_CYCLU_95-169",
        "A0A8C6TQR1_9GOBI_95-169",
        "A0A8C4HT41_DICLA_95-169",
        "A0A3Q3FQB7_9LABR_45-119",
        "A0A8C4HT61_DICLA_98-172",
        "A0A8C2XKI2_CYCLU_93-161",
        "A0A6I9PYA7_9TELE_95-169",
        "A0A3P8YAK3_ESOLU_94-168",
        "A0A9N7Z7F0_PLEPL_251-325",
        "A0A4U5VXW2_COLLU_95-169",
        "A0A6P8U6P0_GYMAC_95-169",
        "A0A3Q3E5I8_9LABR_95-169",
        "A0A3P8YAB0_ESOLU_96-170",
        "A0AAY5KFY2_ESOLU_95-169",
        "A0A0F8B6B9_LARCR_95-169",
        "A0A4Z2EVV3_9TELE_95-169",
        "A0AAD7SPL5_9TELE_95-169",
        "A0A8C6TMC5_9GOBI_97-171"
    ],
    "group_b": [
        "A0A8J7NUG1_ATRSP_95-169",
        "A0A484C6Q4_PERFV_95-169",
        "A0AA88NQE9_CHASR_95-169",
        "A0A3B4GNR4_9CICH_95-169",
        "A0A662YKK4_ACIRT_121-195",
        "A0A668TZ89_OREAU_97-171",
        "A0A498NLU9_LABRO_95-169",
        "A0A669FCL4_ORENI_107-157",
        "A0AAY4AFA3_9TELE_95-169",
        "A0A9D3M9N8_ANGAN_95-169",
        "A0A2U9B0B3_SCOMX_141-215",
        "A0A3B5B8P1_9TELE_95-169",
        "A0A3B5QVB7_XIPMA_77-151",
        "A0A3B5AIV1_9TELE_95-169",
        "A0A674PEU7_TAKRU_25-99",
        "A0AAD7TA27_9TELE_95-169",
        "A0A0P7YE76_SCLFO_96-170",
        "M4AK76_XIPMA_95-169",
        "A0A8T0BHJ1_SILME_95-169",
        "A0A672IHC8_SALFA_96-170",
        "A0A4W4FAU1_ELEEL_95-169",
        "RS4X_DANRE_95-169",
        "A0A7J6B1W9_AMEME_95-169",
        "A0A671MXF7_9TELE_95-169",
        "A0A3Q3LQ67_9TELE_95-169",
        "A0A4W4FA87_ELEEL_93-167",
        "A0A9W8CC44_TRIRA_95-169",
        "A0A3S2U132_ORYJA_95-169",
        "A0A9D3PTD1_MEGAT_95-169",
        "A0A556TZ92_BAGYA_528-602",
        "A0A672T3J4_SINGR_95-169",
        "A0A3P8UGG7_CYNSE_95-169",
        "A0A669B7M6_ORENI_112-186",
        "A0A8C5D9E0_GOUWI_92-166",
        "A0AA88QB61_9TELE_306-380",
        "A0A5N5PKF4_PANHP_95-169",
        "G3Q4G3_GASAC_95-167",
        "A0A2U9B0E6_SCOMX_141-215",
        "A0A8C1CMU3_CYPCA_95-169",
        "A0A673IIA3_9TELE_95-169",
        "I3K1C5_ORENI_97-171",
        "A0A668U4F0_OREAU_95-169",
        "A0A9Q1DUH3_CONCO_77-151",
        "A0A3Q3F4C7_KRYMA_35-109",
        "A0AAD5FRT2_SILAS_95-169",
        "A0A665VTT4_ECHNA_95-169",
        "A0A673AV88_9TELE_77-151",
        "A0A673AU98_9TELE_93-167",
        "A0A8T3E7G3_9TELE_95-169",
        "A0A9R1SJM8_CYPCA_95-169",
        "A0A673AXZ9_9TELE_32-106",
        "A0A673JIV0_9TELE_95-169",
        "A0A8T3DQG0_9TELE_95-169",
        "A0A3Q2WRM8_HAPBU_95-169",
        "A0AAD8G307_ACIOX_95-169",
        "A0A3P9NFZ5_POERE_95-169",
        "A0A3Q1IRF5_ANATE_95-169",
        "A0A9Q0DB28_9TELE_95-169",
        "A0A9D3NY49_9TELE_95-169",
        "A0A9Y4N3J5_9TELE_77-151",
        "A0A8T2NKW1_9TELE_137-211",
        "A0AAQ4RTN1_GASAC_40-114",
        "H2T6H0_TAKRU_93-167",
        "A0A087XME4_POEFO_95-169",
        "A0A672T8R2_SINGR_16-90",
        "H3CB17_TETNG_95-169",
        "A0A5A9PPB1_9TELE_95-169",
        "A0A3P8T9T5_AMPPE_95-169",
        "W5NAX0_LEPOC_95-169",
        "A0AA88NKE1_TACVA_95-169",
        "A0A3Q3M2C3_9TELE_86-160",
        "A0A3Q3C0C6_HAPBU_95-169",
        "A0A8C5DHJ0_GOUWI_92-135",
        "A0A6P8GT38_CLUHA_95-169",
        "A0A671VF40_SPAAU_95-169",
        "A0A4W6FM44_LATCA_95-169",
        "A0A674NI39_TAKRU_95-169",
        "A0A815RMK8_9BILA_96-123",
        "A0A672IF57_SALFA_95-169",
        "A0A5J5CL57_9PERO_77-151",
        "A0A671N5H0_9TELE_77-151",
        "A0A3P8UCI1_CYNSE_77-151",
        "A0A669F3W5_ORENI_130-204",
        "A0A3P8T5Z2_AMPPE_77-151",
        "A0A3B3CKM1_ORYME_95-169",
        "A0A0P7UAN4_SCLFO_94-168",
        "A0A3P9CXG2_9CICH_95-169",
        "A0A315V9G6_GAMAF_121-195",
        "A0A3Q2CY09_CYPVA_95-169",
        "A0A8X7XAR0_POLSE_188-262",
        "A0A667YAR6_9TELE_95-169",
        "A0A8C5D9C1_GOUWI_95-169",
        "A0A6P7LXE5_BETSP_95-169",
        "A0A8C1HHA8_CYPCA_95-169",
        "A0A6P6PRV0_CARAU_95-169",
        "A0A8C4SB41_ERPCA_95-169",
        "A0A3P8T9W2_AMPPE_93-167",
        "G3Q4H1_GASAC_94-168",
        "A0A8C4ZSJ7_GADMO_139-213",
        "A0A674MRZ0_TAKRU_95-169",
        "A0A8C6M647_NOTFU_95-164",
        "A0AAE0R8R1_9TELE_77-151",
        "A0A3Q3X233_MOLML_94-168",
        "H2M0T8_ORYLA_95-169",
        "A0A671KBQ2_9TELE_77-151",
        "A0A8C7YY32_9TELE_95-169",
        "A0AAD3N2L1_LATJO_95-169",
        "A0A3Q1EM41_9TELE_95-169",
        "A0A6G1Q5B5_9TELE_95-169",
        "A0A9R1SRS7_CYPCA_95-169",
        "A0A9Y4U1B0_9TELE_77-151",
        "A0A8C7YZ42_9TELE_35-109",
        "A0AAD8ZD18_9TELE_77-151",
        "A0A667YLG2_9TELE_90-164",
        "A0A2I4C132_AUSLI_95-169",
        "A0A8C1FYR2_CYPCA_95-169",
        "A0A0E9X798_ANGAN_95-169",
        "A0A6A5DZF9_PERFL_95-169",
        "A0A444V062_ACIRT_95-169",
        "A0A5C6N7S7_9TELE_77-151",
        "A0A8C9X2L2_SANLU_94-168",
        "A0A8C6M3I5_NOTFU_95-169",
        "A0AA47P689_MERPO_103-177",
        "A0A3Q4HEM9_NEOBR_101-151",
        "A0A673AUG7_9TELE_93-121",
        "A0A8C6MCE1_NOTFU_93-167",
        "W5NAX2_LEPOC_95-169",
        "A0A2U9B0D1_SCOMX_77-151",
        "A0A8C4SBN2_ERPCA_96-170",
        "A0A8J4UB31_CLAMG_244-318",
        "A0AB32TZG3_DANRE_113-187",
        "A0A6P6KFJ9_CARAU_95-169",
        "A0A671K8Z9_9TELE_95-169",
        "A0A8C6M3G9_NOTFU_108-182",
        "A0A669E0E4_ORENI_95-169",
        "A0A9Q1EGA9_SYNKA_95-169",
        "A0A8C9WXF2_SANLU_45-119",
        "A0A6J2VWS3_CHACN_95-169",
        "W5L1E1_ASTMX_95-169",
        "A0A3Q1IJ18_ANATE_95-169",
        "A0A667Y408_9TELE_53-127",
        "A0A9Q1DPC0_CONCO_95-169",
        "A0A4Z2BQY6_9TELE_212-286",
        "A0A8D0CND0_SANLU_95-169"
    ],
    "folder_path": "/Users/idan_shabo/Documents/Thesis/pipeline_outputs/PF00900_outputs/structure_embeddings/subfamily_9/significant_splits/rank1"
}