{
    "subfamily": 5,
    "rank": 3,
    "node_name": "0.969",
    "lambda_obs": 47382.4609375,
    "p_adj": 0.000999000999000999,
    "group_a": [
        "A0A0Q7EP40_9HYPH_46-247",
        "A0A6G6X2D3_9HYPH_38-237",
        "A0A2L1SBL2_9HYPH_51-248",
        "A0A447I7C2_9HYPH_57-255",
        "A0A1H8ZD49_9HYPH_48-245",
        "A0A942EG02_9HYPH_52-249",
        "A0A916R5V5_9HYPH_46-243",
        "A0A6P1T968_9RHOB_45-235",
        "A0A927FX68_9HYPH_54-250",
        "A0A0F5L8K8_9HYPH_25-223",
        "A0A0Q7I4R0_9HYPH_40-237",
        "A0A2S9Q6K5_9HYPH_43-250",
        "A0A2W2C5P8_9HYPH_38-244",
        "A0A085FBK8_9HYPH_48-245",
        "A0A285M4E9_9HYPH_50-248",
        "A0A0F5QB05_9HYPH_35-234",
        "A0A2N5XNY0_9HYPH_90-288",
        "A0A1I5GSK7_9HYPH_23-221",
        "A0A934IWR9_9HYPH_48-245",
        "A0A1G7SMT3_9HYPH_43-237",
        "A0A285PJF1_9HYPH_52-251",
        "A0A918S3M5_9HYPH_51-249",
        "A0A2K8KLB0_9RHOB_98-306",
        "A0A6M1SK62_9HYPH_51-248",
        "A0A433X854_9HYPH_56-260",
        "A0A1K2HYI6_9HYPH_49-251",
        "A0A0A1Q195_UNCXX_42-248",
        "A0A5R8YDA6_9HYPH_56-253",
        "A0A0Q8I8H6_9HYPH_26-227",
        "A0A511MWX0_DEIC1_36-208",
        "A0A369W441_9HYPH_57-255",
        "A0A0F5FFL8_9HYPH_50-247",
        "A0A977SHH2_9HYPH_1-73",
        "A0A2R4M9U9_9HYPH_45-244",
        "A0A0F5FGQ1_9HYPH_38-236",
        "A0A0F5L2E8_9HYPH_39-232",
        "A0A5B9DWS7_9HYPH_54-255",
        "G4R8L0_PELHB_49-246"
    ],
    "group_b": [
        "A0A7W9FPH4_9HYPH_39-231",
        "A0A202DKN5_UNCXX_41-228",
        "A0A163Y7N4_9BRAD_47-258",
        "A0A0Q5KCF0_9DEIO_15-203",
        "A0A327JS04_9HYPH_46-243",
        "A0A916XXX0_9HYPH_41-240",
        "A0A562T9X2_9HYPH_45-247",
        "A0A5D0VE12_9RHOB_57-260",
        "A0A327K5D7_9HYPH_6-96",
        "A0A271KBL8_9HYPH_30-248",
        "A0A939EMK5_9HYPH_32-236",
        "A0A317PXZ0_9HYPH_48-245",
        "Q9RUG1_DEIRA_15-204",
        "A0A1W2AZD0_9HYPH_65-265",
        "A0A4D7QQW5_9HYPH_307-499",
        "E2CMC0_9HYPH_39-240",
        "F2J4X6_POLGS_47-249",
        "A0A0A7KHH3_9DEIO_38-229",
        "A0A7C9LM97_9DEIO_43-234",
        "A0A1G6DIM3_9HYPH_42-241",
        "A0A0P6VV35_9HYPH_47-244",
        "A0A5P9CZQ5_9HYPH_53-255",
        "V4RRR4_9HYPH_39-242",
        "A0A916TM33_9HYPH_44-246",
        "A0A5B0DYW7_9HYPH_38-234",
        "A0A2T7HBY1_9HYPH_42-249",
        "A0A172T9H4_9DEIO_38-231",
        "A0A401FWB3_9BACT_59-220",
        "A0A4R5PQ30_9HYPH_39-239",
        "A0A1C1YYY7_9HYPH_42-241",
        "A0A2K3V2M8_9DEIO_15-206",
        "Q1IZU3_DEIGD_38-229",
        "A0A2K8UFF8_9GAMM_113-313",
        "A0A0Q6NCV3_9HYPH_35-254",
        "I3CG60_9GAMM_37-285",
        "A0A0M6ZAF9_9HYPH_53-255",
        "C1CW87_DEIDV_38-228",
        "Q1YJD9_AURMS_46-245",
        "A0A346R3U2_9HYPH_47-243",
        "A0A285R4P5_9HYPH_53-257",
        "A0A7X3S694_9HYPH_42-242",
        "A0A1I2DN20_9BACT_76-268",
        "A0A6N8A377_9HYPH_46-248",
        "A0A838XTY1_9HYPH_43-246",
        "V7FQS8_9HYPH_44-263",
        "A0A2Z3JCZ0_9DEIO_37-218",
        "A0A973WWE6_RHOSP_44-255",
        "A0A1H2GU01_9HYPH_52-256",
        "A0A4R3MI01_9HYPH_41-243",
        "A0A0Q6F5X2_9HYPH_47-247",
        "A0A0F7JIF7_9DEIO_40-228",
        "A0A348FX52_9HYPH_44-235",
        "A0A1W1VEF6_9DEIO_38-228",
        "A0A0H5B6V5_BLAVI_39-230",
        "A0A918C397_9DEIO_40-221",
        "A0A418VAX9_9DEIO_37-223",
        "A0A1M7G933_9HYPH_42-243",
        "A0A318SEC5_9DEIO_35-223",
        "A0A0M7AP69_9HYPH_42-244",
        "A0A2T5V185_9HYPH_48-245",
        "A0A0M6Y072_9HYPH_57-259",
        "A0A0A7KKV7_9DEIO_36-253",
        "A0A251XBW8_9GAMM_41-236",
        "E8U6S4_DEIML_38-224",
        "A0A072N9X2_9DEIO_36-228",
        "A0A1H6FAD4_9GAMM_43-248",
        "F0RM25_DEIPM_39-231",
        "A0A841I0E8_9DEIO_36-227",
        "A0A221SSS0_9DEIO_46-241",
        "A0A7R7T7P5_9HYPH_40-233",
        "Q0G1A0_9HYPH_37-236"
    ],
    "folder_path": "/content/drive/MyDrive/Thesis/protein_data/PF10016_outputs/structure_embeddings/subfamily_5/significant_splits/rank3"
}