{
    "subfamily": 31,
    "rank": 1,
    "node_name": "0.773",
    "lambda_obs": 11331.2890625,
    "p_adj": 0.000999000999000999,
    "group_a": [
        "A0A2K5AQR2_9ARCH_100-181",
        "A0A484IDM7_9ARCH_96-168",
        "A9A5I3_NITMS_96-169",
        "A0A4V0P1H2_9ARCH_95-170",
        "A0RVY5_CENSY_96-169",
        "A0A3G1B5P5_9ARCH_96-169",
        "A0A087RXN1_9ARCH_96-169",
        "A0A9D2X4M2_9ARCH_96-169",
        "K0IN33_NITGG_95-168",
        "A0A060HNA0_9ARCH_95-168",
        "A0A7K4MYN0_9ARCH_96-169",
        "A0A9W4XV78_9ARCH_96-167",
        "A0A2H1EID2_9ARCH_96-169",
        "A0A5B2Z666_9ARCH_96-168",
        "A0A654MAJ9_9ARCH_96-168",
        "A0A087S8B5_9ARCH_96-169",
        "R1FU02_NANST_96-170",
        "A0A8K1DBJ4_9ARCH_30-103",
        "S2EJ94_9ARCH_96-169",
        "A0A6A7LCG9_9ARCH_96-170"
    ],
    "group_b": [
        "A0A2U9IMR8_9CREN_90-167",
        "RS4E_KORCO_96-170",
        "S5ZJX4_9CREN_98-180",
        "A0A2U9IEH3_9CREN_90-169",
        "A0A9E4ZUI8_9CREN_90-167",
        "RS4E_SACS2_90-167",
        "A0A650CM56_9CREN_90-169",
        "A0A031LME6_9CREN_90-167",
        "RS4E_METS5_90-169",
        "A0A0F7FH59_9CREN_98-176",
        "H2C6J0_9CREN_90-170",
        "RS4E_SULAC_90-169",
        "RS4E_SULTO_90-169",
        "A0A8J8PMC1_9CREN_1-77",
        "A1RWS3_THEPD_98-180",
        "A0A8D5ZG84_9CREN_93-171",
        "A0A7L9FGD9_9CREN_98-177",
        "A0A348B154_9CREN_96-176",
        "A0A6A9QLH3_SULME_90-167",
        "W7KVM6_9CREN_90-169"
    ],
    "folder_path": "/Users/idan_shabo/Documents/Thesis/pipeline_outputs/PF00900_outputs/structure_embeddings/subfamily_31/significant_splits/rank1"
}