{
    "subfamily": 44,
    "rank": 2,
    "node_name": "0.484",
    "lambda_obs": 14974.06640625,
    "p_adj": 0.000999000999000999,
    "group_a": [
        "A0A8C9ZTA3_SANLU_274-328",
        "A0AAD9CGJ2_DISEL_274-328",
        "G3NIY5_GASAC_274-328",
        "A0A3Q1H742_ANATE_274-328",
        "A0A8C3AEX0_CYCLU_274-328",
        "A0A7J5Z536_DISMA_271-325",
        "A0A6J2PQX8_COTGO_274-328",
        "A0A6A5FIT1_PERFL_275-329",
        "H2MZR5_ORYLA_274-328",
        "H2MZR8_ORYLA_274-328",
        "A0A8C7Z6X5_9TELE_5-59",
        "A0A6J2PQY5_COTGO_274-328",
        "A0A3S2UL17_ORYJA_289-343",
        "A0A671Y3M5_SPAAU_274-328",
        "A0A5J5DKF2_9PERO_274-318",
        "A0A7N6A015_ANATE_274-328",
        "A0A484DG56_PERFV_274-328",
        "A0AAD6B9C4_9TELE_274-328",
        "A0A6P8TKE4_GYMAC_274-328",
        "A0A4Z2H5G1_9TELE_210-262",
        "A0A8C9ZVU9_SANLU_242-296",
        "G3NIY1_GASAC_303-357",
        "A0A8C9ZVE7_SANLU_274-328",
        "A0A6I9MZI5_9TELE_5-59",
        "A0A671XXP1_SPAAU_274-328"
    ],
    "group_b": [
        "A0A3P8U2R9_AMPPE_274-328",
        "A0A3Q2G6U8_CYPVA_274-328",
        "A0A3P9CLQ0_9CICH_274-328",
        "A0A674N7F3_TAKRU_5-59",
        "A0A7N8XGV4_9TELE_274-328",
        "A0A3Q4MQK7_NEOBR_274-328",
        "A0A6G1PJE3_9TELE_274-328",
        "A0A3P9NXR9_POERE_274-328",
        "H3CK29_TETNG_276-330",
        "A0A669EWT5_ORENI_277-331",
        "A0A669F7D0_ORENI_241-295",
        "A0A672IK71_SALFA_274-328",
        "A0A3B5JZL2_TAKRU_267-321",
        "A0A8P4KCV3_DICLA_274-328",
        "A0A8C6V9Y7_9GOBI_5-59",
        "A0A4U5UAJ3_COLLU_274-328",
        "A0A3Q3MP47_9LABR_274-328",
        "A0A669CI96_ORENI_274-328",
        "A0AA88T521_CHASR_307-361",
        "A0A3B4H2S5_9CICH_274-328",
        "A0A1A8UAP5_NOTFU_274-328",
        "A0A3Q3WJP2_MOLML_274-328",
        "A0A668VSE5_OREAU_274-328",
        "M3ZDM3_XIPMA_274-328",
        "A0A9N7U2E6_PLEPL_312-366",
        "A0A4W6CBV7_LATCA_274-328",
        "A0A3Q3AJM0_KRYMA_274-328",
        "A0A4Z2BBB5_9TELE_284-338",
        "A0A673AQK6_9TELE_274-328",
        "A0A6P7MQC4_BETSP_274-328",
        "A0A672IM80_SALFA_274-328",
        "I3IVE8_ORENI_269-323",
        "A0A669DYV5_ORENI_274-328",
        "H2TLE9_TAKRU_279-333",
        "A0A6P7MNM1_BETSP_288-342",
        "A0A087XBT7_POEFO_274-328",
        "A0A665VFF4_ECHNA_274-328",
        "A0A096M9I9_POEFO_274-328",
        "A0A2I4BST7_AUSLI_274-328",
        "A0AAD3R772_LATJO_274-328",
        "A0A665VFF8_ECHNA_274-328",
        "A0A672IMZ2_SALFA_274-328",
        "A0A6P7I514_9TELE_274-328",
        "A0A3Q3GNV3_9LABR_249-303",
        "A0A8C5F3B6_GADMO_271-325",
        "A0A315VMF9_GAMAF_277-329",
        "A0A8C5D9X5_GOUWI_274-328",
        "A0A3Q2VML2_HAPBU_274-328",
        "A0A665VEB3_ECHNA_274-328",
        "A0A9Y4NHG1_9TELE_274-328"
    ],
    "folder_path": "/Users/idan_shabo/Documents/Thesis/pipeline_outputs/PF04064_outputs/sequence_embeddings/subfamily_44/significant_splits/rank2"
}