{
    "subfamily": 24,
    "rank": 1,
    "node_name": "0.706",
    "lambda_obs": 8286.3828125,
    "p_adj": 0.000999000999000999,
    "group_a": [
        "A0A662Y123_NOTX5_1-70",
        "D0NM53_PHYIT_95-169",
        "W2QBJ2_PHYN3_95-169",
        "A0A9W6TPP9_9STRA_30-104",
        "A0A9W7DA01_9STRA_30-104",
        "A0A3M6VVA8_9STRA_95-169",
        "A0A8J5MBR2_9STRA_95-169",
        "H3HE44_PHYRM_810-884",
        "A0A976FIT4_BRELC_95-169",
        "A0A662YFP5_NOTX5_1-70",
        "W2ZFD6_PHYNI_95-169",
        "A0A0P1ACB6_PLAHL_95-169",
        "A0A6A3QKQ3_9STRA_95-169",
        "A0A225X229_9STRA_95-169",
        "A0A5D6XRP7_9STRA_89-163",
        "A0A8T1W5G9_9STRA_95-169",
        "A0A833TL62_PHYIN_95-169",
        "A0A329RJ58_9STRA_95-169",
        "A0A3R7HQS0_9STRA_95-169",
        "G5ADS2_PHYSP_95-169",
        "M4BHJ4_HYAAE_95-169",
        "V9FD40_PHYNI_95-169",
        "A0A6A3IYP1_9STRA_95-169"
    ],
    "group_b": [
        "A0A196SKZ5_BLAHN_87-161",
        "A0A024TRK8_9STRA_95-169",
        "T0QSB6_SAPDV_95-169",
        "A0A6G0W9T8_9STRA_95-169",
        "A0A8K1C2D4_PYTOL_95-169",
        "A0A1V9ZNJ2_ACHHY_95-169",
        "A0AAD5MC27_PYTIN_2446-2520",
        "A0A4D9CXF8_9STRA_95-171",
        "A0A067CQF7_SAPPC_95-169",
        "A0A835ZEV0_9STRA_94-168",
        "A0A196SFV9_BLAHN_95-169",
        "W7TUQ1_9STRA_95-171",
        "D8M187_BLAHO_30-104",
        "D7FLZ5_ECTSI_95-169",
        "A0A836CCM4_9STRA_64-138",
        "W4FPJ7_APHAT_95-169",
        "A0A024GAC6_9STRA_95-169",
        "A0A485LNB5_9STRA_95-169",
        "A0A6H5K4Y0_9PHAE_95-169",
        "A0A5A8DDN6_CAFRO_95-169",
        "A0A1W0A721_9STRA_461-535",
        "K3WTJ9_GLOUD_95-169"
    ],
    "folder_path": "/Users/idan_shabo/Documents/Thesis/pipeline_outputs/PF00900_outputs/structure_embeddings/subfamily_24/significant_splits/rank1"
}