{
    "subfamily": 7,
    "rank": 1,
    "node_name": "0.862",
    "lambda_obs": 11888.4658203125,
    "p_adj": 0.000999000999000999,
    "group_a": [
        "A0A926ZQ55_9NOSO_361-516",
        "A0A940KTG0_9GAMM_326-482",
        "A0A5C5XJP6_9PLAN_311-448",
        "A0A7T1F347_ATRLM_319-457",
        "A0A916QRJ3_9CYAN_48-160",
        "A0A5C5WJ74_9PLAN_287-426",
        "A0A2S3QFT0_9FIRM_292-432",
        "A0A6S6RD99_9FIRM_1-99",
        "A0A2T1LT77_9CHRO_362-518",
        "F0T5W4_METLA_307-445",
        "A0A1I7LI60_9BACL_308-445",
        "I0HMT5_RUBGI_364-502",
        "A0A1Z4VQK3_9GAMM_314-452",
        "H1YXX8_9EURY_313-454",
        "A0A225EAS6_9BACT_330-469",
        "A0A1W1W755_SULTA_289-428",
        "A0A480A067_9CYAN_361-516",
        "A0A1P8WC14_9PLAN_2-59",
        "A0A8T4GYL7_9EURY_301-474",
        "M0M6T1_9EURY_149-286"
    ],
    "group_b": [
        "F8C637_THEGP_316-468",
        "A0A4R5XL70_9BACL_329-474",
        "A0A9X5GUG3_9FIRM_289-423",
        "A0A2W0HDU9_9BACI_314-458",
        "A0A1G9T0Y7_9BACT_339-476",
        "K9SWE1_9SYNE_304-406",
        "A0A2H1EJH1_9ARCH_312-444",
        "A0A225DJX6_9BACT_313-446",
        "B7KFS7_GLOC7_325-479",
        "H8XNR6_FLAIG_138-268",
        "V7IEJ7_EIKCO_318-458",
        "K6C7H8_9BACI_320-462",
        "V6RYF0_9FLAO_305-435",
        "A0A917B3F5_HALAA_327-469",
        "A0A1D2W9K5_9EURY_204-312",
        "A0A1T5HUF1_9BACT_291-422",
        "A0A387BUC2_9MICO_326-458",
        "A0A143X9F3_9ACTN_30-196",
        "A0A1L3JH27_9FLAO_282-413",
        "A0A916R528_9CYAN_319-406"
    ],
    "folder_path": "/Users/idan_shabo/Documents/Thesis/pipeline_outputs/PF18739_outputs/structure_embeddings/subfamily_7/significant_splits/rank1"
}