{
    "subfamily": 8,
    "rank": 2,
    "node_name": "0.868",
    "lambda_obs": 12360.873046875,
    "p_adj": 0.000999000999000999,
    "group_a": [
        "A0A6P7FLE8_DIAVI_2-128",
        "Q8IP62_DROME_2-126",
        "W5JSP7_ANODA_2-126",
        "A0A653D4S9_CALMS_1-74",
        "A0A6P8WS15_DROAB_2-126",
        "A0A6I8UIY0_DROPS_2-126",
        "A0A9P0PRU9_ACAOB_2-128",
        "A0A9N9XJX5_DIABA_2-128",
        "A0A9N9MRJ1_9CUCU_2-127",
        "A0A834IRG1_RHYFE_2-129",
        "B4Q574_DROSI_2-126",
        "B4MVQ8_DROWI_2-126",
        "A0A182XW93_ANOST_2-126",
        "A0A1I8N6U7_MUSDO_2-126",
        "A0A6P4JRP2_DROKI_2-126",
        "A0A9P0DJU5_PHACE_2-127",
        "A0A0M4E927_DROBS_2-126",
        "A0A6J2TPP6_DROLE_2-126",
        "A0A1S4FC32_AEDAE_2-127",
        "B4HXA8_DROSE_2-126",
        "U4TT43_DENPD_296-422",
        "A0A6P4FJX4_DRORH_2-126",
        "A0A8K0GEV9_IGNLU_2-128",
        "A0A9Q0MU34_9DIPT_2-126",
        "B4GX17_DROPE_2-126",
        "D6WUN6_TRICA_2-129",
        "B4M8M0_DROVI_2-126",
        "A0A1W4WX76_AGRPL_2-128",
        "W8BSU6_CERCA_2-125",
        "A0A4C1TDI9_EUMVA_4-107",
        "A0A6J2XUU8_SITOR_2-127",
        "U4TXG7_DENPD_306-432",
        "A0A484BD52_DRONA_2-126",
        "A0A9P0BI71_BRAAE_2-128",
        "A0A034WQZ9_BACDO_2-126",
        "A0AA38HX87_9CUCU_2-128",
        "B3MN17_DROAN_2-126",
        "A0A084VG89_ANOSI_2-126",
        "A0A9P0CY73_9CUCU_2-128",
        "Q7QD03_ANOGA_2-126",
        "A0A482VQL5_ASBVE_2-128",
        "A0A9N9XQC2_PHYSR_2-127",
        "A0A9Q0BRJ6_9MUSC_2-126",
        "B4KEN6_DROMO_2-126",
        "A0A7R8V0W4_HERIL_2-126",
        "B4JCY0_DROGR_2-126"
    ],
    "group_b": [
        "A0A2S2QY75_9HEMI_2-129",
        "A0A6A4JS26_APOLU_2-126",
        "A0A6H5ISM5_9HYME_2-125",
        "A0A6J0BVC8_NEOLC_2-126",
        "A0A9D4PXI9_RHISA_18-79",
        "A0A232FBS0_9HYME_2-125",
        "C4WTS4_ACYPI_2-137",
        "T1I7V0_RHOPR_2-118",
        "A0A1V9XUS2_9ACAR_2-124",
        "A0A1S3CY76_DIACI_2-128",
        "A0A7M7JEM0_VARDE_23-148",
        "A0A9P0AB82_BEMTA_2-130",
        "A0A6H5HSR5_9HEMI_2-128",
        "A0A6L2PFL2_COPFO_13-131",
        "A0A7M7G8K9_NASVI_2-125",
        "A0A5E4ND31_9HEMI_2-122",
        "A0A8I6RHZ6_CIMLE_39-163",
        "A0A067R5F4_ZOONE_2-126",
        "A0A2J7QTJ3_9NEOP_6-124",
        "A0A8S1CSS0_9INSE_2-124",
        "A0A9P0HQ73_NEZVI_2-126",
        "B7P266_IXOSC_2-126",
        "A0A482XAS3_LAOST_2-128",
        "E0VTF1_PEDHC_1-125",
        "A0A7R9BUE0_9CRUS_2-132",
        "A0A6L2PSC9_COPFO_13-131",
        "A0A9J6GLI6_HAELO_2-101",
        "A0A7M7M3G3_VARDE_9-134",
        "A0A9P0JBS9_APHGO_2-134",
        "A0A6G0ZBF4_APHCR_2-148",
        "A0A7M7M976_VARDE_45-169"
    ],
    "folder_path": "/Users/idan_shabo/Documents/Thesis/pipeline_outputs/PF10484_outputs/sequence_embeddings/subfamily_8/significant_splits/rank2"
}