{
    "subfamily": 16,
    "rank": 1,
    "node_name": "0.868",
    "lambda_obs": 437.2940979003906,
    "p_adj": 0.000999000999000999,
    "group_a": [
        "A2WK48_ORYSI_211-235",
        "IBBR_ORYSI_219-243",
        "A0A0D9Y2M9_9ORYZ_204-228",
        "A0A0D3EJ37_9ORYZ_160-184",
        "A0A0E0MQS9_ORYRU_1552-1576",
        "A0A0D9Y2M9_9ORYZ_446-470",
        "A0A0E0MQS8_ORYRU_1510-1534",
        "A0A0E0BWB9_9ORYZ_214-238",
        "A0A0E0FFK9_ORYNI_219-243",
        "A0A0E0MQS8_ORYRU_1753-1777",
        "A0A0E0MQT0_ORYRU_1529-1553",
        "A0A0E0G9W7_ORYNI_227-252",
        "A0A0E0MQT0_ORYRU_1286-1310",
        "A0A0D3HH84_9ORYZ_76-100",
        "A0A0E0FFK9_ORYNI_422-446",
        "A0A0D3EJ36_9ORYZ_215-239",
        "A0A0D3H315_9ORYZ_211-235",
        "A0A0E0MQS9_ORYRU_1309-1333",
        "A5HEI2_ORYSJ_216-240",
        "IBBR_ORYSJ_219-243"
    ],
    "group_b": [
        "Q0JR27_ORYSJ_223-248",
        "A0A0D9Y2N2_9ORYZ_152-180",
        "A0A0E0JDI4_ORYPU_146-170",
        "A0A0E0MQT1_ORYRU_195-219",
        "B7E9D7_ORYSJ_150-174",
        "A0A8J5RVK4_ZIZPA_212-235",
        "A0A0E0MQS9_ORYRU_1947-1971",
        "A0A0D3EJ36_9ORYZ_433-458",
        "A0A0E0JDI5_ORYPU_277-301",
        "A0A0D9Y2M8_9ORYZ_218-243",
        "A0A0E0FFK9_ORYNI_643-668",
        "A0A0D9Y2N3_9ORYZ_145-169",
        "A0A0E0FFL2_ORYNI_142-166",
        "A0A0E0FFL1_ORYNI_145-169",
        "A2WK53_ORYSI_146-170",
        "A0A0E0MQS8_ORYRU_2148-2172",
        "A0A0E0JDI1_ORYPU_216-240",
        "A0A0D3EJ39_9ORYZ_146-174",
        "A0A6G1DZT7_9ORYZ_147-171",
        "J3KVZ2_ORYBR_139-163",
        "A0A0D9Y2M7_9ORYZ_88-112",
        "A0A0E0MQS8_ORYRU_201-225",
        "A0A0E0BWB7_9ORYZ_149-173",
        "A0A0D3EJ35_9ORYZ_88-112",
        "A0A0D3EJ40_9ORYZ_146-170",
        "A0A6G1E1V4_9ORYZ_147-171",
        "J3KUQ0_ORYBR_205-229",
        "A0A0E0FFK9_ORYNI_836-861",
        "A2WK47_ORYSI_218-243",
        "A0A0E0BWB8_9ORYZ_170-194",
        "A0A0E0JDI4_ORYPU_332-356",
        "A0A0E0BWC3_9ORYZ_150-174",
        "A0A0E0JDI0_ORYPU_219-243",
        "A0A0E0FFL1_ORYNI_330-358",
        "A0A0E0JDI7_ORYPU_148-172",
        "A0A0E0MQT0_ORYRU_1924-1948",
        "B8AD05_ORYSI_155-180",
        "A0A0E0JDH9_ORYPU_137-161",
        "J3KUP9_ORYBR_111-135",
        "Q5ZCB1_ORYSJ_155-180"
    ],
    "folder_path": "/content/drive/MyDrive/Thesis/protein_data/PF00228_outputs/structure_embeddings/subfamily_16/significant_splits/rank1"
}