{
    "subfamily": 26,
    "rank": 1,
    "node_name": "0.933",
    "lambda_obs": 12963.248046875,
    "p_adj": 0.000999000999000999,
    "group_a": [
        "A0A7H9B9X5_ZYGMR_31-74",
        "G0WGS8_NAUDC_41-84",
        "Q6FIU3_CANGA_32-75",
        "A0A0C7N5K6_9SACH_29-72",
        "J8PZC9_SACAR_32-75",
        "FLO10_YEAST_996-1038",
        "Q6FL40_CANGA_32-75",
        "FLO5_YEAST_905-948",
        "C5DMY9_LACTC_29-72",
        "G0VBV4_NAUCA_51-94",
        "G0WE38_NAUDC_12-55",
        "G0VCW8_NAUCA_32-75",
        "A7THQ8_VANPO_31-74",
        "FLO9_YEAST_1143-1186",
        "FLO9_YEAST_1092-1135",
        "FLO10_YEAST_937-980",
        "A0A1X7R7I0_9SACH_32-75",
        "FLO5_YEAST_782-825",
        "Q750A8_EREGS_32-76",
        "FLO9_YEAST_1020-1063",
        "A0A1G4JIP9_9SACH_29-72",
        "A0A7H9I0T1_9SACH_32-75",
        "FLO5_YEAST_854-897"
    ],
    "group_b": [
        "A0A1E5RVV0_9ASCO_637-680",
        "H2AR58_KAZAF_32-75",
        "A0A1G4MK16_LACFM_29-72",
        "A0A9P8T664_9ASCO_75-118",
        "A0A1V2L6N7_CYBFA_44-87",
        "J6ECY0_SACK1_32-75",
        "H2AQE3_KAZAF_32-75",
        "C4R701_KOMPG_261-304",
        "I2H3D8_HENB6_253-296",
        "G8ZX95_TORDE_32-75",
        "G8JTI0_ERECY_35-78",
        "J7S140_HUIN7_33-76",
        "C5DVF2_ZYGRC_31-74",
        "J7SA41_HUIN7_33-76",
        "CCW12_YEAST_32-75",
        "G8BMW9_TETPH_37-80",
        "A0A1G4KJ49_9SACH_29-72",
        "A0A1X7R6L0_9SACH_32-75",
        "J8QFJ1_SACK1_32-75",
        "A0A9P8T664_9ASCO_226-269",
        "Q6CJA9_KLULA_31-74"
    ],
    "folder_path": "/Users/idan_shabo/Documents/Thesis/pipeline_outputs/PF13928_outputs/sequence_embeddings/subfamily_26/significant_splits/rank1"
}