{
    "subfamily": 12,
    "rank": 6,
    "node_name": "0.000",
    "lambda_obs": 3301.0556640625,
    "p_adj": 0.000999000999000999,
    "group_a": [
        "A0A9R1RWC4_TRITD_116-139",
        "A0A9R1Q615_TRITD_57-80",
        "A0A453DSW1_AEGTS_48-71",
        "IBBR_ORYSI_193-216",
        "A5HEI2_ORYSJ_190-213",
        "B8AD07_ORYSI_125-148",
        "A0A0E0BWB7_9ORYZ_123-146",
        "A0A453DSW2_AEGTS_72-95",
        "A0A3B6E9S1_WHEAT_51-74",
        "A0A9R1Q5X2_TRITD_72-95",
        "A0A3B6EAS3_WHEAT_51-74",
        "W5D7C6_WHEAT_57-80",
        "A0A453DSV6_AEGTS_69-92",
        "A0A0E0BWB6_9ORYZ_130-153",
        "A0A9R0R935_TRITD_110-133",
        "A0A0E0BWE9_9ORYZ_127-150",
        "A0A0D9Y2M8_9ORYZ_192-215",
        "A0A2K2DQS1_BRADI_24-47",
        "A0A9R0VDX2_TRITD_80-103",
        "A0A0E0MQT0_ORYRU_1749-1772",
        "A0A9R0RD34_TRITD_80-103",
        "A0A9R1Q5X9_TRITD_80-103",
        "A0A9R0R9Y4_TRITD_112-135",
        "A0A8R7TQB4_TRIUA_53-76",
        "A0A9R0R8Y7_TRITD_59-82",
        "J3KVZ2_ORYBR_113-136",
        "A0A3B6FG05_WHEAT_113-136",
        "A0A3B6FIV2_WHEAT_57-80",
        "A0A287JZA2_HORVV_146-169",
        "A0A9R0RD34_TRITD_143-166",
        "A0AAD8QM89_LOLMU_51-74",
        "A0A453DSU3_AEGTS_54-77",
        "A0A077RU64_WHEAT_340-363",
        "A0A9R1RWN5_TRITD_53-76",
        "Q0JR27_ORYSJ_197-220",
        "A0A3B6FG15_WHEAT_234-257",
        "A0A3B6E9W4_WHEAT_53-76",
        "A0A9R1Q5Z0_TRITD_116-139",
        "A0A3B6EBP8_WHEAT_143-166",
        "B7E9D7_ORYSJ_124-147",
        "A0A9R0RAE0_TRITD_51-74",
        "A0A0E0FFL1_ORYNI_119-142",
        "I1HBL7_BRADI_143-166",
        "A0A0E0MQS8_ORYRU_1484-1507",
        "A0A9R0R9I3_TRITD_56-79",
        "A0A0D3EJ40_9ORYZ_120-143",
        "A0A3B6EAS8_WHEAT_56-79",
        "I1HBL8_BRADI_134-157",
        "A0A453DSY6_AEGTS_251-274",
        "A0A8I6YJV2_HORVV_92-115",
        "A0A9R1Q634_TRITD_116-139",
        "A0A0E0FFK8_ORYNI_125-148",
        "A0A9R0VEJ1_TRITD_53-76",
        "A0A0D9UW87_9ORYZ_109-132",
        "A0A453DSV6_AEGTS_10-33",
        "A0A9R0RD24_TRITD_112-135",
        "A0A3B6E9W4_WHEAT_112-135",
        "A0A9R1RW69_TRITD_113-136",
        "A0A3B6GPS4_WHEAT_54-77",
        "A0A453DSU2_AEGTS_54-77",
        "A0A453DSS2_AEGTS_69-92",
        "A0A0D3EJ34_9ORYZ_126-149",
        "Q9FTR9_ORYSJ_120-143",
        "A0A3B6EDE7_WHEAT_59-82",
        "A0A453DST4_AEGTS_88-111",
        "A0A9R0RAF0_TRITD_56-79",
        "A0A453DSY2_AEGTS_66-89",
        "I1H1H9_BRADI_57-80",
        "A0A9R1Q603_TRITD_11-34",
        "A0A8I6XA13_HORVV_114-137",
        "A0A453DT00_AEGTS_155-178",
        "A0A6G1E1V4_9ORYZ_121-144",
        "A0A453DSV2_AEGTS_9-32",
        "A0A8I6XA20_HORVV_397-420",
        "A0A3B6FIV6_WHEAT_56-79",
        "A0A9R1Q8U3_TRITD_80-103",
        "A0A0E0MQS8_ORYRU_175-198",
        "A0A0D3EJ36_9ORYZ_407-430",
        "A0A3B6EBP8_WHEAT_80-103",
        "A0A9R1RW69_TRITD_54-77",
        "A0A0D9Y2N2_9ORYZ_126-149",
        "A0A9R0R959_TRITD_48-71",
        "A0A0E0BWC3_9ORYZ_124-147",
        "A0A453DSS2_AEGTS_10-33",
        "A2WK45_ORYSI_125-148",
        "A0A3B6GPS4_WHEAT_113-136",
        "F2DGF0_HORVV_113-136",
        "A0A9R0RD11_TRITD_160-183",
        "A0A0E0MQS9_ORYRU_1921-1944",
        "A0A3B6GLE7_WHEAT_145-168",
        "A0A0E0JDH7_ORYPU_130-153",
        "A0A9W7X6X1_9POAL_114-137",
        "A0A9R1Q6A1_TRITD_56-79",
        "A0A8I6XA20_HORVV_649-672",
        "A0A0E0FFP3_ORYNI_115-138",
        "A0A3B6GLF2_WHEAT_51-74",
        "A0A3B6GLE7_WHEAT_82-105",
        "A0A0D9Y2M7_9ORYZ_62-85",
        "A0AAD8QM89_LOLMU_110-133",
        "A0A3B6GM42_WHEAT_215-238",
        "A0A9R0R9Y4_TRITD_53-76",
        "A0A453IY65_AEGTS_91-114",
        "A0A8I6XA20_HORVV_82-105",
        "A0A077RU64_WHEAT_234-257",
        "A0A8I6X1V9_HORVV_70-93",
        "A0A077RRV3_WHEAT_59-82",
        "IBB1_WHEAT_9-32",
        "A0A077RU67_WHEAT_58-81",
        "A0A453DSW2_AEGTS_131-154",
        "A0A3B6GKB6_WHEAT_217-240",
        "A0A8I6XA13_HORVV_55-78",
        "A0A9R0VF95_TRITD_53-76",
        "I1HBL6_BRADI_64-87",
        "A0A0E0MQS9_ORYRU_1526-1549",
        "A0A3B6GLF7_WHEAT_111-134",
        "A0A8R7TQT7_TRIUA_56-79",
        "A0A0E0JDI1_ORYPU_190-213",
        "IBBR_ORYSJ_193-216",
        "A0A9R0VGG1_TRITD_110-133",
        "A0A0E0MQT0_ORYRU_1898-1921",
        "A0A9R0RAE0_TRITD_110-133",
        "A0A0E0JDH9_ORYPU_111-134",
        "A0A8R7TQP0_TRIUA_110-133",
        "A0A9R0RAR0_TRITD_189-212",
        "A0A0D3EJ36_9ORYZ_189-212",
        "A0A9R0VDX2_TRITD_143-166",
        "A0A9R0R935_TRITD_51-74",
        "F2DGF0_HORVV_54-77",
        "A0A9R0R910_TRITD_53-76",
        "A0A0E0MQS7_ORYRU_126-149",
        "A0A0E0FFK9_ORYNI_617-640",
        "A0A3B6EBP3_WHEAT_56-79",
        "A0A453DST5_AEGTS_118-141",
        "A0A9R0RA00_TRITD_47-70",
        "A0A9R1Q604_TRITD_105-128",
        "A0A3B6GM28_WHEAT_113-136",
        "A0A9R1RVX0_TRITD_239-262",
        "A0A0E0FFK9_ORYNI_810-833",
        "A0A0E0BWB9_9ORYZ_188-211",
        "A0A9R0VDV9_TRITD_158-181",
        "A0A077RU46_WHEAT_80-103",
        "A0A3B6EDE3_WHEAT_53-76",
        "A0A0E0MQS8_ORYRU_1727-1750",
        "F2DT49_HORVV_149-172",
        "A0A9R0R959_TRITD_107-130",
        "A0A3B6E9S1_WHEAT_110-133",
        "A0A9R1RWP5_TRITD_161-184",
        "A0A3B6EBN5_WHEAT_160-183",
        "A0A8I6XA20_HORVV_586-609",
        "A0A9R1Q798_TRITD_60-83",
        "A0A0D3HH84_9ORYZ_50-73",
        "A0A453DSY6_AEGTS_155-178",
        "Q5ZCB1_ORYSJ_129-152",
        "A0A0D3H315_9ORYZ_185-208",
        "A0A0E0MQT0_ORYRU_1260-1283",
        "A0A9R0VF95_TRITD_112-135",
        "A0A9R1Q6A1_TRITD_115-138",
        "A0A8I6XA20_HORVV_523-546",
        "A0A3B6JM14_WHEAT_76-99",
        "A0A9R1Q5Z0_TRITD_57-80",
        "A0A9R1Q604_TRITD_164-187",
        "A0A453DST4_AEGTS_29-52",
        "A0A0D9Y2M9_9ORYZ_420-443",
        "A0A0D3EJ35_9ORYZ_62-85",
        "A0A8I6XA20_HORVV_145-168",
        "A0A9R0RD24_TRITD_53-76",
        "I1H1I0_BRADI_51-74",
        "A0A0E0MQS9_ORYRU_1772-1795",
        "B8B617_ORYSI_47-70",
        "A0A0D9Y2Q8_9ORYZ_120-143",
        "A0A3B6GPH9_WHEAT_118-141",
        "A0A0E0FFK9_ORYNI_389-419",
        "A0A8I6XA20_HORVV_460-483",
        "A0A9R0VDW5_TRITD_48-71",
        "A0A6G1DZT7_9ORYZ_121-144",
        "A0A8R7TQB4_TRIUA_112-135",
        "A0A453IXI2_AEGTS_76-99",
        "A0A0E0BWB8_9ORYZ_144-167",
        "A0A0D9Y2M9_9ORYZ_178-201",
        "A0A8I6XA20_HORVV_209-231",
        "A0A3B6EDD9_WHEAT_158-181",
        "A0A9R1Q8U3_TRITD_143-166",
        "A0A0D9Y2N3_9ORYZ_119-142",
        "A0A0E0FFK9_ORYNI_193-216",
        "A0A9R0VEJ1_TRITD_112-135",
        "A0A3B6EAS3_WHEAT_110-133",
        "A0A0E0MQV8_ORYRU_119-142",
        "A0A3B6FEI6_WHEAT_54-77",
        "B8AD05_ORYSI_129-152",
        "A0A9W8CED2_9POAL_115-138",
        "A0A9R1Q8V3_TRITD_59-82",
        "A0A077RU46_WHEAT_143-166",
        "A0A0D9UW84_9ORYZ_104-127",
        "A0A9R0VDW5_TRITD_107-130",
        "A0A453DSS6_AEGTS_87-110",
        "A0A8I6XA20_HORVV_271-294",
        "A0A3B6FG15_WHEAT_342-365",
        "J3KW14_ORYBR_76-99",
        "A0A453DSU3_AEGTS_113-136",
        "A0A0D9Y2M6_9ORYZ_130-153",
        "A2WK48_ORYSI_185-208",
        "A0A3B6FHZ6_WHEAT_162-185",
        "A0A077RU58_WHEAT_72-95",
        "A0A9W7XB50_9POAL_114-137",
        "A0A0E0MQS9_ORYRU_1283-1306",
        "A0A453DRY9_AEGTS_43-66",
        "A0A453DSU6_AEGTS_116-139",
        "A0A0E0JDH8_ORYPU_126-149",
        "A0A9R1Q5V1_TRITD_56-79",
        "A0A453DSU6_AEGTS_57-80",
        "A0A453DSS6_AEGTS_150-173",
        "A0A3B6FG05_WHEAT_54-77",
        "A0A3B6EDE3_WHEAT_112-135",
        "A0A0E0JDI0_ORYPU_193-216",
        "A0A3B6FIV2_WHEAT_116-139",
        "A0A3B6FIV6_WHEAT_115-138",
        "A0A0D3EJ37_9ORYZ_134-157",
        "A0A453DST5_AEGTS_59-82",
        "A0A0D3EJ60_9ORYZ_120-143",
        "A0A0D3EJ39_9ORYZ_120-143",
        "A0A3B6FHY4_WHEAT_56-79",
        "A0A0E0JDK9_ORYPU_128-151",
        "A0A0E0JDI5_ORYPU_251-274",
        "A0A3B6GKB6_WHEAT_119-142",
