{
    "subfamily": 7,
    "rank": 1,
    "node_name": "0.793",
    "lambda_obs": 19813.67578125,
    "p_adj": 0.000999000999000999,
    "group_a": [
        "A0A7U6GDQ9_CALEA_496-541",
        "Q7NCW4_GLOVI_477-528",
        "U5QJI5_9CYAN_477-529",
        "D1C4W6_SPHTD_404-454",
        "S0F071_CHTCT_490-541",
        "A0A0P6WXD0_9CHLR_402-454",
        "A0A2T9WTN1_9CREN_226-277",
        "A0A925EJM3_9CYAN_470-518",
        "A8MDQ4_CALMQ_388-440",
        "A0A2H5YW08_UNCXX_482-532",
        "A0A0M9UDZ3_9CHLR_429-481",
        "D9Q224_ACIS3_451-503",
        "I4EFQ3_9BACT_393-441",
        "A0A160T0B8_9CHLR_481-526",
        "A0A0S7BEJ7_9CHLR_401-446",
        "A0A2H5YQB8_UNCXX_399-457",
        "A0A1Y6K0X7_9CHLR_407-457",
        "A0A7S5RG26_9CAUD_371-420",
        "A0A0U3EBR1_9CREN_424-474",
        "A0A916DFA1_9CHLR_419-470",
        "W4LWZ9_ENTF1_485-534",
        "A0A0N8GQ04_9CHLR_403-454",
        "E8MYK6_ANATU_404-455",
        "A0A347ZPS5_9CHLR_403-455",
        "A0A916FEM6_9CHLR_345-392"
    ],
    "group_b": [
        "RAD50_SACS2_404-456",
        "A0A1I5VA74_9FIRM_408-458",
        "RAD50_SULTO_418-470",
        "C1DVT9_SULAA_431-482",
        "H2C3I3_9CREN_403-451",
        "A0A8D5U1P2_9CREN_431-482",
        "A0A3M0BM70_9AQUI_438-489",
        "A0A938YUB5_9ARCH_329-371",
        "A0A348B2B3_9CREN_402-460",
        "A0A650CR93_9CREN_415-468",
        "C0QRS0_PERMH_438-489",
        "A8UZN2_9AQUI_438-489",
        "A0A2U9IBN1_9CREN_403-454",
        "D2RFR1_ARCPA_415-466",
        "A0A133VMS4_9EURY_438-489",
        "A0A0P6XAL7_9CHLR_403-453",
        "A0A2U9IKF2_9CREN_411-462",
        "C7DHY0_MICA2_369-419",
        "A0A133VKE2_9EURY_438-489",
        "A0A031LJU1_9CREN_405-456",
        "A0A8J8TD98_9EURY_438-490",
        "A0A1D2W9B8_9EURY_395-446",
        "A4YET5_METS5_398-450",
        "B5IAI0_ACIB4_392-443",
        "W7KML3_9CREN_402-454",
        "A0A1H6VSE5_9EURY_441-494",
        "A0A1H3DHF2_9EURY_438-490",
        "A0A9E5DHL4_9CREN_411-456",
        "RAD50_SULAC_415-467",
        "A0A133V2N7_9EURY_367-419"
    ],
    "folder_path": "/Users/idan_shabo/Documents/Thesis/pipeline_outputs/PF04423_outputs/structure_embeddings/subfamily_7/significant_splits/rank1"
}