{
    "subfamily": 16,
    "rank": 3,
    "node_name": "0.957",
    "lambda_obs": 13750.046875,
    "p_adj": 0.000999000999000999,
    "group_a": [
        "U3ESS3_CALJA_1-399",
        "A0A1U7RF62_MESAU_1-397",
        "F7CFY2_MACMU_1-405",
        "A0A1U7U135_CARSF_21-419",
        "A0A8D2HMP3_UROPR_1-394",
        "A0A5E4D1C4_MARMO_11-156",
        "H0VA99_CAVPO_1-399",
        "A0A8C2ULK5_CHILA_1-45",
        "A0A8J6KJE3_MICOH_1-393",
        "A0A8C6R1U1_NANGA_1-399",
        "A0A5F4W9E4_CALJA_1-410",
        "A0A2R9C1B5_PANPA_1-396",
        "A0A091EJC6_FUKDA_1-317",
        "A0A5F7Z8Y5_MACMU_1-152",
        "A0A8C6GQI5_MUSSI_119-369",
        "H7BZN6_HUMAN_1-267",
        "A0A5E4CP29_MARMO_24-113",
        "A0A8D2F7G7_THEGE_1-399",
        "G5BFF2_HETGA_15-330",
        "A0A8C9IEJ5_9PRIM_1-399",
        "A0A8C9QJP9_SPEDA_41-352",
        "A0A6P6DV63_OCTDE_1-391",
        "A0A8C6AFL2_MARMA_1-397",
        "A0A8C5UXB0_MICMU_1-399",
        "L9KUM9_TUPCH_1-383",
        "A0A2K5EIA9_AOTNA_1-399",
        "A0A2K6EPQ2_PROCO_1-315",
        "GP143_MOUSE_1-397",
        "G3RCZ3_GORGO_1-396",
        "H0XMZ2_OTOGA_1-400",
        "A0A8C2ULK5_CHILA_41-328",
        "A0A2K5INH3_COLAP_1-399",
        "A0A8C5K6X8_JACJA_1-82",
        "A0A1A6HD76_NEOLE_232-450",
        "A0A2K6KTA8_RHIBE_1-399",
        "A0A0D9RS25_CHLSB_1-399",
        "A0A5E4CP33_MARMO_9-120",
        "A0A1A6HD76_NEOLE_1-161",
        "A0A5F7Z8Y5_MACMU_150-368",
        "A0AA41MQA0_SCICA_1-307",
        "I3MMN7_ICTTR_1-394",
        "A0A2K6ED83_MACNE_1-399",
        "A0A2K5LV00_CERAT_1-399",
        "A0A5E4D1I5_MARMO_1-123",
        "C9J9N1_HUMAN_1-171",
        "A0A2K5TU33_MACFA_1-399",
        "D4A082_RAT_1-397",
        "A0A2I3T4A6_PANTR_1-396",
        "A0A8D2DU69_SCIVU_1-393",
        "A0A096NH41_PAPAN_1-399",
        "A0A6I9MP80_PERMB_1-397",
        "GP143_HUMAN_1-396",
        "G3HW96_CRIGR_25-270",
        "A0A2J8W4T0_PONAB_1-399",
        "A0A7J7EYX1_DICBM_21-114",
        "A0A2K5QW06_CEBIM_1-399",
        "A0A2K6SCC6_SAIBB_1-410",
        "A0A2K6SCC2_SAIBB_1-399",
        "A0A2K6Q286_RHIRO_1-399",
        "A0A6J3IH94_SAPAP_1-399",
        "A0A8C8YLQ5_PROSS_1-381",
        "A0A2K5YPB2_MANLE_12-361",
        "A0A7J7EYX1_DICBM_129-182",
        "A0A2K5YPB1_MANLE_16-382",
        "A0A8I5R5J8_PAPAN_1-410"
    ],
    "group_b": [
        "A0A674J9C7_9SAUR_1-387",
        "A0A6I9Z2I8_9SAUR_1-386",
        "A0A8C8S294_9SAUR_1-390",
        "A0A8D0GDM2_SPHPU_1-395",
        "A0A8C5S6E9_LATLA_1-182",
        "A0A670Y2Y3_PSETE_1-385",
        "A0A7J7EYX1_DICBM_175-439",
        "A0A4D9DR34_9SAUR_1-400",
        "A0A852JY24_SPIPA_1-233",
        "A0A8C4VU47_9SAUR_1-397",
        "A0A6J0T4V4_9SAUR_1-396",
        "A0A452IN95_9SAUR_1-398",
        "A0A803TNS5_ANOCA_1-403",
        "A0A9L0R450_HORSE_170-388",
        "A0AA35P4Q5_9SAUR_1-398",
        "A0A8D0G628_SPHPU_1-385",
        "G3WYI2_SARHA_1-396",
        "A0A8J6A697_GALPY_147-291",
        "K7FPZ5_PELSI_4-289",
        "A0A8C3FUK8_CHRPI_1-399",
        "A0A8C0H5P4_CHEAB_1-390",
        "A0AA97KT77_EUBMA_1-386",
        "A0A1A6HD76_NEOLE_178-220",
        "A0A6P5LXD4_PHACI_1-396",
        "M7BFL7_CHEMY_290-437",
        "A0A8C5K6X8_JACJA_83-153",
        "A0AA35P257_9SAUR_1-398",
        "A0A643BRJ7_BALPH_1-33",
        "A0A8C3S5G7_CHESE_1-389",
        "A0A1S3APA0_ERIEU_1-391",
        "A0A151N0N9_ALLMI_1-342",
        "A0A673VST3_SURSU_113-428",
        "A0A1U7RRG1_ALLSI_1-400",
        "A0A9Q1AYH0_9SAUR_1-386",
        "F6ZTT8_MONDO_1-396",
        "A0A6P9D664_PANGU_1-386",
        "A0A9L0S545_HORSE_1-309",
        "M7BFL7_CHEMY_47-171",
        "A0A7M4EGN0_CROPO_1-396",
        "G1K8P9_ANOCA_1-394",
        "A0A9F2R1U1_PYTBI_1-385",
        "A0A6J1U4B5_9SAUR_1-385",
        "A0A3M0JZX2_HIRRU_57-146",
        "A0A8D0KP45_SALMN_1-381",
        "G3TK65_LOXAF_1-401",
        "K7FPY4_PELSI_1-128",
        "A0A670IJE5_PODMU_1-383",
        "A0A2Y9E2N6_TRIMA_1-403",
        "A0A9B0T9T5_CHRAS_23-401",
        "A0A803TU72_ANOCA_1-387",
        "A0A7F8RGG8_LEPWE_16-187",
        "M7BFL7_CHEMY_199-276",
        "A0A6I9Z0W8_9SAUR_3-315",
        "A0A8B7B2F4_ORYAF_22-424",
        "F6R1S2_HORSE_21-419",
        "A0A8C6XFQ6_NAJNA_1-384",
        "A0A674I503_9SAUR_1-387",
        "A0A670IIQ5_PODMU_1-382",
        "A0A8D2JAU1_VARKO_1-396",
        "A0A803SPJ3_ANOCA_1-394",
        "A0A9D4BB29_9SAUR_17-416",
        "A0A9L0JRE4_EQUAS_1-399",
        "A0A4X2M6V3_VOMUR_1-396",
        "F6S065_ORNAN_1-396",
        "A0AA35P448_9SAUR_1-382",
        "A0A9L0T523_HORSE_21-429",
        "V8NNC5_OPHHA_17-360",
        "A0A0Q3USL3_AMAAE_1-181",
        "A0A9L0R450_HORSE_21-172"
    ],
    "folder_path": "/Users/idan_shabo/Documents/Thesis/pipeline_outputs/PF02101_outputs/structure_embeddings/subfamily_16/significant_splits/rank3"
}