{
    "subfamily": 14,
    "rank": 2,
    "node_name": "0.789",
    "lambda_obs": 14159.7353515625,
    "p_adj": 0.000999000999000999,
    "group_a": [
        "A0A0D7BGU0_9AGAR_95-169",
        "A0A284R5C9_ARMOS_77-151",
        "A0A9P5XMJ5_9AGAR_77-151",
        "A0A137QYJ1_9AGAR_152-226",
        "A0A9P6D1X6_PLEER_95-169",
        "A0A165EKQ6_9APHY_95-169",
        "A0AA39JQB9_9AGAR_95-169",
        "A0A4S8LT76_DENBC_95-169",
        "A0A8H5GBL6_9AGAR_568-642",
        "A0A137QYJ1_9AGAR_94-155",
        "A0A165NSZ5_EXIGL_95-169",
        "A0A9P7S2B4_9AGAR_95-169",
        "A0A067MB69_BOTB1_77-151",
        "A0AA48L535_9TREE_95-169",
        "F8Q561_SERL3_95-169",
        "A0AA39QEH1_9AGAR_95-169",
        "A0A9P7VFR6_9AGAR_95-169",
        "A0A2H3JCB8_WOLCO_95-169",
        "A8N9Y5_COPC7_95-169",
        "A0A0J0XTD4_9TREE_99-173",
        "A0AA39NK73_ARMTA_95-169",
        "A0A5C3KZT1_COPMA_153-227",
        "A0AAD2K7D7_9AGAR_95-169",
        "A0A9P5JIP0_9AGAM_95-169",
        "A0A9P8ZTF4_9AGAM_95-169",
        "A0A8H5G0D8_9AGAR_2137-2211",
        "A0A2H3BZT7_9AGAR_95-169",
        "A0A2H3DWK4_ARMGA_95-169",
        "A0A166CR95_9AGAM_95-169",
        "A0A164W138_9AGAM_95-169",
        "A0A0W0F4J0_MONRR_101-175",
        "V2XZD1_MONRO_95-169",
        "A0AAD5VGW1_9AGAR_686-760",
        "A0A9P6B0A0_9AGAM_112-186",
        "A0A8H6ZXF9_PLEOS_77-151",
        "A0A2A9NU82_9AGAR_95-169",
        "A0A067NFT1_PLEO1_95-169",
        "A0AA39PS73_9AGAR_95-169"
    ],
    "group_b": [
        "A0AAD4GLC7_BOLED_95-169",
        "A0A0D0AJ59_9AGAM_95-169",
        "A0A9P7AMP8_9AGAM_95-169",
        "A0AAD4EM73_9AGAM_95-169",
        "A0A0C9YE59_9AGAM_95-169",
        "A0A9P7A388_9AGAM_95-169",
        "A0A8I2YZW6_9AGAM_105-179",
        "A0A0C9WCV6_9AGAM_95-169",
        "A0A5M3MJ54_CONPW_95-169",
        "A0A4Y9Z4M2_9APHY_95-169",
        "A0A8K0TT04_9AGAM_95-169",
        "A0A0D0DCW3_9AGAM_95-169",
        "A0A0D0B408_9AGAM_95-169",
        "A0A9P7JAU1_9AGAM_132-206",
        "S8EEK6_FOMSC_77-151",
        "A0A9P7FAC3_9AGAM_95-169",
        "A0A4S4MWU9_9APHY_95-169",
        "A0A165NTI6_9APHY_126-200",
        "A0A0C3PPM6_PISTI_95-169",
        "A0A0C3CRP3_9AGAM_95-169"
    ],
    "folder_path": "/Users/idan_shabo/Documents/Thesis/pipeline_outputs/PF00900_outputs/structure_embeddings/subfamily_14/significant_splits/rank2"
}