{
    "subfamily": 30,
    "rank": 2,
    "node_name": "0.000",
    "lambda_obs": 12152.05078125,
    "p_adj": 0.000999000999000999,
    "group_a": [
        "A0A371D6I9_9APHY_352-406",
        "A0A5C3PJ98_9APHY_352-406",
        "A0A1X6N6U9_9APHY_289-343",
        "A0A2R6P0L0_9APHY_351-405",
        "J4H334_9APHY_351-401",
        "A0A5B1QHG4_9AGAM_349-403",
        "A0A1C7M9L0_GRIFR_360-414",
        "A0A4V2K8N0_9APHY_350-404",
        "S8FRU7_FOMSC_351-404",
        "A0A8H7PA88_9APHY_289-343",
        "A0A4Y9Y1H5_9APHY_172-223",
        "A0A1Y2IUV6_TRAC3_352-406",
        "A0A4R0RS83_9APHY_347-401",
        "A0A401GWL6_9APHY_351-405",
        "A0A2H3K7N7_WOLCO_351-405",
        "A0A165RI35_9APHY_351-405",
        "A0A4Y9XXM6_9AGAM_349-421",
        "A0A060S5N2_PYCCI_352-406",
        "A0A9P5T965_9AGAM_368-422",
        "A0A5C2SLY0_9APHY_352-406",
        "A0AAD7XB44_9APHY_352-406",
        "A0AAD5VHF5_9APHY_348-402",
        "A0A165G4N2_9APHY_352-406",
        "A0A1M2VUC7_TRAPU_290-344",
        "A0AAD4QRD9_9AGAM_353-407",
        "A0A8K0XSS3_9AGAR_350-404",
        "A0A2G8RUK1_9APHY_192-246",
        "W4K2C8_HETIT_350-404",
        "A0AAD4QHK8_9AGAM_346-400"
    ],
    "group_b": [
        "A0AAD7GZV7_MYCRO_307-361",
        "A0A8K0U3C4_9AGAM_352-406",
        "A0AA39KDD6_ARMTA_350-404",
        "A0A9P6A5J5_PLEER_339-393",
        "A0A0D0B4W4_9AGAM_350-404",
        "A0A9P7VPH5_9AGAR_350-404",
        "A0A0C3CEL4_PILCF_350-404",
        "A0A8H7CRD3_9AGAR_350-404",
        "A0AA39JMY7_9AGAR_350-404",
        "A0A9P5Y1C8_9AGAR_350-404",
        "A0AA39UP47_9AGAR_350-404",
        "A0AAD7K864_9AGAR_350-404",
        "A0AAD6YVQ4_9AGAR_353-407",
        "A0A166A2C8_9AGAM_348-402",
        "M2R3R4_CERS8_351-405",
        "A0AA38UHM7_9AGAR_424-463",
        "A0A9P7EBZ9_9AGAM_356-410",
        "A0A2H3B8B5_9AGAR_350-404",
        "A0A0C3P756_PISTI_349-403",
        "A0A284R3R0_ARMOS_350-404",
        "A0A0D0DTH0_9AGAM_373-427",
        "A0AAD7BKM4_9AGAR_343-397",
        "A0A067P763_9AGAM_348-402",
        "A0A8H6ZTD0_PLEOS_339-393",
        "A0A0C3DXD5_9AGAM_348-402",
        "A0A8H5M7L5_9AGAR_348-399",
        "A0AA38UHT5_9AGAR_222-261",
        "A0A1B7N837_9AGAM_356-410",
        "A0A067NSE1_PLEO1_339-393",
        "A0A0D7A1U9_9AGAR_343-397",
        "F8Q965_SERL3_350-403",
        "A0AAD6SZW3_9AGAR_347-401",
        "A0A0C9VHT0_9AGAM_350-404",
        "A0AAD6Z0T1_9AGAR_349-403",
        "A0A8E2DVK5_9APHY_350-404",
        "A0A9P7FAJ1_9AGAM_350-404",
        "A0A8H7L5M6_9AGAM_350-404",
        "A0A9P7DH00_9AGAM_344-398",
        "A0A5M3MK46_CONPW_352-406",
        "A0AAD7F8Y9_9AGAR_343-397",
        "A0A5C3N4F7_9AGAM_346-400",
        "A0A164VQZ2_9AGAM_348-402",
        "A0A8I2YMB7_9AGAM_290-362",
        "A0A1J8RBC0_9AGAM_356-410",
        "A0A9Q5HT92_SANBA_350-404",
        "A0A286UK70_9AGAM_351-405",
        "A0A0C9Z5K9_9AGAM_366-420",
        "A0A9P6ZU73_9AGAM_350-403",
        "A0AAD4GKL7_BOLED_361-415",
        "A0AA39PS06_9AGAR_350-404",
        "A0A8H6Z5B3_9AGAR_273-327",
        "S7RU14_GLOTA_343-397",
        "A0A4S4LAY7_9AGAM_214-267",
        "A0A165SGU8_9AGAM_351-405",
        "A0A166TD65_9AGAM_351-405",
        "A0A2H3EIG0_ARMGA_350-404",
        "A0AAD4E3F5_9AGAM_350-404",
        "A0AAD7K322_9AGAR_347-401",
        "A0A369JND7_HYPMA_351-405"
    ],
    "folder_path": "/Users/idan_shabo/Documents/Thesis/pipeline_outputs/PF04064_outputs/sequence_embeddings/subfamily_30/significant_splits/rank2"
}