{
    "subfamily": 4,
    "rank": 2,
    "node_name": "0.934",
    "lambda_obs": 24319.056640625,
    "p_adj": 0.000999000999000999,
    "group_a": [
        "A0A261TSC0_9BORD_1113-1163",
        "A0A261TYZ3_9BORD_310-353",
        "A0A261TYZ3_9BORD_273-315",
        "A0A261TYZ3_9BORD_1236-1287",
        "A0A261TYZ3_9BORD_423-467",
        "A0A261TSC0_9BORD_450-503",
        "A0A261TSC0_9BORD_1072-1125",
        "A0A261TYZ3_9BORD_114-165",
        "L8XYM8_9GAMM_1-56",
        "A0A261TSC0_9BORD_386-446",
        "A0A261TYZ3_9BORD_461-505",
        "A0A261TSC0_9BORD_506-560",
        "A0A261TYZ3_9BORD_671-712",
        "A0A261TYZ3_9BORD_1090-1141",
        "A0A261TYZ3_9BORD_782-826",
        "A0A261TSC0_9BORD_1019-1070",
        "A0A261TYZ3_9BORD_190-239",
        "L8XZ37_9GAMM_644-704",
        "C3X5P1_9BURK_987-1040",
        "A0A261TSC0_9BORD_1093-1143",
        "A0A160FS36_9BURK_883-934",
        "A0A261TYZ3_9BORD_224-277",
        "A0A261TYZ3_9BORD_745-788",
        "A0A261TSC0_9BORD_754-805",
        "A0A261TSC0_9BORD_1129-1182",
        "A0A261TSC0_9BORD_838-881",
        "A0A261TYZ3_9BORD_387-429",
        "A0A261TSC0_9BORD_78-130",
        "A0A261TSC0_9BORD_172-223",
        "C3X5P1_9BURK_678-740",
        "A0A2J6MKY1_9BURK_1261-1316",
        "A0A261TYZ3_9BORD_620-674",
        "A0A261TYZ3_9BORD_924-978",
        "A0A261TYZ3_9BORD_347-391",
        "A0A261TYZ3_9BORD_152-203",
        "A0A261TYZ3_9BORD_699-750"
    ],
    "group_b": [
        "A0A4T0V125_9NEIS_844-899",
        "A0A517DSC9_9FIRM_236-287",
        "A0A4R1PYE9_9FIRM_153-207",
        "A0A433SF27_9BURK_159-220",
        "A0A097QYR3_HAFAL_249-300",
        "J7TDP9_MORMO_159-210",
        "ACRAC_CITRI_850-899",
        "A0A2J6MKY1_9BURK_989-1042",
        "A0A4V6WQD5_9BURK_372-427",
        "A0A2S4MA41_9BURK_580-635",
        "A0A261TYZ3_9BORD_1128-1177",
        "A0A2J6MK30_9BURK_304-357",
        "A0A4R1PYE9_9FIRM_288-339",
        "A7MF71_CROS8_1557-1616",
        "Q0BRQ2_GRABC_658-719",
        "A0A2J6MK30_9BURK_211-265",
        "A0A1D9H863_9BURK_951-1002",
        "A0A0H3JDL6_ECO57_142-193",
        "C3X8M9_OXAFO_518-579",
        "A0A517DSC9_9FIRM_195-249",
        "A0A4V6WQD5_9BURK_355-408",
        "A0A097QYR3_HAFAL_105-162",
        "A0A063BJD0_9BURK_653-704",
        "A0A2X4UWM4_9GAMM_156-207",
        "C3X8M9_OXAFO_583-634",
        "A0A433SF27_9BURK_536-606",
        "A0A160FS36_9BURK_87-142",
        "A0A679I4Y6_9RHOO_1041-1098",
        "A0A1D9H863_9BURK_1156-1209",
        "A0A2C6DIS5_9GAMM_158-209",
        "A0A0H2VAW5_ECOL6_144-195",
        "A0A0H2V1S1_SHIFL_144-195",
        "A0A4R1PYE9_9FIRM_327-377",
        "A0A2J6MKJ0_9BURK_738-789",
        "B7LG82_ECO55_144-194",
        "A0A2J6MK30_9BURK_928-984",
        "A0A562GZJ4_9FIRM_1059-1120",
        "A0A1V2H854_9PROT_29-82",
        "ACRAC_CITRI_103-145"
    ],
    "folder_path": "/content/drive/MyDrive/Thesis/protein_data/PF16168_outputs/structure_embeddings/subfamily_4/significant_splits/rank2"
}