{
    "subfamily": 7,
    "rank": 1,
    "node_name": "0.175",
    "lambda_obs": 11943.7939453125,
    "p_adj": 0.000999000999000999,
    "group_a": [
        "A0A8C8FSN6_ONCTS_529-584",
        "A0A484C4G4_PERFV_851-906",
        "A0A6I9PA85_9TELE_859-914",
        "A0A6P8UNG9_GYMAC_865-920",
        "A0A673YA91_SALTR_727-782",
        "A0A673Y9P6_SALTR_849-904",
        "A0A8C8FS61_ONCTS_570-625",
        "A0A8C7DG62_ONCKI_849-904",
        "A0A8C2ZMB7_CYCLU_719-774",
        "A0A8C9ZEQ3_SANLU_651-706",
        "A0A8C4Z961_GADMO_947-1002",
        "A0A6Q2XJL8_ESOLU_846-901",
        "A0A7J5ZGE2_DISMA_668-723",
        "G3Q618_GASAC_794-849",
        "A0A6J2S7Q4_COTGO_815-870",
        "A0A1S3SGD4_SALSA_843-898",
        "A0A8C2ZM86_CYCLU_771-826",
        "A0A4W5N6J4_9TELE_843-898",
        "A0A5J5CIE4_9PERO_581-636",
        "A0A8C9ZIH2_SANLU_671-726",
        "A0A6J2S877_COTGO_815-870",
        "A0A8U0R137_SALNM_849-904",
        "A0A6F9CC18_9TELE_780-835",
        "A0A8C2ZLF7_CYCLU_715-770",
        "A0A8C7F551_ONCKI_537-592",
        "A0A8C7D3W1_ONCKI_556-611",
        "A0A674A4K0_SALTR_590-645",
        "A0A060X883_ONCMY_11-65",
        "A0A6J2S8M9_COTGO_806-861",
        "A0A4Z2BHF5_9TELE_788-825",
        "A0A3P8ZN06_ESOLU_846-900",
        "A0A1S3SGB4_SALSA_844-899",
        "A0A673Y9Z4_SALTR_892-947",
        "A0A6A5DMY4_PERFL_477-532",
        "A0A6J2S5U8_COTGO_816-871",
        "A0A8C2ZNA7_CYCLU_703-758",
        "A0A8C8FS62_ONCTS_565-620"
    ],
    "group_b": [
        "A0A3P9PNE9_POERE_816-871",
        "A0A2U9B1G5_SCOMX_852-907",
        "A0A3Q3NMV9_9LABR_844-882",
        "A0A8C7XGL2_9TELE_856-895",
        "A0A1A7ZC71_NOTFU_831-886",
        "A0A9D3PBA8_MEGAT_786-841",
        "A0A672J6W4_SALFA_762-817",
        "A0A834FI52_ORYME_890-945",
        "A0A8C6WVY8_9GOBI_419-474",
        "A0A3Q3A9P9_KRYMA_794-848",
        "A0A8C7XFP7_9TELE_831-870",
        "A0A3Q1GY26_9TELE_856-900",
        "A0A437C0L9_ORYJA_875-908",
        "A0A8J7NQH4_ATRSP_1273-1328",
        "A0A6P7NER3_BETSP_849-904",
        "A0A0P7V8I3_SCLFO_684-739",
        "A0A8T3CEE0_9TELE_805-860",
        "A0A4W6F434_LATCA_851-906",
        "A0A3P8ZLY9_ESOLU_846-878",
        "A0A6P7NDF7_BETSP_850-905",
        "A0A2I4CNS3_AUSLI_812-867",
        "I3K176_ORENI_837-870",
        "A0A667WXX7_9TELE_828-883",
        "A0A2I4CNQ6_AUSLI_814-869",
        "A0A3Q1HNF5_ANATE_850-905",
        "A0A3P8UEL7_AMPPE_707-762",
        "W5NFE1_LEPOC_810-865",
        "A0A3Q2C9W9_CYPVA_794-849",
        "A0A315VB94_GAMAF_855-896",
        "A0A8C5EQY8_9TELE_828-863",
        "A0A087Y6X2_POEFO_814-869",
        "A0A3Q1GY28_9TELE_841-885",
        "A0A3Q1C6X8_AMPOC_845-900",
        "M4A2E2_XIPMA_813-868",
        "A0A4W5N3J0_9TELE_648-681",
        "A0A9D3RHZ6_ANGAN_837-892"
    ],
    "folder_path": "/content/drive/MyDrive/Thesis/protein_data/PF09332_outputs/structure_embeddings/subfamily_7/significant_splits/rank1"
}