{
    "subfamily": 4,
    "rank": 1,
    "node_name": "0.909",
    "lambda_obs": 6700.90478515625,
    "p_adj": 0.000999000999000999,
    "group_a": [
        "A0AAY5L8P0_ESOLU_2-133",
        "A0A4W5NP99_9TELE_2-133",
        "A0A674CUT4_SALTR_2-133",
        "A0A060XEC3_ONCMY_2-133",
        "A0A060Y2J3_ONCMY_2-133",
        "A0A673XS43_SALTR_2-133",
        "A0A8C7F6J2_ONCKI_2-133",
        "A0A8C8MGM8_ONCTS_2-81",
        "A0A8U0P2J6_SALNM_2-133",
        "A0A1S3NTH4_SALSA_2-133",
        "A0A6Q2Z3J1_ESOLU_10-132",
        "A0A3P8YKL4_ESOLU_2-130",
        "A0A1S3T1K1_SALSA_2-133",
        "A0A4W5NWG1_9TELE_43-97",
        "A0A6F9CL03_9TELE_2-133",
        "A0A4W5NGU6_9TELE_2-131",
        "A0A8C7GCW2_ONCKI_2-133",
        "A0A8U0TVD7_SALNM_2-133",
        "A0A673XS25_SALTR_2-133",
        "A0A1S3T1I0_SALSA_1-114",
        "A0A8C7D7X5_ONCKI_11-137",
        "A0AAZ3PCD1_ONCTS_2-131"
    ],
    "group_b": [
        "A0AA88SAQ5_TACVA_2-135",
        "A0A6P3W1U1_CLUHA_2-133",
        "A0A9Q1E5Q1_SYNKA_2-137",
        "A0AAD7RGS4_9TELE_2-133",
        "A0AAD9DKR1_9TELE_14-83",
        "A0A8T3DEL3_9TELE_2-133",
        "A0A8J4X305_CLAMG_1069-1189",
        "W5KX85_ASTMX_2-134",
        "A0A6J2VN19_CHACN_2-135",
        "A0AAD5B240_SILAS_2-133",
        "A0A5N5M6G9_PANHP_2-133",
        "A0A9D3Q192_MEGAT_2-133",
        "A0A9Q1HRJ3_CONCO_2-133",
        "A0A556TRQ8_BAGYA_1042-1115",
        "A0AAE0V2L2_9TELE_2-133",
        "A0A7J6AUQ1_AMEME_24-106",
        "A0A8T0B3T6_SILME_2-133",
        "A0A9D3LTK5_ANGAN_2-134",
        "A0A4W4F0B7_ELEEL_12-133",
        "A0A9D3NHW7_9TELE_2-133"
    ],
    "folder_path": "/Users/idan_shabo/Documents/Thesis/pipeline_outputs/PF10484_outputs/structure_embeddings/subfamily_4/significant_splits/rank1"
}