{
    "subfamily": 9,
    "rank": 1,
    "node_name": "0.855",
    "lambda_obs": 19574.4921875,
    "p_adj": 0.000999000999000999,
    "group_a": [
        "B9DU34_STRU0_247-337",
        "A0A1G6C6S5_9STRE_221-310",
        "A0A2L0D339_9STRE_266-356",
        "T0TE08_9STRE_221-310",
        "A0A3P1VE24_9STRE_390-476",
        "A0A934P8S6_9STRE_222-311",
        "Q8DV28_STRMU_274-363",
        "A0A172Q6R9_9STRE_274-364",
        "A0A2L0D5J1_9STRE_267-356",
        "A0A2L0D304_9STRE_267-356",
        "F5X228_STRPX_283-372",
        "A0A139NI53_9STRE_213-302",
        "A0A139NKU7_9STRE_91-182",
        "F5X229_STRPX_221-310",
        "A0A934P8N6_9STRE_241-330",
        "G5KH32_9STRE_246-335",
        "G5KCL5_9STRE_276-366",
        "A0A380JDN3_STRDO_274-362",
        "A0A934P999_9STRE_222-310",
        "G5KH31_9STRE_254-344",
        "A0A1G6C6R7_9STRE_251-340",
        "A0A2X3W4V0_9STRE_220-309",
        "Q8DUR7_STRMU_220-310",
        "A0A2X3W8K8_9STRE_225-314",
        "A0A0E4CT98_9STRE_386-475"
    ],
    "group_b": [
        "A0A3L9DVT0_9STRE_424-511",
        "T0TE65_9STRE_75-165",
        "A0A380JDN3_STRDO_472-563",
        "A0A934P999_9STRE_515-604",
        "A0A3P1VE28_9STRE_164-253",
        "Q8DV28_STRMU_568-658",
        "G5KD88_9STRE_165-252",
        "A0A3L9DVT0_9STRE_624-712",
        "T0UQR8_9STRE_126-216",
        "A0A3L9DVT0_9STRE_328-414",
        "T0UQR8_9STRE_313-401",
        "A0A3P1VE28_9STRE_67-157",
        "F5X228_STRPX_577-666",
        "G5KD88_9STRE_261-348",
        "T0TE65_9STRE_263-352",
        "A0A1G6CP01_9STRE_433-523",
        "A0A172Q898_9STRE_452-541",
        "A0A3L9DVT0_9STRE_520-608",
        "A0A0E4H5E7_9STRE_384-475",
        "A0A1G6C6R7_9STRE_545-634",
        "A0A2X3VZW6_9STRE_290-380",
        "A0A2X3W8K8_9STRE_515-605",
        "A0A934P8N6_9STRE_537-625",
        "G5KFQ5_9STRE_338-423",
        "A0A172Q898_9STRE_264-354",
        "A0A2X3VZW6_9STRE_388-477",
        "A0A2X3VZW6_9STRE_192-282",
        "A0A172Q6R9_9STRE_568-657",
        "A0A2L0D339_9STRE_475-563",
        "G5KD88_9STRE_67-156"
    ],
    "folder_path": "/Users/idan_shabo/Documents/Thesis/pipeline_outputs/PF08481_outputs/structure_embeddings/subfamily_9/significant_splits/rank1"
}