{
    "subfamily": 11,
    "rank": 1,
    "node_name": "0.853",
    "lambda_obs": 9889.8837890625,
    "p_adj": 0.000999000999000999,
    "group_a": [
        "A0A089YUW7_9PSED_11-60",
        "A0A010SUI0_PSEFL_11-60",
        "A0A0U4B0M9_9CAUD_4-51",
        "A0A239DFW0_9PSED_8-57",
        "Q885I6_PSESM_11-60",
        "A0A3M3EW42_9PSED_11-60",
        "A0A2D2M481_9PSED_11-60",
        "A0A6B3P2H0_9PSED_11-60",
        "A0A078LRI6_9PSED_8-57",
        "A0A285NP94_9PSED_8-57",
        "A0A0Q5EXZ9_9PSED_11-60",
        "I4MWZ3_9PSED_11-60",
        "Q88EJ2_PSEPK_11-60",
        "A0A127I704_PSEAZ_11-60",
        "A0A8S0H6L0_9PSED_11-60",
        "A0A089WU03_9PSED_11-60",
        "A0A427DV52_9PSED_11-60",
        "A0A8H9YM31_9PSED_11-60",
        "A0A7L5RRK6_9PSED_11-60",
        "A0A315WTX0_9PSED_11-60",
        "A0A105T9W2_9PSED_11-60",
        "A0A0X1T065_PSEAA_11-60",
        "A0A3M3TJF3_PSECI_8-57"
    ],
    "group_b": [
        "A0A2T5P698_9PSED_11-60",
        "A0A2I0CU07_9PSED_11-60",
        "A4VJC0_STUS1_49-98",
        "A0A0N0E133_9PSED_11-60",
        "A0A0D6S738_9PSED_8-57",
        "A0A2W5F9D6_9PSED_11-60",
        "A0A839T949_AZOMA_8-57",
        "A0A562J2H6_9GAMM_8-57",
        "A0A5P9C5R0_9PSED_8-57",
        "A0A2A2IYK7_9PSED_11-60",
        "A0A1E4V2B2_9PSED_11-60",
        "A0A7U7IB54_9PSED_8-57",
        "A0A1H2GD17_9GAMM_10-56",
        "A0A1H7PSY5_9GAMM_10-56",
        "A0A0A1YN74_9PSED_11-60",
        "A0A0D7FML6_9PSED_10-59",
        "W9TDF8_9PSED_8-57",
        "A0A1H8FJN6_9BURK_9-51",
        "N2IR74_9PSED_10-59",
        "N2J499_9PSED_10-59",
        "A0A1H1UJW1_9PSED_10-59",
        "A0A0U4NXG8_9PSED_12-59",
        "A0A1G8W9N9_9PSED_8-57",
        "N2J7C3_9PSED_10-59",
        "A0A0C4WRA8_9GAMM_8-57",
        "A0A917PTS5_9PSED_8-57",
        "A0A5R9QDJ0_9GAMM_11-60",
        "S6AYR6_PSERE_1-36",
        "A0A1Y0KU42_9PSED_11-60",
        "A0A2T5HEI6_9PSED_8-57",
        "A0A1H2E105_9PSED_12-61",
        "A0A1Y0SXL4_9CAUD_11-55",
        "A0A553GUS9_9PSED_11-60",
        "A0A1I3P517_9PSED_8-57",
        "A0A385Z3H7_9PSED_11-60",
        "U3AXU4_PSEA4_8-57",
        "F6A8L3_PSEF1_8-57",
        "S5WBL1_9CAUD_5-55",
        "A0A0T6UNN3_9PSED_8-57",
        "A0A1I0FMX7_9PSED_8-57",
        "A0A1G8EXM0_9PSED_8-57"
    ],
    "folder_path": "/Users/idan_shabo/Documents/Thesis/pipeline_outputs/PF03869_outputs/structure_embeddings/subfamily_11/significant_splits/rank1"
}