{
    "subfamily": 8,
    "rank": 1,
    "node_name": "0.707",
    "lambda_obs": 10649.83203125,
    "p_adj": 0.000999000999000999,
    "group_a": [
        "A0A1E3QLV0_9ASCO_162-205",
        "A0A1G4J6N3_9SACH_503-536",
        "G8YAV0_PICSO_371-414",
        "M3JYX2_CANMX_547-590",
        "A0A1D2VS87_9ASCO_52-95",
        "A0A1E4TP82_PACTA_63-98",
        "A0A1G4MGY4_LACFM_222-265",
        "A0A2P7YS13_9ASCO_214-257",
        "A0A7H9HPZ4_9SACH_298-333",
        "A0A8J5QK97_9ASCO_32-73",
        "A0AAI9SZF3_9ASCO_474-515",
        "A0A9W4U0A2_9ASCO_179-222",
        "A0A9P0QM03_9ASCO_204-247",
        "A0A8H6BRW1_CANAX_60-95",
        "G8JM41_ERECY_341-372",
        "A3GGN6_PICST_239-260",
        "A0A9P8TSF3_WICPI_1025-1068",
        "A0A0C7NF11_9SACH_336-364",
        "A0A1E3QLQ7_9ASCO_29-72",
        "Q6CDT0_YARLI_45-82",
        "A0A9P8TKI8_WICPI_856-900",
        "A0A1E4T1U3_9ASCO_215-257",
        "A0A1E4TYX4_PACTA_190-233",
        "G8C0R3_TETPH_973-1016",
        "PGA6_CANAL_79-115",
        "A0A7D9CWW8_DEKBR_446-489",
        "A0AAW0VF88_CANAR_196-239",
        "A0A7D9CW75_DEKBR_106-148",
        "G8C0R3_TETPH_844-884",
        "C4YAB4_CLAL4_36-81",
        "G8JM41_ERECY_261-292",
        "A0A2V1B1X1_9ASCO_218-261",
        "A0A7D9CW75_DEKBR_194-236",
        "A0A9P8QBB1_WICPI_1307-1351"
    ],
    "group_b": [
        "W6MPT2_9ASCO_455-495",
        "A0A9P8PJ21_WICPI_355-398",
        "A0A1E3NX90_WICAA_271-314",
        "A0A9P8PU14_WICPI_97-131",
        "A0A1E3NX90_WICAA_197-240",
        "A0A1V2KYH9_CYBFA_99-142",
        "A0A9P8QBB1_WICPI_1387-1436",
        "A0A9P8TQZ9_WICPI_1038-1081",
        "A0A1A0HEB0_9ASCO_30-73",
        "A0A1V2KYH9_CYBFA_4-34",
        "A0A9P8TQL3_WICPI_1-29",
        "A0AAI9SZ04_9ASCO_250-289",
        "A0A9P8PX48_WICPI_271-314",
        "A0A1V2L6A7_CYBFA_1276-1319",
        "A0A9P8QAJ3_WICPI_196-232",
        "A0A9P8PU14_WICPI_43-86",
        "A0A1V2KYM4_CYBFA_724-767",
        "A0A9P8Q7E3_WICPI_747-790",
        "A0A9P8TQL3_WICPI_40-83",
        "A0A9P8PX48_WICPI_217-260",
        "A0A9P8TQZ9_WICPI_984-1027",
        "A0A9P8PU14_WICPI_1-32"
    ],
    "folder_path": "/Users/idan_shabo/Documents/Thesis/pipeline_outputs/PF13928_outputs/structure_embeddings/subfamily_8/significant_splits/rank1"
}