{
    "subfamily": 19,
    "rank": 1,
    "node_name": "0.859",
    "lambda_obs": 7412.7353515625,
    "p_adj": 0.000999000999000999,
    "group_a": [
        "A0A2P7RZZ4_9HYPH_30-75",
        "A0A2S0XQY3_9HYPH_10-58",
        "A0A364JVS4_9HYPH_2-53",
        "I6RSL2_9CAUD_6-53",
        "A0A6L9MM45_9HYPH_5-54",
        "A0A3D9UGS8_9GAMM_6-50",
        "A0A316J877_9HYPH_29-78",
        "A0A077KC13_9CAUD_6-60",
        "A0A482MDY1_9CAUD_6-53",
        "H6WRU6_9CAUD_6-50",
        "A0A2U2DQ56_9HYPH_20-69",
        "A0A1W1Z0Q1_9HYPH_64-110",
        "A0A2Z5HQK4_9CAUD_6-50",
        "B7LBL0_ECO55_6-55",
        "A0A0J8YA17_9GAMM_4-52",
        "Q7N337_PHOLL_8-57",
        "A0A1I4ZD18_9GAMM_6-53",
        "A0A1I4XVN3_9GAMM_6-58",
        "A0A5C8WTD1_9HYPH_2-48",
        "A0A2U8I4U0_9GAMM_6-52",
        "A0A8B2NKH3_9HYPH_8-54",
        "A0A371XC14_9HYPH_7-53",
        "A0A7W9FQV5_9HYPH_9-57"
    ],
    "group_b": [
        "A0A220NR04_BPST6_2-51",
        "A0A2H4FVY6_9CAUD_2-51",
        "A0A5J6HQ46_STRAD_117-160",
        "A0A6M4FFY2_9GAMM_2-51",
        "A0A6G8C498_9BURK_2-49",
        "Q4FSX8_PSYA2_1-47",
        "A0A4Q4ZL06_9ACTN_89-128",
        "A0A4P8YP55_9ENTR_4-48",
        "A0A895YRH6_9ACTN_108-152",
        "A0A2W2J9K3_9ACTN_1-46",
        "A0A0A0EJV2_9RHOB_6-56",
        "A0A4U0S771_9ACTN_1-45",
        "A0A2T5J1E3_9GAMM_6-50",
        "A0A363RUX3_9BURK_2-50",
        "A8HTS5_AZOC5_7-56",
        "A0A5M6IN47_9PROT_2-49",
        "A0A2G8TCW4_9BURK_4-53",
        "A0A285GXN0_9ACTN_107-153",
        "A0A3N4ZWD4_9ACTN_1-42",
        "G9PKW2_9ACTO_113-156",
        "A0A6P2FEB5_9BURK_2-48",
        "A0A1D9HAI5_9BURK_1-36",
        "A0A143G3S5_9GAMM_2-51",
        "A0A972NPL5_9BURK_2-48",
        "G0ZNE9_9CAUD_2-48",
        "A0A1I1BHE6_9PSEU_108-155",
        "A0A2H5AXH7_9ACTN_1-45",
        "A0A0M5M1J2_9CAUD_5-54",
        "A0A6B2SE01_9ACTN_8-53",
        "A0A2U8I4W2_9GAMM_2-46",
        "A0A5Q2F9X5_9CAUD_4-52",
        "A0A198GBQ6_9GAMM_1-51",
        "A0A2T5J1E1_9GAMM_3-52",
        "A0A101J631_9ACTN_1-40",
        "A0A1T0A1X9_9GAMM_5-51",
        "A0A1T0A9K8_9GAMM_5-51",
        "A0A1T0A0G9_9GAMM_1-47",
        "A0A2T6F4L8_9BURK_1-31",
        "B8K1J0_9CAUD_2-51",
        "A0A6G8C333_9BURK_2-48",
        "A0A5C0CBA5_9CAUD_2-51",
        "A0A5D4GW91_9HYPH_2-45",
        "A0A7L7STQ4_9CAUD_1-50",
        "A0A4U0Q238_9NEIS_5-54",
        "A0A1H9E5R9_9BURK_8-52",
        "A0A244EAY0_9BURK_1-38",
        "A0A6G8NFH3_9BURK_2-51",
        "A0A7T8EN00_BPP22_2-51",
        "A0A7G9SPU0_9GAMM_2-46",
        "A0A840RNF2_9BURK_25-74",
        "A0A4R7JD45_9ACTN_108-152",
        "A0A7V7FML1_9PROT_6-53",
        "A0A6P2FEI0_9BURK_2-50",
        "N8X2X7_ACIGI_1-46",
        "A0A2T6F399_9BURK_2-51",
        "A0A5C0CA61_9CAUD_2-51",
        "A0A1H1SRK8_9ACTN_109-156",
        "A0A1G9SUA8_ALLAB_107-151",
        "A5VW59_9CAUD_5-54",
        "A0A7W7YT33_9HYPH_2-49",
        "A0A2G6ZNQ3_9BURK_10-52",
        "A0A840RLI9_9BURK_4-58",
        "A0A7L7T0E4_9CAUD_2-45",
        "F8B1H5_9ACTN_6-43",
        "Q76H48_9CAUD_2-51",
        "A0A2N7WTU5_9BURK_2-49",
        "A0A977XQF8_9CAUD_2-51",
        "A0A6G8BYK6_9BURK_2-45",
        "D2TY01_9GAMM_5-54",
        "A0A7K1UII3_9MICC_119-164",
        "A0A7S6R6S8_BPST6_2-51",
        "Q0SDI1_RHOJR_118-164",
        "A0A0Q7DFN1_9HYPH_1-41",
        "S3YJF1_9MICO_100-144",
        "A0A192Y641_9CAUD_2-51",
        "A0A2T0SZ17_9PSEU_112-157",
        "A0A7W6E9E5_9HYPH_2-46",
        "W7DNG8_9PROT_2-49",
        "A0A7Z2VWR3_9BURK_2-48",
        "B9UDL4_9CAUD_2-51",
        "A0A1N7G8Z2_9GAMM_1-47",
        "A0A2T7UWM0_9RHOB_4-47",
        "A0A363RV41_9BURK_2-49",
        "A0A7W7Z1F9_9BRAD_4-53",
        "RMNT_BPP22_2-51",
        "A0A8B2NKH3_9HYPH_61-107",
        "V2TUJ3_9GAMM_1-50",
        "A0A0C4WKN9_9GAMM_2-51",
        "A0A7K1GXJ9_9ACTN_109-154",
        "A0A977SIC9_9HYPH_2-51",
        "A0A317EE84_9PROT_2-51",
        "A0A1Z9YXP8_9GAMM_2-50",
        "A0A7W8UJ28_9HYPH_2-50",
        "A0A1X0WAG5_9GAMM_1-25",
        "A0A192Y5N7_9CAUD_2-51",
        "F5XL46_MICPN_51-90",
        "M1RN95_MORMO_2-51",
        "A0A9E7E2X9_9CAUD_4-51",
        "A0A7Y5XQ58_9ACTN_102-146",
        "A0A3G3M8A5_9CAUD_1-33",
        "A0A4U0NJC9_9ACTN_113-157",
        "A3WWL7_9BRAD_21-61",
        "A0A892ZDD1_9NEIS_2-48",
        "A0A892ZG10_9NEIS_2-45",
        "A0A4R5PNE1_9HYPH_2-46",
        "Q8HAD8_BPST6_2-51",
        "A0A4R5UJQ8_9HYPH_1-42",
        "A0A4R7W277_9PSEU_114-164",
        "A0A5C0CC47_9CAUD_2-51",
        "A0A2U2DX71_9HYPH_2-45",
        "A0A6P1YHW7_9HYPH_2-44",
        "K8WV81_9GAMM_2-48",
        "U3C939_9VIBR_15-63",
        "A0A6M1MKQ7_9RHOB_3-48",
        "A0A5N8XID5_9ACTN_1-42",
        "A0A0J9B3T9_9GAMM_5-47",
        "A0A482J947_9CAUD_4-51",
        "A0A6S7B149_9BURK_2-50",
        "A0A5B0HCM8_9BURK_2-48",
        "A0A152AXK8_ECO57_4-51",
        "A0A2U2DS14_9HYPH_107-157",
        "A0A2U1CRY1_9BURK_2-48",
        "A0A939KQH2_9PROT_1-51",
        "A0A126V2E4_9RHOB_6-48",
        "U2ZNJ3_PSEA4_4-47",
        "A0A5Q2F1A8_9CAUD_10-50",
        "A0A1B2LZ63_9GAMM_2-48",
        "A0A3F2TZB1_9HYPH_2-50",
        "A0A443IQT5_9RHOB_6-48",
        "V2UH31_9GAMM_1-51",
        "U2Z4F7_PSEA4_3-51",
        "K8WLS3_9GAMM_2-51",
        "A0A6M4FH49_9GAMM_1-48",
        "A5VW60_9CAUD_2-51",
        "A0A1T0CC96_9GAMM_1-47",
        "A0A1B1ARF9_9ACTN_1-43",
        "A0A7X8T7D8_9HYPH_3-49",
        "A0A8J3QP06_9ACTN_98-142",
        "A0A8T8IWW5_9CAUD_2-51",
        "A0A7H1NU49_9PROT_2-53",
        "A0A0N7CDL9_BPP22_2-51",
        "A0A4Q2U193_9HYPH_55-97",
        "B7MGW8_ECO45_24-64",
        "A0A443IQH1_9RHOB_14-50",
        "R4SQ55_9PSEU_100-143",
        "A0A974TVG0_9HYPH_2-48",
        "I1TEJ7_9CAUD_2-51",
        "A0A7S7AZJ0_9MICC_14-57",
        "A0A482J3D3_9CAUD_2-44",
        "G2IX63_PSEUL_11-54",
        "A0A0H3EHG7_ECO8N_5-54",
        "I6R0M0_9CAUD_2-42",
        "A0A0D6NND6_9PROT_2-51",
        "A0A7U6KR15_9GAMM_1-46",
        "W5WN10_9PSEU_101-144",
        "A0A7W4P7B0_9PROT_1-50",
        "A0A0N0I9M1_9GAMM_4-52"
    ],
    "folder_path": "/Users/idan_shabo/Documents/Thesis/pipeline_outputs/PF03869_outputs/sequence_embeddings/subfamily_19/significant_splits/rank1"
}