{
    "subfamily": 23,
    "rank": 1,
    "node_name": "0.000",
    "lambda_obs": 12151.5576171875,
    "p_adj": 0.000999000999000999,
    "group_a": [
        "A0A8C0XJK5_CASCN_297-351",
        "A0A8C4PLT2_EQUAS_303-357",
        "A0A8B7G290_MICMU_295-349",
        "A0A2I3TKS7_PANTR_299-353",
        "A0A9L0RKT2_HORSE_296-350",
        "G3QIX2_GORGO_292-346",
        "A0A2R9C2U9_PANPA_30-84",
        "A0A8C9AWH8_PROSS_295-349",
        "A0A2K6DVR8_MACNE_292-346",
        "A0A2K6MUS4_RHIBE_30-84",
        "HGH1_HUMAN_292-346",
        "A0A8C9ATT3_PROSS_285-339",
        "G1R072_NOMLE_5-54",
        "A0A5F7ZL69_MACMU_292-346",
        "A0A2K6P5G4_RHIRO_221-275",
        "H2QWW1_PANTR_292-346",
        "H2PRG0_PONAB_292-346",
        "F6X2L2_MACMU_30-84",
        "A0A9L0T677_HORSE_130-184",
        "F6ZNJ9_HORSE_272-326",
        "A0A2K6F1F9_PROCO_288-342",
        "A0A9L0R0F1_HORSE_305-359"
    ],
    "group_b": [
        "G3T657_LOXAF_299-353",
        "H0WW95_OTOGA_293-347",
        "A0A212CEI0_CEREH_254-301",
        "A0AA40HIE6_CNENI_341-395",
        "A0A4W2C0S4_BOBOX_282-336",
        "A0A2K5NDQ6_CERAT_292-346",
        "A0A671FYC4_RHIFE_303-357",
        "A0A8B7B299_ORYAF_414-468",
        "A0A8B9XD33_BOSMU_282-336",
        "A0A671FXM8_RHIFE_296-350",
        "A0A2K5Q6N9_CEBIM_290-344",
        "A0A2K5ZRQ7_MANLE_5-59",
        "A0A8C6EDC0_MOSMO_282-336",
        "A0A7J7R3L2_MYOMY_305-359",
        "A0A6J3G202_SAPAP_290-344",
        "A0A2K6S4Z7_SAIBB_30-84",
        "A0A6P3QZP1_PTEVA_297-351",
        "A0A7J7ENB0_DICBM_307-361",
        "A0A7J8BAE0_MOLMO_306-360",
        "A0A7J8C1X8_ROUAE_299-353",
        "W5PZ26_SHEEP_186-240",
        "A0A2K5III9_COLAP_30-84",
        "L8IF99_9CETA_296-350",
        "A0A452G040_CAPHI_294-348",
        "A0AAD4U3Y0_OVIAM_282-336",
        "A0A6P5CVJ1_BOSIN_282-336",
        "A0A6J0WPL9_ODOVR_282-336",
        "A0A8D2FLP1_THEGE_294-348",
        "G1QG23_MYOLU_155-209",
        "L8YF21_TUPCH_270-324",
        "A0A7J7RL72_PIPKU_311-365",
        "A0A0D9R8K2_CHLSB_292-346",
        "A0A8I5N9N2_PAPAN_294-348",
        "F7DBD3_CALJA_499-553",
        "A0A8B7QB17_HIPAR_301-355",
        "L5KMC4_PTEAL_284-338",
        "A0A5N3XD99_MUNRE_282-336",
        "F1MW97_BOVIN_282-327",
        "A0A6J2NCD6_9CHIR_362-416",
        "A0A9B0WFJ2_CHRAS_373-427",
        "A0A2K5EHM2_AOTNA_292-346"
    ],
    "folder_path": "/Users/idan_shabo/Documents/Thesis/pipeline_outputs/PF04064_outputs/sequence_embeddings/subfamily_23/significant_splits/rank1"
}