{
    "subfamily": 3,
    "rank": 2,
    "node_name": "0.829",
    "lambda_obs": 15337.779296875,
    "p_adj": 0.000999000999000999,
    "group_a": [
        "A0A3L6SDQ3_PANMI_60-85",
        "A0A835BPL0_9POAL_58-83",
        "A0A6G1DEJ1_9ORYZ_65-90",
        "A0AAD8S0G1_LOLMU_71-96",
        "A0A8J5VX45_ZIZPA_57-82",
        "A0A0E0P3A0_ORYRU_99-124",
        "A0A5J9SVG4_9POAL_64-89",
        "A0A453MAD4_AEGTS_76-101",
        "A0A8J6BWU2_ZIZPA_54-79",
        "A0A0D3FQT0_9ORYZ_100-125",
        "A0A0D9W0U9_9ORYZ_56-81",
        "A0A0E0GVR2_ORYNI_100-125",
        "A0A835FHZ2_9POAL_59-84",
        "A0A8J6C3Q2_ZIZPA_330-355",
        "A0A8R7QHG3_TRIUA_75-100",
        "A0A3B6KQ86_WHEAT_74-99",
        "K4AJ19_SETIT_57-82",
        "A0A0E0D8X4_9ORYZ_64-89",
        "C4J9R2_MAIZE_134-159",
        "A0A1D6LA07_MAIZE_61-86",
        "Q84LH6_ORYSJ_64-89",
        "A0A5J9WAB5_9POAL_63-88",
        "A0A9R0U4D8_TRITD_74-99",
        "A0A4U6T140_SETVI_57-82",
        "A0AAD8W6V2_LOLMU_54-79",
        "A0A811N0Z2_9POAL_63-88",
        "A0A9R0XMM9_TRITD_75-100",
        "A0A1E5W2C3_9POAL_44-69",
        "I1GLG9_BRADI_69-94",
        "A0A3B6LWL3_WHEAT_74-99",
        "A0A0E0KKW1_ORYPU_64-89",
        "A0A811MPL0_9POAL_61-86",
        "A0A0D9ZF49_9ORYZ_102-127",
        "A0A1B6QH45_SORBI_59-84",
        "A0A2T7BZ19_9POAL_68-93",
        "A0A3B6N1L9_WHEAT_76-101",
        "B8AMS7_ORYSI_65-90",
        "A0A8I6YE52_HORVV_73-98",
        "A0A8T0N957_PANVG_58-83"
    ],
    "group_b": [
        "A0A811Q9T4_9POAL_30-55",
        "A0A452XKZ8_AEGTS_23-48",
        "A0A3B5ZML5_WHEAT_64-89",
        "A0A452XKW0_AEGTS_39-64",
        "A0AAD8W427_LOLMU_65-90",
        "A0A811Q9V5_9POAL_30-55",
        "C5Y7Z1_SORBI_31-56",
        "A0A835FT06_9POAL_46-71",
        "A0A452XL14_AEGTS_7-32",
        "A0A811QA75_9POAL_45-70",
        "A0A1B6PTY0_SORBI_31-56",
        "A0A811QHT2_9POAL_29-54",
        "A0A3B5ZPB8_WHEAT_39-64",
        "A0A811Q9T1_9POAL_45-70",
        "A0A452XL32_AEGTS_35-60",
        "A0A452XL52_AEGTS_81-106",
        "A0A5J9SXM5_9POAL_34-59",
        "A0A452XL18_AEGTS_54-79",
        "C5Y7Y7_SORBI_30-55",
        "A0A811Q6M5_9POAL_47-72",
        "A0A452XL15_AEGTS_47-72",
        "A0A811Q6T4_9POAL_26-49",
        "A9UIE4_WHEAT_31-56",
        "IBB3_WHEAT_10-35",
        "A0A3B5YQE3_WHEAT_35-60",
        "A3FMA4_MAIZE_29-54",
        "A0A804RLQ8_MAIZE_29-54",
        "A0A811QIM8_9POAL_29-54",
        "A0A3B5YRS6_WHEAT_35-60",
        "A0A835BW49_9POAL_46-71",
        "A0A811Q9U9_9POAL_30-55",
        "A9UIE3_WHEAT_35-60",
        "C5Y7Y4_SORBI_31-56",
        "A0A3B5YRG5_WHEAT_35-60",
        "A0A452XKZ7_AEGTS_31-56"
    ],
    "folder_path": "/content/drive/MyDrive/Thesis/protein_data/PF00228_outputs/structure_embeddings/subfamily_3/significant_splits/rank2"
}