{
    "subfamily": 1,
    "rank": 1,
    "node_name": "0.867",
    "lambda_obs": 15474.1767578125,
    "p_adj": 0.000999000999000999,
    "group_a": [
        "A0A2B4R8W8_STYPI_147-185",
        "A0A3M6TFM3_POCDA_12-221",
        "A0A3M6TFL5_POCDA_33-138",
        "A0A3M6V1D8_POCDA_1-111",
        "A0A3M6V1F6_POCDA_208-337",
        "A0A3M6TZ09_POCDA_5-145",
        "A0A2B4R8W8_STYPI_108-146",
        "A0A3M6V2F5_POCDA_1-211",
        "A0A3M6TFL5_POCDA_118-180",
        "A0A3M6TFJ2_POCDA_1-86",
        "A0A3M6V1F4_POCDA_12-118",
        "A0A3M6V1K7_POCDA_221-287",
        "A0A3M6V1G9_POCDA_13-104",
        "A0A3M6V1I6_POCDA_1-102",
        "A0A3M6V1H3_POCDA_6-188",
        "A0A3M6V1G3_POCDA_1-91",
        "A0A3M6V1F2_POCDA_38-250",
        "A0A3M6V1F6_POCDA_12-224",
        "A0A3M6V1E4_POCDA_6-72",
        "A0A3M6V1K7_POCDA_24-129",
        "A0A2B4RBW9_STYPI_47-155",
        "A0A3M6V1H3_POCDA_189-298",
        "A0A3M6V1V2_POCDA_1-161"
    ],
    "group_b": [
        "A0A3M6US03_POCDA_8-194",
        "A0A3M6TPT4_POCDA_14-225",
        "A0A6P8IL80_ACTTE_9-156",
        "A7S1H5_NEMVE_8-222",
        "A0A3M6TFL5_POCDA_4-39",
        "A0A2B4RJ70_STYPI_22-192",
        "A0A4V4ND72_9PEZI_12-219",
        "A0A3M6V1E1_POCDA_15-82",
        "A0A926KZ30_9ACTN_8-215",
        "A7RGQ5_NEMVE_1-175",
        "A0A2B4RBW9_STYPI_20-51",
        "A0A3M6TPN5_POCDA_12-223",
        "A7S3R2_NEMVE_64-277",
        "A0A6P8I2G6_ACTTE_17-211",
        "A0A3M6US05_POCDA_25-94",
        "A7S1H3_NEMVE_2-82",
        "A0A3M6URX3_POCDA_3-90",
        "A0A6P8HCD3_ACTTE_9-214",
        "A0A2B4R8W8_STYPI_42-110",
        "A0A6P8ILA5_ACTTE_9-219",
        "A0A2B4SPN9_STYPI_12-130",
        "A0A6P8H3W9_ACTTE_9-214",
        "A0A2B4R4L6_STYPI_2-109",
        "A0A366VY15_9GAMM_17-224",
        "A0A3M6URZ5_POCDA_1-207",
        "A0A3M6US01_POCDA_33-314"
    ],
    "folder_path": "/content/drive/MyDrive/Thesis/protein_data/PF01353_outputs/structure_embeddings/subfamily_1/significant_splits/rank1"
}