{
    "subfamily": 1,
    "rank": 5,
    "node_name": "0.813",
    "lambda_obs": 36163.109375,
    "p_adj": 0.000999000999000999,
    "group_a": [
        "A0A8C7XGL2_9TELE_856-895",
        "A0A3Q7MQD2_CALUR_816-871",
        "A0A8C9DCT7_PROSS_816-871",
        "A0A3Q1M8P0_BOVIN_859-914",
        "V8NHY8_OPHHA_467-493",
        "A0A673B2U3_9TELE_753-808",
        "A0A9L0T2R7_HORSE_859-914",
        "A0A7J8JWV5_MOLMO_452-507",
        "G5BE20_HETGA_812-867",
        "A0A8C4R777_EPTBU_76-127",
        "A0A673TLZ9_SURSU_820-853",
        "A0A3P9PNT4_POERE_816-855",
        "A0A6P8S7Y1_GEOSA_811-866",
        "F6QTL1_ORNAN_808-863",
        "A0A8C7DG62_ONCKI_849-904",
        "A0A0P7V8I3_SCLFO_684-739",
        "A0A5N4C5D9_CAMDR_838-884",
        "A0A485N5B4_LYNPA_817-872",
        "A0A8C4PTA8_EQUAS_817-872",
        "A0A087Y6X2_POEFO_814-869",
        "A0A8C5EQY8_9TELE_828-863",
        "A0A3Q1C6X8_AMPOC_845-900",
        "A0A663E1E1_AQUCH_802-844",
        "A0A8C2VSB4_CHILA_816-871",
        "A0A7J8E911_ROUAE_554-609",
        "A0A8B8WYW2_BALMU_761-816",
        "A0A1S2ZUD2_ERIEU_813-868",
        "A0A2K5ZG40_MANLE_765-820",
        "A0A8C9ZEQ3_SANLU_651-706",
        "A0A8C7D3W1_ONCKI_556-611",
        "A0A8T3CEE0_9TELE_805-860",
        "A0A8C8YBQ0_PROSS_795-850",
        "A0A2I3T936_PANTR_818-873",
        "A0A3Q3RGP2_9TELE_855-910",
        "A0A9D3PBA8_MEGAT_786-841",
        "A0A5F5XR12_FELCA_817-850",
        "A0A8D2EV29_THEGE_818-873",
        "L8HYH8_9CETA_811-866",
        "A0A6G1B4F7_CROCR_816-871",
        "A0A6J0WKL9_ODOVR_816-871",
        "F6SDG5_HORSE_817-849",
        "W5P5W0_SHEEP_814-869",
        "A0A340XLF8_LIPVE_815-870",
        "A0A8B7SZY3_HIPAR_773-828",
        "A0A5F5PFZ6_HORSE_818-873",
        "MCM10_XENTR_789-844",
        "A0A2K5DX78_AOTNA_843-898",
        "A0A8C7XFP7_9TELE_831-870",
        "A0A4U5VRB5_COLLU_861-916",
        "A0A2K6RXJ3_RHIRO_818-873",
        "A0A2I3GVB9_NOMLE_819-874",
        "S9XM75_CAMFR_793-848",
        "A0A7J8E954_ROUAE_817-872",
        "A0A8C5UVX3_MICMU_760-815",
        "A0A6J2S5U8_COTGO_816-871",
        "A0A3Q7T5J9_VULVU_818-873",
        "A0A6P5CSG4_BOSIN_814-869",
        "A0A8C9D561_PANLE_817-850",
        "A0A673Y9Z4_SALTR_892-947",
        "A0A2K5IC88_COLAP_796-851",
        "A0A6P3J3I6_BISBB_814-869",
        "A0A7J8JY05_MOLMO_818-850",
        "A0A2K6MBL2_RHIBE_847-902",
        "A0A8C9I8K5_9PRIM_818-873",
        "I3MGU5_ICTTR_697-733",
        "A0A341D4J2_NEOAA_816-871",
        "A0A4Z2BHF5_9TELE_788-825",
        "A0A6J0D0K3_PERMB_826-881",
        "A0A8C2ZMB7_CYCLU_719-774",
        "MCM10_MOUSE_828-883",
        "A0A8C4HR49_DICLA_712-767",
        "A0A2U3WJZ5_ODORO_817-872",
        "A0A2K6BZQ9_MACNE_820-875",
        "A0A8C7BUS4_NEOVI_817-872",
        "A0A484GGE9_SOUCH_815-870",
        "A0A6J2S7Q4_COTGO_815-870",
        "A0A2U9B1G5_SCOMX_852-907",
        "F1N1H5_BOVIN_813-868",
        "A0A6J0ARH8_VICPA_816-871",
        "A0A2K5UU42_MACFA_818-873",
        "A0A803TJC0_ANOCA_809-853",
        "A0A8J7NQH4_ATRSP_1273-1328",
        "A0A315VB94_GAMAF_855-896",
        "A0A8C5Y1B9_MICMU_753-808",
        "W5NFE1_LEPOC_810-865",
        "A0A7J5ZGE2_DISMA_668-723",
        "A0A7N5KJI8_AILME_734-789",
        "A0A834FI52_ORYME_890-945",
        "D3Z8C4_RAT_832-887",
        "A0A4X2L834_VOMUR_817-872",
        "A0A8C6ACE7_MARMA_831-886",
        "A0A3Q3GR39_9LABR_844-899",
        "A0A4W5N6J4_9TELE_843-898",
        "A0A2Y9S476_PHYMC_816-871",
        "A0A7J8JY90_MOLMO_818-873",
        "A0A672J6W4_SALFA_762-817",
        "A0A5J5CIE4_9PERO_581-636",
        "A0A7J8E8J1_ROUAE_438-493",
        "A0A6I9PA85_9TELE_859-914",
        "A0A6P7Z923_9AMPH_806-861",
        "F6WK85_MACMU_805-860",
        "A0A2Y9R3N4_TRIMA_818-873",
        "A0A5F7Z924_MACMU_818-873",
        "A0A2R8ZYB1_PANPA_818-873",
        "A0A452FKT9_CAPHI_843-898",
        "A0A6J0D226_PERMB_827-882",
        "A0A7J8E974_ROUAE_460-515",
        "A0A5G2QMU6_PIG_818-873",
        "A0A437C0L9_ORYJA_875-908",
        "A0A0D9RL57_CHLSB_817-872",
        "A0A2Y9S0N4_PHYMC_752-807",
        "A0A8C6D6Y6_MOSMO_816-871",
        "A0A2I4CNQ6_AUSLI_814-869",
        "A0A8C9K003_PANTA_817-872",
        "A0A2K5ICA5_COLAP_784-817",
        "A0A665U4C7_ECHNA_707-762",
        "A0A1S3SGD4_SALSA_843-898",
        "A0A3Q1GY26_9TELE_856-900",
        "A0A2Y9KJ21_ENHLU_817-872",
        "H2R2Z4_PANTR_819-874",
        "G3RE50_GORGO_819-874",
        "A0A1S3F0K7_DIPOR_821-876",
        "A0A673Y9P6_SALTR_849-904",
        "F6WK74_MACMU_818-854",
        "L9KQB2_TUPCH_1286-1341",
        "A0A7J7FL40_DICBM_814-869",
        "A0A6A5DMY4_PERFL_477-532",
        "A0A2Y9S0M6_PHYMC_817-872",
        "A0A8C8FSN6_ONCTS_529-584",
        "F7IJD4_CALJA_817-872",
        "A0A096P3F9_PAPAN_824-879",
        "A0A8J6GSG0_MICOH_826-881",
        "A0A3Q7P0Z2_CALUR_812-867",
        "A0A484C4G4_PERFV_851-906",
        "A0A2R9A3T7_PANPA_819-874",
        "A0A7F8K861_DELLE_817-872",
        "A0A669CHK5_ORENI_674-729",
        "A0A6J3A0K6_VICPA_817-872",
        "A0A3Q0D4V3_MESAU_828-883",
        "A0A7J8E8M8_ROUAE_508-563",
        "G1SRR3_RABIT_820-875",
        "A0A6A1QM22_BALPH_794-849",
        "A0A6P6DUQ9_OCTDE_819-874",
        "Q5T670_HUMAN_817-850",
        "A0A8C6AE90_MARMA_834-889",
        "H2ZWM4_LATCH_821-876",
        "A0A8C6WVY8_9GOBI_419-474",
        "A0A8B8WUZ1_BALMU_816-871",
        "A0A6J0WLV4_ODOVR_817-872",
        "A0A8J6KEF4_ELECQ_801-856",
        "A0A1S3SGB4_SALSA_844-899",
        "A0A2I3NHM9_PAPAN_1347-1402",
        "A0A8C9BLP6_PHOSS_817-872",
        "A0A6J2L8V9_9CHIR_817-872",
        "G3WPS5_SARHA_817-872",
        "A0A212CB86_CEREH_816-860",
        "I3K176_ORENI_837-870",
        "A0A3Q3WFD9_MOLML_717-772",
        "A0A6J2S8M9_COTGO_806-861",
        "A0A2I4CNS3_AUSLI_812-867",
        "A0A8B7V0Q1_CASCN_815-870",
        "A0A671FWB4_RHIFE_817-872",
        "A0A6F9CC18_9TELE_780-835",
        "A0A6P7NER3_BETSP_849-904",
        "H2N2R2_ORYLA_859-914",
        "A0A2K6FYB0_PROCO_784-826",
        "A0A8B8WYV3_BALMU_817-872",
        "A0A1A7ZC71_NOTFU_831-886",
        "A0A8D2DGY2_SCIVU_817-872",
        "A0A5E4C4Y8_MARMO_821-876",
        "M3XPH1_MUSPF_817-872",
        "A0A6G0HR80_LARCR_853-908",
        "A0A3P9CDT3_9CICH_839-894",
        "G3Q618_GASAC_794-849",
        "A0A8B7X962_MICMU_809-864",
        "A0A3P8ZLY9_ESOLU_846-878",
        "S7PZY6_MYOBR_828-883",
        "A0A091EGH3_FUKDA_862-917",
        "A0A2K5R4T0_CEBIM_813-868",
        "G1NWQ9_MYOLU_835-890",
        "A0A2U4B711_TURTR_816-871",
        "A0A671XP76_SPAAU_849-904",
        "A0A4W5N3J0_9TELE_648-681",
        "A0A6P7Z447_9AMPH_807-862",
        "A0A3P8ZN06_ESOLU_846-900",
        "I3K175_ORENI_837-892",
        "A0A287AY37_PIG_817-852",
        "A0A2K5LXP1_CERAT_820-875",
        "G1RNT8_NOMLE_818-873",
        "A0A3Q2C9W9_CYPVA_794-849",
        "A0A8C2ZNA7_CYCLU_703-758",
        "A0A096P3G3_PAPAN_818-873",
        "H3CN65_TETNG_791-846",
        "A0A2I2ZA30_GORGO_818-873",
        "A0A4W2EEW8_BOBOX_814-869",
        "MCM10_HUMAN_818-873",
        "A0A7J8E9H4_ROUAE_754-809",
        "A0A452FL19_CAPHI_815-870",
        "A0A4W3J4D2_CALMI_583-638",
        "A0A4W2E5F8_BOBOX_859-914",
        "A0A6P6CFC3_PTEVA_808-863",
        "A0A6P5CRB1_BOSIN_813-868",
        "A0A1L8GZD7_XENLA_803-858",
        "A0A6P8SB94_GEOSA_803-858",
        "A0A811YR62_NYCPR_818-873",
        "A0A6G1QR28_9TELE_848-903",
        "A0A8C2ZM86_CYCLU_771-826",
        "M3W173_FELCA_817-872",
        "A0A2K5DWZ7_AOTNA_814-869",
        "A0A7F8QDH7_LEPWE_832-887",
        "A0A4U1FIM4_MONMO_814-869",
        "A0A6P8UNG9_GYMAC_865-920",
        "A0A7J8E932_ROUAE_450-505",
        "A0A8C8FS61_ONCTS_570-625",
        "A0A1U7UN29_CARSF_814-869",
        "A0A8U0R137_SALNM_849-904",
        "A0A8C3VT70_9CETA_820-875",
        "L5KZY9_PTEAL_800-855",
        "A0A8J6A6E7_GALPY_831-886",
        "A0A3Q3A9P9_KRYMA_794-848",
        "A0A8C9ZIH2_SANLU_671-726",
        "A0A6P6IIM4_PUMCO_813-868",
