{
    "subfamily": 10,
    "rank": 4,
    "node_name": "0.881",
    "lambda_obs": 7901.166015625,
    "p_adj": 0.000999000999000999,
    "group_a": [
        "A0A1D2N4D3_ORCCI_2-130",
        "A0A8B6FKT6_MYTGA_1-112",
        "A0A8B6FKK6_MYTGA_2-130",
        "A0A814EGN5_9BILA_1-130",
        "A0A6P8XW49_THRPL_30-129",
        "A0A813MX68_9BILA_1-131",
        "A0AAD9KCK5_9ANNE_2-125",
        "A0A813T8X4_9BILA_1-131",
        "A0A9U8E953_BIOGL_2-119",
        "V4AJS7_LOTGI_2-125",
        "A0A0V1A782_9BILA_2-128",
        "A0A0V0W712_9BILA_2-127",
        "A0A819IIQ7_9BILA_1-131",
        "A0A813ZSK6_9BILA_2-129",
        "A0A0V1CQE0_TRIBR_2-94",
        "A0A8S3ZTQ3_9EUPU_2-120",
        "A0A8B6C3G6_MYTGA_2-130",
        "A0A6P7T1N4_OCTVU_2-126",
        "A0A814PFF1_ADIRI_1-131",
        "A0A817D553_9BILA_1-131",
        "A0A177AXG2_9BILA_2-112",
        "A0AAD8FLK8_BIOPF_2-119",
        "A0A814XQD5_ADIRI_1-131",
        "A0A817U3V6_9BILA_1-131",
        "A0A8J2PEW5_9HEXA_2-131",
        "A0A7I8V462_9ANNE_2-125",
        "A0A3M7QPI1_BRAPC_2-129",
        "A0A8S3U4E8_MYTED_2-130",
        "A0A1W0X4C7_HYPEX_2-126",
        "A0A814BKJ0_9BILA_1-131",
        "A0A812CNS6_ACAPH_2-126",
        "A0A8B6C4A6_MYTGA_1-112",
        "A0A8J1TKS8_OWEFU_7-130",
        "A0AAE1DTF4_9GAST_2-121",
        "A0A6J1T2R6_FRAOC_30-147",
        "A0AA88IA50_ARTSF_2-126",
        "A0A1D1VY35_RAMVA_2-126",
        "A0A813VG88_9BILA_1-131",
        "A0A183IWT3_9BILA_234-318",
        "R7TAJ1_CAPTE_2-124",
        "A0A8B6C396_MYTGA_1-115",
        "A0A0V0SMA4_9BILA_2-128",
        "A0AAE1LB84_9NEOP_30-144",
        "A0A433TD09_ELYCH_2-121",
        "A0A814ERI6_9BILA_1-131",
        "A0A0V0UA03_9BILA_2-127",
        "A0A6J8BYJ5_MYTCO_2-130",
        "A0A077ZLE2_TRITR_2-129",
        "A0A0V1LM92_9BILA_2-127"
    ],
    "group_b": [
        "A0A430QUH6_SCHBO_2-128",
        "A0A0D2X1S8_CAPO3_9-134",
        "A0A6P6Y9T0_DERPT_2-138",
        "A0A210PRM5_MIZYE_2-125",
        "A0A132AF83_SARSC_2-137",
        "A0A087VZN8_ECHMU_4-135",
        "A7SET5_NEMVE_418-538",
        "A0A3S5B293_9PLAT_1-103",
        "A0A8B8ETI0_CRAVI_2-133",
        "A0A913XZX1_EXADI_2-124",
        "A0A0R3X8X1_HYDTA_4-128",
        "A0A0R3TMY3_RODNA_4-124",
        "A0A922L8D7_DERFA_2-138",
        "A0AAE0S8F0_9BIVA_2-125",
        "A0A3P8HX58_9TREM_5-107",
        "A0A8S9YQA8_9TREM_4-130",
        "A0A0R3UKL0_MESCO_4-103",
        "A0A369S7Z2_9METZ_1-123",
        "A0A8W8KGF3_MAGGI_2-128",
        "A0A0R3SAP6_HYMDI_4-113",
        "A0AA88XGW8_PINIB_1-136",
        "A0A183T3W8_SCHSO_15-112",
        "A0A9Q0MFW9_BLOTA_2-142",
        "A0A9D4S609_DREPO_4-129",
        "A0AAD9VGX0_ACRCE_5-125",
        "A0A183P5S7_9TREM_2-128",
        "T1K852_TETUR_763-889",
        "B3RJU9_TRIAD_1-123",
        "A0A6P8HKU3_ACTTE_2-123",
        "A0A504YHT4_FASGI_1-109",
        "A0A183LPI2_9TREM_2-128",
        "A0A158R896_TAEAS_4-125",
        "A0A4Z2CTB2_SCHJA_1-89",
        "A0A8J4WU59_9TREM_4-130",
        "A0A7R9Q473_9ACAR_2-121",
        "A0A5J4NYV6_9TREM_4-130",
        "W6U9V9_ECHGR_34-137",
        "A0A8W8KDX7_MAGGI_1-104",
        "A0A8B8ESM3_CRAVI_2-143",
        "A0A3M6UDX1_POCDA_2-121",
        "A0A6S7KA23_PARCT_2-122",
        "A0A4S2LLN7_OPIFE_4-130",
        "A0A2B4SV44_STYPI_3-121",
        "A0A5K4FCB5_SCHMA_10-136",
        "A0A1Y3BIL4_EURMA_2-139",
        "A0A183KPS9_9TREM_1-57",
        "A0A9W9ZSV9_9CNID_2-121",
        "A0A922HU29_DERFA_2-119"
    ],
    "folder_path": "/Users/idan_shabo/Documents/Thesis/pipeline_outputs/PF10484_outputs/sequence_embeddings/subfamily_10/significant_splits/rank4"
}