{
    "subfamily": 6,
    "rank": 1,
    "node_name": "0.839",
    "lambda_obs": 520.8444213867188,
    "p_adj": 0.000999000999000999,
    "group_a": [
        "A0A0P0WX99_ORYSJ_41-85",
        "A0A0E0LC25_ORYPU_28-72",
        "A2YDH5_ORYSI_28-72",
        "A0A0D9WQR6_9ORYZ_28-72",
        "A2YDG9_ORYSI_28-72",
        "A0A0E0PYI7_ORYRU_28-72",
        "B8B341_ORYSI_28-72",
        "A0A0E0HRJ6_ORYNI_26-70",
        "A2YDI1_ORYSI_28-72",
        "A0A0E0PYI6_ORYRU_28-72",
        "A0A0D3GH81_9ORYZ_20-64",
        "A0A0E0HRI5_ORYNI_28-72",
        "A0A0E0LC22_ORYPU_28-72",
        "Q5Z4W6_ORYSJ_28-72",
        "A0A0E0LC29_ORYPU_28-72",
        "A0A0E0PYH0_ORYRU_28-72",
        "A2YDH3_ORYSI_28-72",
        "A0A0D3GH87_9ORYZ_28-72",
        "A0A0E0HRI7_ORYNI_28-72",
        "A0A0E0PYH3_ORYRU_28-72",
        "A0A0D3GH82_9ORYZ_28-72",
        "A0A0E0LC31_ORYPU_29-73",
        "A0A0D9WQR8_9ORYZ_30-74",
        "A0A0E0AA84_9ORYZ_28-72",
        "A0A0E0LC23_ORYPU_28-72",
        "A0A0D3GH83_9ORYZ_28-72",
        "A0A0D3GH80_9ORYZ_28-72",
        "A0A0E0LC30_ORYPU_28-72",
        "A0A0E0LC28_ORYPU_28-72",
        "A0A0E0HRJ8_ORYNI_28-72",
        "A0A0E0PYI6_ORYRU_156-200",
        "A0A0E0AA98_9ORYZ_33-77",
        "A0A0E0PYH4_ORYRU_28-72",
        "A0A0E0G6X0_ORYNI_28-65"
    ],
    "group_b": [
        "A0A8X7WL44_BRACI_25-70",
        "K3YK39_SETIT_34-79",
        "A0A6J0MUY4_RAPSA_25-70",
        "A0A4U6U9G0_SETVI_34-79",
        "V4L0H3_EUTSA_6-50",
        "A0A811MX60_9POAL_28-72",
        "R0GWY4_9BRAS_25-70",
        "A0A7J6GTI5_CANSA_26-71",
        "A0A7J6DP01_CANSA_26-71",
        "A0A6D2KUS0_9BRAS_25-69",
        "A0A7J6WEN6_THATH_27-70",
        "A0A6J0LPX3_RAPSA_25-70",
        "R0GYM0_9BRAS_25-49",
        "A0A7J6GU35_CANSA_51-96",
        "K3YK37_SETIT_34-79",
        "A0A087HKL3_ARAAL_25-70",
        "C5WS97_SORBI_29-73",
        "A0A4U6U3H5_SETVI_34-79",
        "A0A811MJX9_9POAL_28-72",
        "A0A835C6B2_9POAL_30-74",
        "A0A4U6U3L4_SETVI_34-79",
        "K3YJV8_SETIT_65-110",
        "A0A6J0MSU5_RAPSA_25-70",
        "A0A7J6DSA0_CANSA_26-71",
        "K3YK38_SETIT_34-79",
        "A0A7J6FQI3_CANSA_26-71",
        "K3YK47_SETIT_34-79",
        "A0A835B1T5_9POAL_30-74",
        "A0A8X7VM76_BRACI_25-70",
        "A0A087HJG2_ARAAL_26-72",
        "A0A4U6U3F4_SETVI_34-79",
        "K3YK46_SETIT_34-79",
        "A0A7J6DMJ9_CANSA_26-71",
        "A0A811MF12_9POAL_28-72",
        "A0A6D2JRU9_9BRAS_15-58",
        "A0A7J6GTG2_CANSA_26-71",
        "M4C9D6_BRACM_25-70",
        "A0A7J6DJV0_CANSA_26-71",
        "A0A7J6GU27_CANSA_26-71",
        "A0A7J6FQC9_CANSA_26-78",
        "A0A8J5V831_ZIZPA_28-73"
    ],
    "folder_path": "/content/drive/MyDrive/Thesis/protein_data/PF00321_outputs/sequence_embeddings/subfamily_6/significant_splits/rank1"
}