{
    "subfamily": 9,
    "rank": 2,
    "node_name": "0.717",
    "lambda_obs": 16668.8515625,
    "p_adj": 0.000999000999000999,
    "group_a": [
        "A0A5C6UYG3_9FLAO_1-49",
        "A0A0E9N103_9BACT_1-50",
        "A0A401UBR9_9BACT_1-50",
        "A0A1W6E7G8_9BACT_1-49",
        "H8KWS5_SOLCM_1-47",
        "I0K2S6_9BACT_1-48",
        "A0A434AZV0_9BACT_1-49",
        "A0A1V3TZD9_ELIME_1-49",
        "A0A1H6ZWW7_9BACT_1-51",
        "A0A0Q5T3F0_9BACT_1-49",
        "A0A3G3GVA5_9BACT_2-50",
        "A0A2P8DCV5_9BACT_2-51",
        "A0A3B7MXX3_9BACT_1-49",
        "A0A249SVJ6_9BACT_1-50",
        "A0A925UVJ5_9BACT_1-47",
        "A0A5E8AVW7_9BACT_1-49",
        "A0A380LKV3_9FIRM_35-80",
        "A0A840TQT3_9BACT_1-49",
        "A0A4Q1JKM5_9BACT_1-56",
        "A0A6L5DTJ2_9BACT_1-50",
        "A0A4U0NHK4_9SPHI_1-47",
        "I2GJI1_9BACT_2-48",
        "A0A5B1BCQ7_9FLAO_1-55",
        "A0A3D8Y9X1_9BACT_1-50",
        "A0A399ERI4_9DEIN_1-50",
        "A0A4R5DKA1_9BACT_1-50",
        "A0A920CZA1_9BACL_2-51",
        "A0A553GRK2_9BACT_1-50"
    ],
    "group_b": [
        "A0A0K2CYV1_9CAUD_13-61",
        "A0A7X6MZT8_9LACO_2-49",
        "A0A4Y3VML2_9ACTN_1-45",
        "A0A942U833_9BACI_1-50",
        "A0A0R2AD98_9LACO_1-45",
        "A0A7X0HTC8_9BACI_1-46",
        "A0A6B3TS14_9BACI_1-50",
        "A0A7X0RV28_9BACL_2-54",
        "A0A7W2AH31_9BACL_1-51",
        "A0A268JKZ1_9BACI_1-50",
        "A0A7X3SHN1_9FIRM_2-50",
        "A0A923MES6_9FIRM_2-55",
        "A0A0T1XNP9_9HYPH_1-47",
        "S5MBR2_9CAUD_7-51",
        "A0A1H0DXY0_9BACI_1-50",
        "A0A942GHC1_9BACT_1-50",
        "R9MSK6_9FIRM_2-50",
        "I0AG06_IGNAJ_1-50",
        "A0A1I6C3B9_9BACI_1-50",
        "A0A1P8Q2E6_9LACO_1-44",
        "A0A0R1RG15_9LACO_2-48"
    ],
    "folder_path": "/Users/idan_shabo/Documents/Thesis/pipeline_outputs/PF03869_outputs/structure_embeddings/subfamily_9/significant_splits/rank2"
}