{
    "subfamily": 15,
    "rank": 1,
    "node_name": "0.473",
    "lambda_obs": 13508.56640625,
    "p_adj": 0.000999000999000999,
    "group_a": [
        "B5DEU5_XENTR_568-738",
        "A0A6P8RHA6_GEOSA_587-756",
        "F6VID4_ORNAN_570-740",
        "A0A8J1J3R6_XENTR_86-211",
        "A0A8J1J3R7_XENTR_86-198",
        "B4F754_XENTR_568-738",
        "A0A8J1J646_XENTR_86-246",
        "A0A8J1J651_XENTR_86-195",
        "A0A8T2KBB1_9PIPI_567-737",
        "A0A8C5LYS8_9ANUR_568-731",
        "A0AAD1SHG7_PELCU_411-581",
        "A0A6I8PK77_ORNAN_546-716",
        "A0AAD1SIH0_PELCU_463-633",
        "A0A8C5P886_9ANUR_568-738",
        "A0A6P8R1I7_GEOSA_576-745",
        "A0A6P7X162_9AMPH_566-735",
        "Q6NU36_XENLA_568-738",
        "A0A6P8R2E8_GEOSA_566-735",
        "A0A8J6EFD7_ELECQ_439-609",
        "A0A1L8HTH1_XENLA_568-738",
        "A0A6I8NZC3_ORNAN_551-721",
        "A0A6I8NT99_ORNAN_561-731",
        "A0A4X2KA73_VOMUR_570-740",
        "A0A8J0SRF5_XENTR_4-145",
        "A0A8J1JRB2_XENTR_6-169",
        "A0A6P8R2B5_GEOSA_596-765",
        "A0A8J1J3S9_XENTR_1-166",
        "G3VL08_SARHA_570-740",
        "A0A6P5KWV1_PHACI_465-635",
        "A0AAD1SG02_PELCU_568-738",
        "A0A6P5KWU6_PHACI_570-740",
        "A0A2G9QFP8_AQUCT_1-137"
    ],
    "group_b": [
        "A0A4W3IVA7_CALMI_551-721",
        "A0A8J7NSC0_ATRSP_568-736",
        "A0A8T3CZB5_9TELE_552-716",
        "A0A9D3RZM5_ANGAN_575-740",
        "A0A8X7XD49_POLSE_363-500",
        "A0A8T2MU77_9TELE_569-755",
        "A0A4W3IAT3_CALMI_518-688",
        "A0AAD8GKG7_ACIOX_597-764",
        "A0A9Q1DTB9_CONCO_571-737",
        "A0A4W3I3U3_CALMI_561-674",
        "A0A9Q1G9H2_SYNKA_569-735",
        "W5N9M5_LEPOC_568-737",
        "A0AAD7S860_9TELE_569-734",
        "A0A8C4SEU7_ERPCA_568-734",
        "A0A0P7XXT5_SCLFO_593-774",
        "A0A4W3I3U3_CALMI_528-566",
        "A0A401P2D3_SCYTO_579-749",
        "A0A444U554_ACIRT_540-707",
        "A0A4W3IAS8_CALMI_551-721",
        "A0A9D3TIW0_MEGAT_569-735"
    ],
    "folder_path": "/Users/idan_shabo/Documents/Thesis/pipeline_outputs/PF23405_outputs/structure_embeddings/subfamily_15/significant_splits/rank1"
}