{
    "subfamily": 2,
    "rank": 3,
    "node_name": "0.666",
    "lambda_obs": 687.6806030273438,
    "p_adj": 0.000999000999000999,
    "group_a": [
        "A0A9R0RAR0_TRITD_122-144",
        "A0A9R0VDV9_TRITD_79-101",
        "A0A3B6GM24_WHEAT_97-119",
        "A0A3B6FIV6_WHEAT_142-164",
        "A0A3B6E9W4_WHEAT_139-161",
        "A0A9R1Q798_TRITD_87-109",
        "A0A9R0RAR0_TRITD_49-71",
        "A0A3B6FHZ6_WHEAT_88-110",
        "A0A3B6EAS3_WHEAT_137-159",
        "A0A9R0R910_TRITD_80-102",
        "A0A3B6FG05_WHEAT_140-162",
        "A0A9R0R8Q0_TRITD_165-187",
        "A0A3B6GP63_WHEAT_94-116",
        "A0A9R0RD11_TRITD_79-101",
        "A0A3B6FHX4_WHEAT_210-232",
        "A0A3B6EDD9_WHEAT_79-101",
        "A0A3B6FG15_WHEAT_77-99",
        "F2DGF0_HORVV_140-162",
        "A0A9R1Q604_TRITD_191-213",
        "A0AAD8WI14_LOLMU_66-88",
        "A0A9R0VGG1_TRITD_137-159",
        "A0A453DST5_AEGTS_145-167",
        "A0A9R0VEJ1_TRITD_139-161",
        "A0A9R0VF95_TRITD_139-161",
        "A0A453DRY9_AEGTS_70-92",
        "A0A9R1RVX0_TRITD_82-104",
        "A0A9R1Q767_TRITD_162-184",
        "A0A3B6GP63_WHEAT_169-191",
        "A0A3B6GKA1_WHEAT_97-119",
        "A0A3B6GLF7_WHEAT_138-160",
        "A0A8R7TQB4_TRIUA_139-161",
        "A0A9R1Q6G0_TRITD_246-268",
        "A0A453DSV6_AEGTS_96-118",
        "I1HBL7_BRADI_169-191",
        "A0AAD8WG08_LOLMU_78-100",
        "A0A453DSS9_AEGTS_96-118",
        "A0A9R0R8Q0_TRITD_92-114",
        "A0A287JYZ4_HORVV_92-114",
        "A0A9R0R935_TRITD_137-159",
        "A0A9R1RW69_TRITD_140-162",
        "A0AAD8VFW2_LOLMU_78-100",
        "A0A9R1Q5X1_TRITD_162-184",
        "A0A9R1RWP5_TRITD_88-110",
        "A0A3B6EDE3_WHEAT_139-161",
        "I1HBL6_BRADI_173-196",
        "A0A3B6E9S1_WHEAT_137-159",
        "A0A8I6XA13_HORVV_141-163",
        "A0A453DSU6_AEGTS_143-165",
        "A0A3B6GPH9_WHEAT_145-167",
        "F2DGF0_HORVV_81-103",
        "A0A3B6GM24_WHEAT_172-194",
        "A0A453DSW2_AEGTS_158-180",
        "A0A3B6EBN5_WHEAT_79-101",
        "A0A3B6GM28_WHEAT_140-162",
        "A0A9R1Q6A1_TRITD_142-164",
        "A0A077RU64_WHEAT_77-99",
        "A0A077RU67_WHEAT_144-166",
        "F2DT49_HORVV_85-107"
    ],
    "group_b": [
        "I1HBL8_BRADI_77-104",
        "A0A0E0JDI0_ORYPU_155-179",
        "J3KVZ1_ORYBR_76-101",
        "A0A0D9UW87_9ORYZ_71-94",
        "A0A0E0JDI5_ORYPU_213-237",
        "A0A6G1E1V4_9ORYZ_83-106",
        "J3KUQ0_ORYBR_80-105",
        "A2WK48_ORYSI_72-96",
        "Q0JR27_ORYSJ_159-183",
        "I1HBL6_BRADI_90-113",
        "IBBR_ORYSI_155-179",
        "A0A0E0JDI7_ORYPU_84-108",
        "A0A0E0JDI1_ORYPU_77-102",
        "A5HEI2_ORYSJ_77-101",
        "A0A0E0MQT1_ORYRU_131-155",
        "A5HEI2_ORYSJ_152-176",
        "A0A0E0MQS8_ORYRU_1689-1713",
        "A0A0E0FFK9_ORYNI_155-179",
        "B7E9D7_ORYSJ_86-110",
        "A0A0D9Y2M9_9ORYZ_140-164",
        "A0A0D9UW84_9ORYZ_66-89",
        "A0A0E0MQT0_ORYRU_1222-1246",
        "A0A0D9Y2M9_9ORYZ_382-406",
        "A0A0E0MQT0_ORYRU_1465-1489",
        "A0A0E0MQS8_ORYRU_1446-1470",
        "A0A0E0FFL1_ORYNI_81-105",
        "A0A0D9Y2N3_9ORYZ_81-105",
        "A0A0E0FFL2_ORYNI_78-102",
        "A0A0E0JDI1_ORYPU_152-176",
        "A0A0E0BWB8_9ORYZ_106-129",
        "A0A0D3H315_9ORYZ_147-171",
        "A0A0E0MQS8_ORYRU_1935-1959",
        "I1HBL8_BRADI_161-182",
        "A0A0E0MQS9_ORYRU_1488-1512",
        "A2WK47_ORYSI_154-178",
        "A2WK53_ORYSI_82-106",
        "A0A0E0BWC3_9ORYZ_86-110",
        "J3KVZ1_ORYBR_152-176",
        "A0A0E0MQS9_ORYRU_1734-1758",
        "A0A0D3H315_9ORYZ_72-96",
        "A0A0D3EJ40_9ORYZ_82-106",
        "A0A0E0JDI4_ORYPU_82-106",
        "A0A0D3EJ36_9ORYZ_369-393",
        "A0A0D3EJ37_9ORYZ_96-120",
        "A0A0E0JDI5_ORYPU_87-112",
        "A0A0D3EJ36_9ORYZ_76-100",
        "A0A0E0MQT0_ORYRU_1711-1735",
        "A0A0E0MQS8_ORYRU_137-161",
        "A0A0E0FFK9_ORYNI_325-349",
        "A0A0D3HH84_9ORYZ_12-36",
        "J3KUQ0_ORYBR_141-165",
        "A0A0D3EJ36_9ORYZ_151-175",
        "A0A0D9Y2M9_9ORYZ_307-331",
        "A0A0E0BWB9_9ORYZ_150-174",
        "IBBR_ORYSJ_155-179",
        "A0A0E0MQS9_ORYRU_1245-1269",
        "A2WK48_ORYSI_147-171",
        "A0A0D9Y2M8_9ORYZ_154-178"
    ],
    "folder_path": "/content/drive/MyDrive/Thesis/protein_data/PF00228_outputs/sequence_embeddings/subfamily_2/significant_splits/rank3"
}