{
    "subfamily": 1,
    "rank": 1,
    "node_name": "0.000",
    "lambda_obs": 388.6414794921875,
    "p_adj": 0.000999000999000999,
    "group_a": [
        "A0A0A7ED12_9GAMM_27-106",
        "A0A1H3XA18_ALKAM_26-105",
        "A0A2S7URP4_9GAMM_26-105",
        "A0A6N8FFY6_9GAMM_26-105",
        "A0A4V2WRJ6_9GAMM_25-106",
        "A0A0F4PHV5_9GAMM_26-105",
        "A0A3A3D8R0_9GAMM_26-106",
        "A0A9W4VTW1_9GAMM_26-106",
        "A0A3P3QIS2_9GAMM_26-106",
        "A0A975DBJ2_9GAMM_26-105",
        "A0A0M2VKU4_9GAMM_26-105",
        "A0A244CQ28_PSEDV_27-106",
        "Q3IJB6_PSET1_26-105",
        "I1DT01_9GAMM_26-106",
        "A0A975HK44_9GAMM_26-105",
        "I9NYN6_9ALTE_26-106",
        "A0A1E7Q4C8_9GAMM_26-106",
        "A0A0U4VS27_9GAMM_26-106",
        "A0A1B7UPR1_9GAMM_26-105",
        "A0A1I1PEX4_9GAMM_27-106",
        "A0A269PL27_9GAMM_27-106",
        "A0A4P6VW26_9GAMM_26-108"
    ],
    "group_b": [
        "A0A4Q9XPG2_9ALTE_26-105",
        "Q5QV41_IDILO_25-104",
        "A0A1S2T6L9_9GAMM_25-104",
        "A0A0J8JJ90_9ALTE_26-104",
        "A0A432WW50_9GAMM_25-104",
        "A0A432VRM4_9GAMM_26-105",
        "A0A553KWJ9_9ALTE_26-105",
        "A0A432WF17_9GAMM_25-104",
        "K6YZN0_9ALTE_26-105",
        "A0A0S2K6A5_9GAMM_26-106",
        "A0A432WFZ0_9GAMM_25-104",
        "A0A2K9K1A1_9GAMM_26-106",
        "A0A094L7E8_9GAMM_25-104",
        "A0A1G6D563_9GAMM_25-104",
        "A0A0F4QN71_9GAMM_26-106",
        "A0A432ZFB8_9GAMM_25-107",
        "A0A166UXY2_9GAMM_26-106",
        "F7S154_9GAMM_25-104",
        "A0A432ZQ07_9GAMM_25-104",
        "A0A1Y6FVV2_9GAMM_25-104",
        "W7QII6_9ALTE_32-111",
        "A0A6S6WNF6_9GAMM_25-104",
        "K2KDU2_9GAMM_25-104",
        "A0A432W3C5_9GAMM_25-104",
        "A0A432Z706_9GAMM_25-104"
    ],
    "folder_path": "/content/drive/MyDrive/Thesis/protein_data/PF01340_outputs/structure_embeddings/subfamily_1/significant_splits/rank1"
}