{
    "subfamily": 55,
    "rank": 4,
    "node_name": "0.752",
    "lambda_obs": 19786.892578125,
    "p_adj": 0.000999000999000999,
    "group_a": [
        "A0A8U0PQ62_SALNM_275-329",
        "A0A060Y029_ONCMY_145-199",
        "A0A8C7G849_ONCKI_275-329",
        "A0A6F9CQN2_9TELE_275-329",
        "A0A8C8BZV4_ONCTS_275-321",
        "A0A8C8CLD0_ONCTS_299-353",
        "A0A444TWS4_ACIRT_245-299",
        "A0A4W5KL03_9TELE_275-329",
        "A0A1S3M4X3_SALSA_275-329",
        "A0A674EIB0_SALTR_275-329",
        "A0A4W5N042_9TELE_275-329",
        "A0A1S3M5I5_SALSA_306-360",
        "A0A8X7XBK7_POLSE_274-328",
        "W5MKZ8_LEPOC_275-329",
        "A0A4W5MX41_9TELE_281-335",
        "A0A3P9AKP0_ESOLU_275-329",
        "A0A8C4XE64_ERPCA_274-328",
        "A0A8C7DFD3_ONCKI_276-330",
        "A0AAD7RMK4_9TELE_280-334",
        "B5DG52_SALSA_275-329",
        "A0A8J7TFH6_ATRSP_275-329",
        "A0A8C7DCP8_ONCKI_404-458",
        "A0A8U0PDV9_SALNM_275-329",
        "A0A674DSW7_SALTR_275-329",
        "A0AAD8GEZ8_ACIOX_266-320",
        "A0A060Y8D7_ONCMY_275-329"
    ],
    "group_b": [
        "A0A3Q3GNV3_9LABR_249-303",
        "A0A9Q1E8C6_SYNKA_275-329",
        "A0A3Q1H742_ANATE_274-328",
        "A0A3P8U2R9_AMPPE_274-328",
        "G3NIY1_GASAC_303-357",
        "A0A2I4BST7_AUSLI_274-328",
        "A0A8P4KCV3_DICLA_274-328",
        "A0A6P4YUJ1_BRABE_276-330",
        "I3IVE8_ORENI_269-323",
        "A0A6P7MQC4_BETSP_274-328",
        "A0A9J7HQD5_BRAFL_276-330",
        "A0A4U5UAJ3_COLLU_274-328",
        "A0A3B4H2S5_9CICH_274-328",
        "A0A3P9NXR9_POERE_274-328",
        "A0A669EWT5_ORENI_277-331",
        "A0A6J2PQY5_COTGO_274-328",
        "A0AAD3R772_LATJO_274-328",
        "A0A672IM80_SALFA_274-328",
        "A0A5J5DKF2_9PERO_274-318",
        "A0AAD9CGJ2_DISEL_274-328",
        "A0A8C9ZVU9_SANLU_242-296",
        "A0A8J9ZA75_BRALA_276-330",
        "A0AAY4E4D2_9TELE_275-329",
        "A0A3P9CLQ0_9CICH_274-328",
        "A0A8C9ZTA3_SANLU_274-328",
        "A0A3Q4MQK7_NEOBR_274-328",
        "A0A665VFF4_ECHNA_274-328",
        "A0A3Q3AJM0_KRYMA_274-328",
        "A0A7N6A015_ANATE_274-328",
        "A0A4Z2BBB5_9TELE_284-338",
        "A0A3Q3MP47_9LABR_274-328",
        "A0A6P8GWJ5_CLUHA_7-60",
        "G3NIY5_GASAC_274-328",
        "H2TLE9_TAKRU_279-333",
        "A0A3Q2G6U8_CYPVA_274-328",
        "A0A9Q1DDA4_CONCO_275-329",
        "A0A7J5Z536_DISMA_271-325",
        "A0A669F7D0_ORENI_241-295",
        "A0AA88T521_CHASR_307-361",
        "A0A8T2PVQ3_9TELE_275-329",
        "A0A6P7I514_9TELE_274-328",
        "A0A8C5D9X5_GOUWI_274-328",
        "H3CK29_TETNG_276-330",
        "A0A669DYV5_ORENI_274-328",
        "A0A484DG56_PERFV_274-328",
        "A0A7N8XGV4_9TELE_274-328",
        "A0A9Y4NHG1_9TELE_274-328",
        "A0A3Q2VML2_HAPBU_274-328",
        "A0A671Y3M5_SPAAU_274-328",
        "A0A9D3PHT6_MEGAT_275-329",
        "A0A315VMF9_GAMAF_277-329",
        "A0A673AQK6_9TELE_274-328",
        "A0A6I9MZI5_9TELE_5-59",
        "A0A8T3DXA7_9TELE_236-290",
        "A0A4W6CBV7_LATCA_274-328",
        "H2MZR8_ORYLA_274-328",
        "M3ZDM3_XIPMA_274-328",
        "A0A6P8TKE4_GYMAC_274-328",
        "A0A1A8UAP5_NOTFU_274-328",
        "A0A9N7U2E6_PLEPL_312-366",
        "A0A667WI65_9TELE_274-328",
        "A0A672IMZ2_SALFA_274-328",
        "A0AAD6B9C4_9TELE_274-328",
        "A0A0L0GEG1_9EUKA_272-326",
        "A0A6J2PQX8_COTGO_274-328",
        "A0A672IK71_SALFA_274-328",
        "A0A4Z2H5G1_9TELE_210-262",
        "A0A8C6V9Y7_9GOBI_5-59",
        "A0A6A5FIT1_PERFL_275-329",
        "A0A8C9ZVE7_SANLU_274-328",
        "A0A665VFF8_ECHNA_274-328",
        "A0A671XXP1_SPAAU_274-328",
        "A0A6G1PJE3_9TELE_274-328",
        "A0A8C5F3B6_GADMO_271-325",
        "A0A8C3AEX0_CYCLU_274-328",
        "A0A087XBT7_POEFO_274-328",
        "A0A3S2UL17_ORYJA_289-343",
        "A0A665VEB3_ECHNA_274-328",
        "A0A6P7MNM1_BETSP_288-342",
        "A0A668VSE5_OREAU_274-328",
        "A0A8C7Z6X5_9TELE_5-59",
        "A0A3Q3LIB4_9LABR_65-127",
        "A0A3B5JZL2_TAKRU_267-321",
        "A0A3Q3WJP2_MOLML_274-328",
        "H2MZR5_ORYLA_274-328",
        "A0A674N7F3_TAKRU_5-59",
        "A0A669CI96_ORENI_274-328",
        "A0A096M9I9_POEFO_274-328",
        "A0A9D3M6T1_ANGAN_275-329"
    ],
    "folder_path": "/Users/idan_shabo/Documents/Thesis/pipeline_outputs/PF04064_outputs/structure_embeddings/subfamily_55/significant_splits/rank4"
}