{
    "subfamily": 6,
    "rank": 1,
    "node_name": "0.923",
    "lambda_obs": 10002.822265625,
    "p_adj": 0.000999000999000999,
    "group_a": [
        "A0A9P5VZB2_9FUNG_111-185",
        "A0A9P3H2B4_9FUNG_77-151",
        "A0A1Y2GL35_9FUNG_95-169",
        "A0A9P6RFR5_9FUNG_117-191",
        "A0A9P6MPI7_9FUNG_986-1060",
        "A0A9P5WFD2_9FUNG_1033-1107",
        "A0A9P5S553_9FUNG_1034-1108",
        "A0A9P6SCH2_9FUNG_926-1000",
        "A0A9P6JDV9_MORAP_1017-1091",
        "A0A1Y1XCX3_9FUNG_95-169",
        "A0A9P5VJU9_9FUNG_95-169",
        "A0A9P5UN58_9FUNG_1023-1097",
        "A0A9P6FL61_9FUNG_116-155",
        "A0A9P6EZR2_9FUNG_95-169",
        "A0A9P3HBW9_9FUNG_77-151",
        "A0A9P5T212_9FUNG_989-1063",
        "A0A1Y1YP35_9FUNG_95-169",
        "A0A1Y1XHJ1_9FUNG_95-169",
        "A0A197KHQ6_9FUNG_95-169",
        "A0A9P6MAZ4_9FUNG_933-1007",
        "A0A9P7Y4F8_9FUNG_95-169",
        "A0A9P6UB26_9FUNG_104-178",
        "A0A9P6R447_9FUNG_1014-1088",
        "A0A1Y1WUS1_9FUNG_95-169",
        "A0A9P6K8C3_9FUNG_132-206",
        "A0A1Y1Y1H0_9FUNG_95-169",
        "A0A9P6RIY4_9FUNG_771-845",
        "A0A9P5QTI9_9FUNG_132-206",
        "A0A9P5UVD8_9FUNG_1012-1076",
        "A0A1Y2GQJ2_9FUNG_95-169",
        "A0A1Y1Z4C2_9FUNG_95-169",
        "A0AAD4DKC8_9FUNG_1039-1113",
        "A0A9P5R418_9FUNG_94-168",
        "A0A9P6SQF1_9FUNG_94-168",
        "A0A1Y1Y443_9FUNG_77-151",
        "A0A9P6Q726_9FUNG_1037-1111"
    ],
    "group_b": [
        "A0A372QG77_9GLOM_97-171",
        "A0A5N6NVT6_9ASTR_92-142",
        "A0A433D2Y4_9FUNG_77-151",
        "A0A9N9HKD6_9GLOM_30-104",
        "A0A2P4P6I3_RHIID_95-169",
        "A0A2H9TGA2_9FUNG_95-169",
        "A0A1U7LLS8_NEOID_66-140",
        "A0AAD5XIG5_9FUNG_118-192",
        "A0A9N8V1T4_9GLOM_95-169",
        "A0A397TA59_9GLOM_95-169",
        "A0A9N8YVI6_9GLOM_95-169",
        "A0A9N8VBI5_9GLOM_69-137",
        "A0A2I1G1V7_9GLOM_95-169",
        "A0A9W4STV3_9GLOM_87-138",
        "A0A433PYI0_9FUNG_72-146",
        "A0A0L0HMD4_SPIPD_95-169",
        "A0A098VU94_9MICR_95-169",
        "A0A8H4AAK5_GIGMA_61-135",
        "A0AAD5Y2A2_9FUNG_87-161",
        "A0A8H3X4X1_GIGMA_68-142",
        "A0A507C9K3_9FUNG_774-848",
        "A0A397JG84_9GLOM_95-169",
        "A0A507EF74_9FUNG_479-553",
        "A0AAD5XVD3_9FUNG_68-142",
        "A0A015JPT1_RHIIW_77-151",
        "A0A9N8VKU4_9GLOM_122-196",
        "A0A015MR82_RHIIW_95-169",
        "A0A4P9W9E3_9FUNG_55-129",
        "A0A2Z6QF82_9GLOM_95-169",
        "A0A397UHL0_9GLOM_49-92",
        "A0A9N9BPR4_9GLOM_74-148",
        "A0A9N9CB10_FUNMO_125-199",
        "A0A9N8ZRF9_9GLOM_95-169",
        "A0A4P9YYY6_9FUNG_95-169",
        "A0A397UJ52_9GLOM_96-170",
        "A0A507DL58_9FUNG_95-169",
        "A0AAD5SI83_9FUNG_87-161",
        "A0A4P9YTV0_9FUNG_95-169",
        "A0A8H4AND9_GIGMA_95-169"
    ],
    "folder_path": "/Users/idan_shabo/Documents/Thesis/pipeline_outputs/PF00900_outputs/structure_embeddings/subfamily_6/significant_splits/rank1"
}