{
    "subfamily": 1,
    "rank": 1,
    "node_name": "0.863",
    "lambda_obs": 19086.111328125,
    "p_adj": 0.000999000999000999,
    "group_a": [
        "A0A1G6WQ36_9GAMM_1-50",
        "A0A4R0YVT5_9GAMM_2-51",
        "E6WUX3_PSEUU_1-50",
        "A0A432ZS13_9GAMM_1-50",
        "A0A7W7V8G5_9GAMM_1-50",
        "A0A2P1PMB8_9GAMM_1-50",
        "Q5GWZ5_XANOR_1-50",
        "A0A345ZKV2_9GAMM_1-50",
        "A0A087MHS4_9GAMM_1-50",
        "A0A4R0YVY0_9GAMM_2-51",
        "A0A3S0QZ21_9GAMM_2-51",
        "A0A562BP06_9GAMM_1-49",
        "A0A411HI69_9GAMM_1-50",
        "A0A091AZN3_9GAMM_1-50",
        "A0A829YA92_9GAMM_1-50",
        "A0A4V2B342_9GAMM_1-50",
        "A0A940KUY8_9GAMM_1-50",
        "A0A3D8VAV8_9GAMM_1-50",
        "A0A5B2ZE02_9GAMM_1-50",
        "A0A924S185_9GAMM_1-49",
        "A0A1H7JYC1_9GAMM_1-50",
        "A0A917FJK7_9GAMM_1-50"
    ],
    "group_b": [
        "A0A6G7Z7C7_9MICO_1-47",
        "A0A6M1Y7H1_9GAMM_1-50",
        "A0A4R6UK06_9GAMM_1-49",
        "A0A6I7LX75_UNCZI_1-43",
        "I1DYZ4_9GAMM_2-48",
        "A0A4U0GT45_9GAMM_1-50",
        "A0A193LFH5_9GAMM_1-50",
        "A0A4R6XV71_9GAMM_15-64",
        "A0A142XZ57_9BACT_1-49",
        "A0A0S2K1T4_9GAMM_1-50",
        "A0A1B7UHK4_9GAMM_2-48",
        "A0A7Y5P9V0_9BACT_1-50",
        "A0A5Q0NV82_9ACTN_10-57",
        "A0A091BA48_9GAMM_1-50",
        "A0A4P6VY97_9GAMM_2-49",
        "A0A192D3V1_9SPHN_1-47",
        "A0A8J3TI46_9ACTN_1-50",
        "V4P117_9CAUL_6-51",
        "A0A3S9PZG9_9ACTO_3-49",
        "A0A136A054_9ALTE_1-49",
        "A0A7Y0LFH3_9GAMM_1-50",
        "A0A545T6N6_9GAMM_2-49",
        "A0A6M5YTZ7_9BACT_2-53",
        "A0A1B1AKD2_9PROT_2-48",
        "A0A2N1KR60_9BACT_5-55",
        "A0A517ZWN2_9PLAN_12-61",
        "A0A4Q3RWW5_9CAUL_5-52",
        "A0A3P3QQQ6_9GAMM_1-49",
        "A0A6I6MSG8_9CAUL_3-48",
        "A0A420WFR1_9PROT_4-53"
    ],
    "folder_path": "/Users/idan_shabo/Documents/Thesis/pipeline_outputs/PF03869_outputs/structure_embeddings/subfamily_1/significant_splits/rank1"
}