{
    "subfamily": 9,
    "rank": 5,
    "node_name": "0.828",
    "lambda_obs": 23147.76953125,
    "p_adj": 0.000999000999000999,
    "group_a": [
        "A0AA40IAC5_CNENI_559-717",
        "APC4_PONAB_575-745",
        "G1TAQ4_RABIT_576-746",
        "H2QPA9_PANTR_576-746",
        "A0A6P3QV61_PTEVA_575-745",
        "A0A5F8ACL1_MACMU_798-859",
        "A0A7J8JR40_MOLMO_576-746",
        "A0A8I3WAU2_CALJA_676-846",
        "A0A7J8JQ06_MOLMO_552-722",
        "A0A6J2L7W3_9CHIR_575-745",
        "L5LGC1_MYODS_328-481",
        "A0A2K6MZ09_RHIBE_463-633",
        "A0A6P3HGE9_BISBB_575-745",
        "A0A9B0TK69_CHRAS_576-746",
        "A0A341BHU2_NEOAA_575-745",
        "L8IJX6_9CETA_575-745",
        "A0A8C9EAM1_PHOSS_575-745",
        "A0A6P6HN59_PUMCO_575-745",
        "APC4_HUMAN_575-745",
        "A0A2Y9MYQ3_DELLE_575-745",
        "A0A6I9I9G5_VICPA_575-745",
        "L9KEW6_TUPCH_1190-1348",
        "A0A4W2DCZ6_BOBOX_551-721",
        "A0A2K6MYY8_RHIBE_547-717",
        "A0A8C5XK97_MICMU_463-633",
        "A0A6P6D4P1_OCTDE_575-745",
        "A0A2Y9QV45_TRIMA_575-745",
        "A0A6P6HPK4_PUMCO_576-746",
        "A0A7J8AXF2_PIPKU_575-745",
        "A0A8B7RA92_HIPAR_575-701",
        "A0A6J0XVP7_ODOVR_575-745",
        "A0A8C2USS4_CHILA_575-745",
        "A0A287DBQ9_ICTTR_562-732",
        "G1P1Z3_MYOLU_559-729",
        "A0A452FUW8_CAPHI_560-730",
        "H2PD20_PONAB_576-746",
        "G1S4N5_NOMLE_576-746",
        "A0A2K6TFE2_SAIBB_575-745",
        "A0A6P6CRH6_PTEVA_463-633",
        "A0A2K6E4Y2_MACNE_576-746",
        "A0A2Y9R2Y8_TRIMA_575-709",
        "A0A1U7TX40_CARSF_575-745",
        "A0A5N4EHU6_CAMDR_607-720",
        "F7EU41_MACMU_748-918",
        "A0A2K6E4V2_MACNE_575-745",
        "A0A667G5C4_LYNCA_551-721",
        "A0A6J3HHI1_SAPAP_576-746",
        "A0A5F8AJV3_MACMU_711-881",
        "A0A383Z0U9_BALAS_575-745",
        "A0A8B7REN1_HIPAR_562-732",
        "A0A8I3W7V5_CALJA_1021-1191",
        "A0A8I3WEH6_CALJA_1048-1218",
        "A0A2K5MIE2_CERAT_576-746",
        "A0A6J3BA50_VICPA_463-633",
        "A0A2K5ZRH1_MANLE_547-717",
        "A0A8D2GFY3_THEGE_575-745",
        "A0A667HGF5_LYNCA_560-730",
        "S7NBW4_MYOBR_575-745",
        "A0A5N4EGQ3_CAMDR_519-664",
        "A0A8I4A5B1_CALJA_808-978",
        "A0A643CHS3_BALPH_98-265",
        "A0A6P5BXQ1_BOSIN_575-745",
        "A0A096NZK6_PAPAN_576-746",
        "A0A2K5DP78_AOTNA_551-721",
        "A0A340WJF9_LIPVE_576-746",
        "A0A1U7TVD6_CARSF_576-746",
        "A0A8D2KLQ8_UROPR_575-745",
        "A0A9L0S9W0_HORSE_575-745",
        "A0A2R8MG21_CALJA_571-741",
        "A0A2K5MID4_CERAT_576-746",
        "A0A0D9RVR4_CHLSB_575-745",
        "A0A2K5MIF5_CERAT_575-745",
        "A0A8B9XIB7_BOSMU_576-746",
        "A0A8C3WKB2_9CETA_576-746",
        "A0A452FU59_CAPHI_575-745",
        "A0A8B7RA86_HIPAR_575-745",
        "A0A2R9C2P8_PANPA_565-735",
        "A0A8B8XIP8_BALMU_575-745",
        "A0A5E4B318_MARMO_575-745",
        "E1B945_BOVIN_576-746",
        "A0A8C8XGI9_PANLE_576-746",
        "A0A2K6FMK7_PROCO_558-728",
        "A0A667GAF0_LYNCA_576-746",
        "A0A2K5DNU2_AOTNA_575-745",
        "A0A8C5ZXI9_MARMA_575-745",
        "A0A2Y9SCL6_PHYMC_626-687",
        "A0A485N4F0_LYNPA_575-745",
        "A0A8C3WL08_9CETA_556-726",
        "A0A8D2I2L1_UROPR_535-705",
        "A0A8C9JHM5_PANTA_576-746",
        "A0A8C9A8A3_PROSS_578-748",
        "A0A8B7ASZ3_ORYAF_541-607",
        "A0A9L0QZP0_HORSE_575-633",
        "A0A673T106_SURSU_551-721",
        "A0A7J8JQ07_MOLMO_543-713",
        "A0A5F7Z8B6_MACMU_718-888",
        "A0A212CLZ4_CEREH_1-77",
        "A0A6J3RDZ1_TURTR_537-707",
        "A0A2K5QAY1_CEBIM_558-728",
        "A0A9L0JHA2_EQUAS_576-746",
        "A0A384BNC9_URSMA_575-641",
        "A0A671DKU7_RHIFE_576-746",
        "A0A8C6DRS3_MOSMO_576-746",
        "A0A7J8AI42_MYOMY_575-745",
        "A0A2Y9SCL6_PHYMC_575-633",
        "A0A8D2CYQ0_SCIVU_574-744",
        "A0A4U1FBX5_MONMO_98-268",
        "A0A8I3W206_CALJA_992-1162",
        "A0A2Y9S8U5_PHYMC_575-745",
        "A0A6J3HH70_SAPAP_575-745",
        "A0A8B7EF51_MICMU_575-745",
        "M3ZCD1_NOMLE_583-753",
        "A0A8C4LI21_EQUAS_551-721",
        "A0A3Q2I6S1_HORSE_566-736",
        "H0WJZ1_OTOGA_575-745",
        "A0A5N3X3E5_MUNRE_575-745",
        "A0AAA9RYH1_BOVIN_566-736",
        "G5B021_HETGA_575-745",
        "A0A9L0RMS7_HORSE_575-736",
        "A0A7J8JQ77_MOLMO_566-736",
        "A0A340WPE3_LIPVE_575-745",
        "A0A2U4AT20_TURTR_575-745",
        "G3T911_LOXAF_575-745",
        "A0AA41N0B8_SCICA_533-680",
        "A0A2U4ASJ8_TURTR_607-720",
        "A0A7J8E674_ROUAE_575-745",
        "A0A6J1YKL5_ACIJB_575-745",
        "A0A2K5DP72_AOTNA_570-740",
        "L5K7J3_PTEAL_319-471",
        "A0A4W2FY47_BOBOX_576-746",
        "A0A667GS36_LYNCA_535-705",
        "A0A7J8E5S4_ROUAE_556-726",
        "A0A250YLN1_CASCN_575-745",
        "A0A8I3N342_CANLF_626-687",
        "A0A2K6PHC8_RHIRO_575-745",
        "A0A3Q1LNA6_BOVIN_551-721",
        "A0A6P3EI72_OCTDE_575-745",
        "A0A3Q2LGK7_HORSE_586-745",
        "A0A2U4ASJ7_TURTR_607-662",
        "W5PB82_SHEEP_575-745",
        "A0A2K6TFE8_SAIBB_571-741",
        "A0A8J8XMB7_CALJA_711-881",
        "A0A6J1YI43_ACIJB_576-746",
        "A0A6P6D4P6_OCTDE_575-745",
        "A0A6J3HH73_SAPAP_483-653",
        "A0A2K5QAS4_CEBIM_570-740",
        "A0A2I3SB37_PANTR_565-735",
        "A0A8I5YP07_PONAB_579-749",
        "H0VN06_CAVPO_575-745",
        "A0A091CR49_FUKDA_535-705",
        "F7GMY6_MACMU_723-893",
        "A0AAD4UG69_OVIAM_575-745",
        "A0A671DKV8_RHIFE_566-736",
        "A0A2K5WKI1_MACFA_576-746",
        "A0A7J8E620_ROUAE_463-633",
        "I3MR10_ICTTR_575-745",
        "A0A7J8E5Q9_ROUAE_384-554",
        "A0A7J8E5J7_ROUAE_576-746",
        "A0A9L0QZP0_HORSE_626-687",
        "I3LFB6_PIG_576-746",
        "A0A341BHZ3_NEOAA_626-687",
        "A0A2K6PHD2_RHIRO_576-746",
        "A0A2Y9QXP8_TRIMA_575-692",
        "A0A2Y9MJ95_DELLE_626-687",
        "A0A6G1AJJ2_CROCR_572-742",
        "A0A8C9QDK8_SPEDA_575-745",
        "A0A7J8JRI5_MOLMO_575-745",
        "A0A7J7FG38_DICBM_98-268",
        "A0A2K6MYX8_RHIBE_571-741",
        "A0A8B8XP48_BALMU_463-633",
        "G3SH76_GORGO_491-645",
        "A0A337SBV4_FELCA_575-745",
        "A0A2K5K630_COLAP_576-746",
        "A0A8C5XF13_MICMU_549-719",
        "A0A9L0IQW0_EQUAS_566-736",
        "A0A7E6D846_9CHIR_566-736",
        "A0A2K6PHD8_RHIRO_551-721",
        "A0A1S3AHK3_ERIEU_574-744",
        "A0A2U4ASM4_TURTR_626-687",
        "A0A8C9LUB2_9PRIM_576-746",
        "A0A2Y9QRC0_TRIMA_459-629",
        "A0A2K5K635_COLAP_584-754",
        "A0A8J5ZYE0_GALPY_549-716",
        "A0A9W3GY38_CAMBA_575-745",
        "F7CHU2_HORSE_524-694",
        "A0A2K5ZRF4_MANLE_560-730",
        "A0A2K5QAU5_CEBIM_576-746",
        "A0A3Q2HAZ1_HORSE_551-721",
        "A0A2K5ZRF9_MANLE_560-730"
    ],