{
    "subfamily": 6,
    "rank": 4,
    "node_name": "0.813",
    "lambda_obs": 8996.033203125,
    "p_adj": 0.000999000999000999,
    "group_a": [
        "A0AAJ0A2P4_9PEZI_282-336",
        "T0K1S9_COLGC_281-335",
        "A0A9Q8T5B5_9PEZI_282-336",
        "A0A5Q4C627_9PEZI_282-336",
        "A0AA37PAK7_9PEZI_282-336",
        "A0A0F8AZM8_CERFI_283-337",
        "A0A166RGB7_9PEZI_296-350",
        "A0AA37GET2_9PEZI_282-336",
        "A0AAD5WT03_9PEZI_283-337",
        "A0A9P6IFG2_9PEZI_292-346",
        "H1V9G6_COLHI_282-336",
        "A0A9P7UBU3_9PEZI_282-336",
        "L2GGZ4_COLFN_281-335",
        "A0AAD9D0B4_GLOAC_282-336",
        "A0A1Q8RV17_9PEZI_281-335",
        "E3QA50_COLGM_282-336",
        "A0A9P9XDV8_9PEZI_282-336",
        "A0A010RVM2_9PEZI_282-336",
        "A0A0F4ZIA5_9PEZI_283-337",
        "A0A8H6NWK9_9PEZI_281-335",
        "A0AAD8V7P0_9PEZI_282-336",
        "A0A2C5XKM1_9PEZI_283-337",
        "A0A8H3ZW45_9PEZI_281-335",
        "A0A161VZU5_9PEZI_325-379",
        "A0A4R8RGU0_COLTR_281-335",
        "A0AAD9E9G4_9PEZI_281-335",
        "A0A0M8N8E4_9HYPO_284-338",
        "A0A4T0W3N5_9PEZI_282-336",
        "A0A066XHL8_COLSU_282-336",
        "A0AAD9M325_9PEZI_282-336",
        "A0A420YHC8_9PEZI_283-337",
        "A0A1G4AYW5_9PEZI_282-336",
        "A0A8H4FMA0_COLGL_281-335",
        "A0A4V6DHE4_9PEZI_335-389",
        "A0AAE0CYS8_COLKA_281-335",
        "A0A135U775_9PEZI_282-336",
        "A0AAJ0AX04_9PEZI_282-336",
        "A0A9W4S0K2_9PEZI_281-335",
        "A0A9P8YBS8_9PEZI_283-337",
        "A0A136JDZ3_9PEZI_283-337",
        "A0AAI9YCJ2_9PEZI_282-336",
        "A0A8H6NTE5_9PEZI_281-335",
        "A0A484GB42_COLOR_281-335"
    ],
    "group_b": [
        "A0A9P9A3F5_9PEZI_283-337",
        "A0A072PHC5_9EURO_291-345",
        "A0A6G1GS45_9PEZI_284-338",
        "A0A1C1CTK4_9EURO_291-345",
        "A0A0D2KFS7_9EURO_291-345",
        "W9XC07_9EURO_290-344",
        "C9S8Y4_VERA1_283-337",
        "W3X928_PESFW_283-337",
        "A0A317SQY8_9PEZI_285-339",
        "A0AAE0I4M7_9PEZI_283-337",
        "A0A0D2EQM5_9EURO_291-345",
        "G3J6H9_CORMM_286-340",
        "A0AA39CGN9_9EURO_291-345",
        "W9YC36_9EURO_291-345",
        "A0A2T6ZRY2_TUBBO_286-311",
        "A0AAJ0HI01_9PEZI_283-337",
        "A0AA40AHA0_9PEZI_283-337",
        "A0A9P5D4W0_9HYPO_284-338",
        "A0A8H7DZI2_9EURO_285-339",
        "A0A9P9FFX9_9HYPO_283-337",
        "A0A0D2D907_9EURO_291-345",
        "A0A0D1WM85_EXOME_292-346",
        "A0A0G4KVL2_VERLO_283-337",
        "W2SE40_CYPE1_302-356",
        "A0A165FNG4_XYLHT_305-359",
        "A0A3N4L254_9PEZI_285-339",
        "A0A0G4N9S4_VERLO_283-333",
        "H6C5Q8_EXODN_291-345",
        "A0AAE0JVM9_9PEZI_152-197",
        "A0A8H7TVU0_BIOOC_283-337",
        "A0A0D2J101_9EURO_291-345",
        "A0A2J8F3B6_VERDA_283-337",
        "A0AAE1CCG3_9PEZI_283-337",
        "A0A1Y2DVC8_9PEZI_283-337",
        "A0A0A2VNI5_BEABA_283-337",
        "A0AA40CFV0_9PEZI_284-338",
        "G2WQN7_VERDV_283-337",
        "A0A9N9V1K2_9HYPO_283-337",
        "A0A0D2EK47_9EURO_291-345",
        "A0AAE0NEA5_9PEZI_283-337",
        "A0AAE0U589_9PEZI_283-337",
        "A0AA38Y2I6_9EURO_291-345",
        "A0A167NAZ2_9HYPO_288-342",
        "A0A0D1YSZ9_9EURO_291-345",
        "A0A0G2GUY7_PHACM_271-325",
        "A0AA40E4H9_9PEZI_309-363",
        "A0A9Q0BHL2_9HYPO_283-337",
        "A0A0D2FKV2_9EURO_291-344",
        "A0A0P7B1Q8_9HYPO_283-337",
        "A0A2N6NBJ7_BEABA_245-299",
        "U1GX58_ENDPU_285-339",
        "S3C7A1_OPHP1_283-337",
        "A0A9P8V1Y0_9PEZI_283-337",
        "M7T3W5_EUTLA_191-245",
        "A0A086T2W8_HAPC1_284-338",
        "A0A178ZL74_9EURO_289-343",
        "A0A6G1HR48_9PEZI_284-338",
        "A0A168GNT9_CORDF_283-337",
        "A0A0N1HEC9_9EURO_283-337",
        "A0A9P5LAH6_9HYPO_345-399",
        "J4URA3_BEAB2_283-337",
        "U7PQ50_SPOS1_283-337",
        "A0A545VGK0_9HYPO_283-337",
        "A0A9P9F1H4_9HYPO_283-337",
        "A0A8K0VPG6_9HYPO_283-337",
        "A0A8K0X112_9PEZI_283-336",
        "A0A0D2BP68_9EURO_291-344",
        "A0A0D2H3S2_9EURO_291-345",
        "A0AAE0MA22_9PEZI_283-337",
        "A0A3N4JGV0_9PEZI_285-339",
        "W9XK48_9EURO_291-345",
        "A0A8K0SSQ5_9HYPO_283-337",
        "F0XUT7_GROCL_233-287",
        "A0A084QMS0_STAC4_283-337",
        "D5G6F7_TUBMM_288-314",
        "A0A179I9L8_CORDF_283-337",
        "A0A167TQG6_CORFA_283-337",
        "A0A3N2Q1V3_SODAK_283-337",
        "W9W2P2_9EURO_291-345",
        "A0A0A1SVM5_9HYPO_283-337",
        "A0A9P9WXT9_9PEZI_283-337",
        "A0A9P7ZVT6_9HYPO_283-337",
        "A0A6A6UPQ7_9PEZI_288-342"
    ],
    "folder_path": "/Users/idan_shabo/Documents/Thesis/pipeline_outputs/PF04064_outputs/sequence_embeddings/subfamily_6/significant_splits/rank4"
}