{
    "subfamily": 9,
    "rank": 4,
    "node_name": "0.800",
    "lambda_obs": 83521.234375,
    "p_adj": 0.000999000999000999,
    "group_a": [
        "A0A4Q7LGX4_9BURK_31-117",
        "A1K8I5_AZOSB_26-112",
        "A0A9X1VUZ5_9BURK_26-112",
        "A0A1B3PJ79_9BURK_25-111",
        "A0A944HA81_DENI1_27-113",
        "A0ABF7Q3K0_BRASB_27-113",
        "A0A4Q3LKL1_9BURK_24-110",
        "A0A221KAT5_VITFI_24-110",
        "A0A4R6DZL5_9RHOO_27-113",
        "A0A497XFC7_9PROT_27-113",
        "A0A437JUZ7_9BURK_22-108",
        "A0A315CLX0_9BURK_25-111",
        "A0A7Y8GZV3_9BURK_27-113",
        "A0A936YTL6_9BURK_24-110",
        "A0A323UXA6_9RHOO_27-113",
        "A0A0R0MQX2_9BURK_27-113",
        "A0A0P0MFL1_9BURK_20-106",
        "A0A2M6VFW6_9BURK_25-111",
        "A0A5C6U3F6_9BURK_22-108",
        "Q222K3_ALBFT_27-113",
        "A0A8B6X941_9BURK_30-116",
        "A0A923S8A8_9BURK_23-109",
        "A0A7C9PIH1_9BURK_21-107",
        "A0A848FHA0_9BURK_25-111",
        "A0A3N1WNX2_9BURK_22-108",
        "A0A059KGP9_9BURK_23-109",
        "A0A060NGP7_9BURK_28-114",
        "A0A844B436_9BURK_22-108",
        "A0A3E1RDF5_9BURK_27-113",
        "A0A934WP53_9BURK_24-110",
        "A0A6C2CD63_9RHOO_27-113",
        "A0A554W8G4_9BURK_28-114",
        "A0A975E0X3_9BURK_22-108",
        "A0A127JXH5_9BURK_23-109",
        "A9BQF1_DELAS_24-110",
        "A0A1V3RR48_9BURK_22-108",
        "W8WX85_CASD6_29-115",
        "A0A554X5R0_9BURK_28-114",
        "A0A1H0G888_9BURK_23-109",
        "B1Y5Q6_LEPCP_30-116",
        "A0A848H6I6_9BURK_24-110",
        "A0A923SD97_9BURK_23-109",
        "A0A0J5GJK3_9NEIS_27-113",
        "A0A2S9K3Z7_9BURK_24-110",
        "A0A366EKD6_9HYPH_24-110",
        "A0A975Z8J0_9BURK_26-112",
        "A0A1S8FM71_9BURK_26-112",
        "H5WNE6_9BURK_23-109",
        "A0A257LSQ2_9BURK_24-110",
        "A0A1V4CIQ8_9BURK_22-108",
        "A0A1P8JU54_9BURK_29-115",
        "A1VQV8_POLNA_31-117",
        "A0A1C6LQV9_9NEIS_24-110",
        "A0A4Z0BJF3_9BURK_30-116",
        "A0A7W5D912_9BURK_22-108",
        "A0A235F1K1_9RHOO_27-113",
        "A0A562ZVV8_9BURK_28-114",
        "A4YQM9_BRASO_27-113",
        "A0A940YNB1_9BURK_23-109",
        "A0A927FGI5_9BURK_23-109",
        "A0A848G685_9RHOO_27-113",
        "A0A849K891_9BURK_24-110",
        "A0A4R6UIC6_9BURK_26-112",
        "A0A171KRR6_9BURK_22-108",
        "A0A4R2NG98_9BURK_41-127",
        "A0A936ZKS0_9BURK_24-110",
        "A0A975NZ03_9BRAD_27-113",
        "F3KPB5_9BURK_48-134",
        "A0A318GWM2_9BURK_25-111",
        "H0TN99_9BRAD_27-113",
        "A0A7Y9R3B2_9BURK_26-112"
    ],
    "group_b": [
        "A0A7W6CK84_9SPHN_28-114",
        "A0A1I2S6Z4_9SPHN_31-117",
        "A0A1X7N807_9RHOB_30-116",
        "A0A2U1VY25_9PROT_27-113",
        "A0A2S7K8V4_9PROT_25-111",
        "A3VMX5_9RHOB_30-116",
        "A0A3A1P9G8_9SPHN_31-117",
        "A0A1I4IVF4_9RHOB_29-115",
        "A0A0P6WJF2_9SPHN_30-116",
        "A0A9X1DFB6_9SPHN_33-119",
        "A0A6I4T0A2_9SPHN_32-118",
        "A0A2U1VLY4_9PROT_27-113",
        "W0SE31_9PROT_27-113",
        "A0A1H5SMA2_9RHOB_28-114",
        "A0AAE3W9Y8_9RHOB_29-115",
        "F6IEY6_9SPHN_35-121",
        "A0A2R8AU66_9RHOB_30-116",
        "A0A2T7US45_9RHOB_30-116",
        "G2IR62_SPHSK_33-119",
        "A0A7X1FP91_9SPHN_29-115",
        "A0A1A8T889_9GAMM_24-110",
        "A0A6I4T4S6_9SPHN_32-118",
        "A0A2P8FB29_9RHOB_29-115",
        "A0A257HIB0_9HYPH_26-112",
        "A0AAE3NW32_9RHOB_29-115",
        "A0A6I4TS51_9SPHN_34-120",
        "A0A1W7M691_9SPHN_31-117",
        "A0A918VJE5_9SPHN_23-109",
        "A0A2U2CA00_9RHOB_30-116",
        "A0A4R5F0U3_9RHOB_29-115",
        "A0A501PBI6_9PROT_25-111",
        "A0A4Q1KE53_9SPHN_25-111",
        "A0A1H5Y684_9GAMM_26-112",
        "A0A7X1FXQ7_9SPHN_31-117",
        "A0A433J3F8_9PROT_29-115",
        "A0A420EMS6_9SPHN_29-115",
        "A0A0N1L4D5_9SPHN_24-110",
        "A0A1N6G6L2_9RHOB_29-115",
        "A0A0Q7TTZ5_9HYPH_23-109",
        "A0A845A8N7_9SPHN_29-115",
        "A0A102D8Z5_9SPHN_27-113",
        "A0A327JUK6_9HYPH_25-111",
        "A0A916G0E2_9BURK_27-113",
        "A0A7W6BVB7_9SPHN_36-122",
        "Q2G8Z5_NOVAD_144-230",
        "A0A437NAZ4_9SPHN_27-113",
        "A0A845M7R2_9RHOB_30-116",
        "A0A1W6CP92_9PROT_26-112",
        "A0A6L8W9X1_9PROT_27-113",
        "A0A102DCU3_9SPHN_26-112",
        "A0A2G1QU82_9HYPH_29-115",
        "A0A917ZL29_9GAMM_26-112",
        "A0A2N0H3G7_9SPHN_31-117",
        "A0A5D0X823_9SPHN_34-120",
        "A0A6N1V7P9_9HYPH_29-115",
        "A0A501WDJ9_9GAMM_24-110",
        "A0A140GUJ3_9HYPH_23-109",
        "G6EH14_9SPHN_40-126",
        "A0A0P1FJ48_THAGE_29-115",
        "A0A328AG63_9CAUL_22-108",
        "A0A081G4R9_9GAMM_26-112",
        "W6KBP1_MAGSQ_32-118",
        "A0A4T3F8B7_9SPHN_32-118",
        "A0A2Z5Z0D0_9SPHN_30-116",
        "A0A1Y5SPL4_9RHOB_29-115",
        "A0A916N914_9PROT_27-70",
        "A0A9X3EE42_9GAMM_26-112",
        "A0A940JKN1_9SPHN_35-121",
        "A0A934JVV0_9GAMM_24-110",
        "A0A844Z161_9SPHN_25-111",
        "A0A0F7KNK0_9SPHN_30-116",
        "A0A7W6EUB7_9SPHN_32-118",
        "A0A178MY23_9PROT_8-94",
        "A0A7Y7D3C9_9HYPH_25-111"
    ],
    "folder_path": "/Users/idan_shabo/Documents/Thesis/pipeline_outputs/PF07746_outputs/structure_embeddings/subfamily_9/significant_splits/rank4"
}