{
    "subfamily": 18,
    "rank": 1,
    "node_name": "0.000",
    "lambda_obs": 10638.48046875,
    "p_adj": 0.000999000999000999,
    "group_a": [
        "A0A804KGT8_MUSAM_679-725",
        "A0A4S8IEH2_MUSBA_643-689",
        "A0A8K0I0F3_COCNU_738-784",
        "A0A199ULD7_ANACO_397-443",
        "A0A6I9RIW9_ELAGV_679-725",
        "A0A2P6QW98_ROSCH_679-725",
        "A0A804KGU0_MUSAM_679-725",
        "W1PQK0_AMBTC_681-722",
        "A0A804KGT9_MUSAM_679-725",
        "A0A8B8ZK17_PHODC_679-725",
        "A0A835PRL5_VANPL_679-725",
        "A0A7J6WRZ8_THATH_679-724",
        "A0A3S3NV14_9MAGN_695-740",
        "A0A7J7LDW3_9MAGN_365-411",
        "A0A7J7NTW0_9MAGN_365-411",
        "A0A0K9P1T1_ZOSMR_647-693",
        "A0A9E7HDZ7_9LILI_805-851",
        "A0A9E7HC77_9LILI_771-817",
        "A0A2G5CXC6_AQUCA_679-725",
        "A0A444FJ59_ENSVE_21-58",
        "A0A9E7HIL9_9LILI_756-802",
        "A0A200PZY4_9MAGN_679-725",
        "A0A6J0PLC6_ELAGV_467-513",
        "A0A8N4EYR8_ELAGV_465-511"
    ],
    "group_b": [
        "A0A0B2QWL6_GLYSO_679-724",
        "A0A8X7NVV5_BRACI_148-194",
        "V7D2Q7_PHAVU_679-725",
        "D7LEB9_ARALL_651-694",
        "A0A5B8MX65_9CHLO_671-722",
        "A0A565C1B7_9BRAS_678-725",
        "A0A8X9A693_SALSN_798-839",
        "A0A445FM35_GLYSO_679-724",
        "A0A5A7Q3N9_STRAF_683-725",
        "A0A8K0HQP6_9ROSA_679-725",
        "A0A1S3VUI1_VIGRR_679-725",
        "A0A0J8CMR5_BETVV_678-720",
        "A0A9D5DD90_9LILI_679-725",
        "RAD50_ARATH_678-725",
        "A0A8X9A6E8_SALSN_787-830",
        "A0A8X8Z0X3_SALSN_308-351",
        "I1MYA5_SOYBN_679-724",
        "A0A176W983_MARPO_682-725",
        "A0A830D315_9LAMI_683-725",
        "A0A2C9W8Z1_MANES_678-725",
        "A0A0S3S1H2_PHAAN_679-725",
        "A0A0J8CS75_BETVV_678-720",
        "A0A2R6XAJ3_MARPO_682-725",
        "A0A7N1A2Q4_KALFE_682-725",
        "A0A0L9T5L8_PHAAN_679-725",
        "A0A4P1QZT5_LUPAN_1285-1331"
    ],
    "folder_path": "/Users/idan_shabo/Documents/Thesis/pipeline_outputs/PF04423_outputs/structure_embeddings/subfamily_18/significant_splits/rank1"
}