{
    "subfamily": 9,
    "rank": 2,
    "node_name": "0.625",
    "lambda_obs": 570.8985595703125,
    "p_adj": 0.000999000999000999,
    "group_a": [
        "A0AAD7PX00_QUISA_45-69",
        "A0A9E7FSS3_9LILI_51-75",
        "A0A7J6XGN6_THATH_46-69",
        "A0AAD7M5D6_QUISA_45-68",
        "A0AA41VVU6_PAPNU_79-103",
        "A0A7J6XGM2_THATH_43-66",
        "A0AAD7M6Z9_QUISA_41-65",
        "A0AAD4TES4_9MAGN_79-103",
        "A0A8K0DUY0_9ROSA_49-72",
        "A0A834YUB7_TETSI_77-100",
        "A0A8K0GU43_9ROSA_84-106",
        "A0A6P4AAH2_ZIZJJ_73-98",
        "A0A8K0DTH8_9ROSA_84-106",
        "A0A9E7FPJ4_9LILI_48-72",
        "A0A443NW49_9MAGN_43-63",
        "A0A4S8JUM1_MUSBA_51-75",
        "A0A2G5D6P5_AQUCA_23-46",
        "A0A804J2M3_MUSAM_51-75",
        "A0A2G5F414_AQUCA_51-74",
        "A0AAD7M5M9_QUISA_100-123",
        "A0A072U1U8_MEDTR_56-79",
        "A0A978VDW4_ZIZJJ_73-98",
        "A0A804ITL2_MUSAM_49-73",
        "A0A2G5CJ05_AQUCA_46-69",
        "A0A4S8KEM4_MUSBA_48-72",
        "A0A6P3ZT20_ZIZJJ_80-105",
        "A0A443NW81_9MAGN_42-63",
        "A0A2G5F3Y4_AQUCA_46-69",
        "A0A3S3NMN2_9MAGN_42-63",
        "A0A9E7FR01_9LILI_62-86",
        "A0A843UDG3_COLES_93-115",
        "A0A443NW50_9MAGN_42-65"
    ],
    "group_b": [
        "A0A8K0GTR1_9ROSA_55-79",
        "A0A6P4C5X5_ARADU_77-100",
        "A0A6P3ZSA7_ZIZJJ_55-77",
        "A0A804ITL2_MUSAM_77-100",
        "A0A9D5B3D4_PEA_93-116",
        "A0A6P4AAJ7_ZIZJJ_65-87",
        "A0A978VDW3_ZIZJJ_63-86",
        "A0A978VDW5_ZIZJJ_66-88",
        "G7L4K7_MEDTR_64-85",
        "A0A9E7FSS3_9LILI_79-102",
        "A0A445BIZ9_ARAHY_77-100",
        "A0A9E7FPJ4_9LILI_76-99",
        "A0A6P3ZT07_ZIZJJ_54-77",
        "A0A978VDY9_ZIZJJ_80-105",
        "A0A9D4XWE0_PEA_52-74",
        "A0A8K0DTH8_9ROSA_55-78",
        "A0A804J2M3_MUSAM_79-102",
        "A0A8K0DZD0_9ROSA_68-91",
        "A0A8K0GU43_9ROSA_55-78",
        "Q2VMU0_ARAHY_77-100",
        "A0A4S8KEM4_MUSBA_76-99",
        "A0A6I9SNX1_ELAGV_47-71",
        "A0A835D7W4_TETSI_76-98",
        "A0A6I9SGW0_ELAGV_51-75",
        "A0A6I9SFV7_ELAGV_47-71",
        "A0A6I9SGU9_ELAGV_46-70",
        "A0A834YUB7_TETSI_51-72",
        "A0A9D5B3C2_PEA_94-117",
        "A0A6P4AAH7_ZIZJJ_66-87",
        "A0A6P4AAK9_ZIZJJ_80-105",
        "A0A199VF33_ANACO_36-59",
        "Q9M3X3_PEA_76-99",
        "A0A978VDZ5_ZIZJJ_80-105",
        "A0A6P4A3Y6_ZIZJJ_65-87",
        "A0A8K0DZE0_9ROSA_71-94",
        "A0A8K0GPZ2_9ROSA_55-78",
        "A0A4S8JUM1_MUSBA_79-102",
        "A0A978VDX8_ZIZJJ_65-87",
        "A0A978VDX9_ZIZJJ_65-87",
        "A0A9E7FR01_9LILI_90-113",
        "A0AA86RUH6_9FABA_52-72",
        "A0A8K0GSW2_9ROSA_55-77",
        "A0A978VDZ0_ZIZJJ_80-105",
        "A0A834YBZ1_TETSI_41-62",
        "A0A7J6XGN6_THATH_75-94",
        "A0A9D5AY87_PEA_89-112",
        "A0A8K0GU39_9ROSA_68-91"
    ],
    "folder_path": "/content/drive/MyDrive/Thesis/protein_data/PF00228_outputs/sequence_embeddings/subfamily_9/significant_splits/rank2"
}