{
    "subfamily": 9,
    "rank": 2,
    "node_name": "0.819",
    "lambda_obs": 24721.01171875,
    "p_adj": 0.000999000999000999,
    "group_a": [
        "A0A553MY50_9TELE_723-776",
        "A0A673M2I5_9TELE_640-693",
        "A0A8C1F4J9_CYPCA_656-709",
        "A0A5A9PHG0_9TELE_643-696",
        "A0A673M410_9TELE_659-712",
        "A0A8C1C3D4_CYPCA_656-709",
        "A0A8C1F6P5_CYPCA_656-709",
        "A0A673HNJ9_9TELE_696-749",
        "A0A6J2WYN2_CHACN_659-712",
        "A0A8C1I028_CYPCA_659-712",
        "A0A672T941_SINGR_612-665",
        "A0A8C1C609_CYPCA_659-712",
        "A0A8C1F7E7_CYPCA_656-709",
        "A0A673M6G8_9TELE_631-684",
        "A0A673HNQ8_9TELE_616-669",
        "A0A9R1SFY4_CYPCA_631-684",
        "A0A673M6D5_9TELE_598-651",
        "A0A553MYB3_9TELE_723-776",
        "A0A6P6IVL5_CARAU_659-712",
        "A0A7J6BTB2_9TELE_659-712",
        "A0A671S1U0_9TELE_642-695",
        "A0A673M2L9_9TELE_659-712",
        "A0A8C1F4K9_CYPCA_650-703",
        "A0A672T7B1_SINGR_625-678",
        "A0A673M9I9_9TELE_620-673",
        "A0A6P6IUG5_CARAU_659-712",
        "A0A8C1HDK0_CYPCA_656-709",
        "A0A673HPB9_9TELE_629-682",
        "A0A8C1HDK4_CYPCA_644-697",
        "A0A6P6M1T8_CARAU_412-465",
        "A0A673LZ84_9TELE_623-676",
        "A0A671S0N6_9TELE_602-655",
        "A0A671S1U4_9TELE_658-711",
        "A0A671RZZ0_9TELE_659-712",
        "A0A671RZY3_9TELE_659-712",
        "A0A9J7YXZ7_CYPCA_595-648",
        "A0A8C1C4J7_CYPCA_628-681",
        "A0A672T7I6_SINGR_659-712",
        "A0A671S0P6_9TELE_631-684",
        "A0A671S0Q5_9TELE_659-712",
        "A0A8C1CAG2_CYPCA_659-712",
        "A0A8C1CAC2_CYPCA_630-683"
    ],
    "group_b": [
        "A0A669EE73_ORENI_659-712",
        "A0A4Z2AX11_9TELE_659-712",
        "A0A9D3QBY9_MEGAT_741-794",
        "A0A4W5Q7A5_9TELE_658-711",
        "A0A668UK66_OREAU_656-709",
        "A0A3Q1I3L4_ANATE_659-712",
        "A0A8C5B7U1_GADMO_634-687",
        "A0A8C2ZBT5_CYCLU_648-701",
        "A0A8D0AUX6_SANLU_636-689",
        "A0A3P8Z6V4_ESOLU_643-696",
        "A0A8C4R8D9_EPTBU_680-720",
        "A0A667Y7H1_9TELE_639-692",
        "A0A6P7YKN7_9AMPH_659-712",
        "A0A8T3E0Z7_9TELE_659-712",
        "A0A2U9B7N7_SCOMX_623-676",
        "A0A7N8YMM5_9TELE_604-657",
        "A0A3Q2GJW1_CYPVA_659-712",
        "A0A8C4D291_9TELE_659-712",
        "A0A7N5ZQD0_ANATE_628-681",
        "A0A4W3JVB6_CALMI_592-645",
        "A0A4W4ENU1_ELEEL_523-576",
        "A0A8C8K871_ONCTS_659-712",
        "A0A8P4GLU6_DICLA_594-647",
        "A0A8C5Q7R2_9ANUR_659-712",
        "A0A673YAD3_SALTR_643-696",
        "A0A3P8W6Z1_CYNSE_700-753",
        "A0A4W5Q2H9_9TELE_659-712",
        "A0A6P8U693_GYMAC_659-712",
        "A0A8C2ZBI7_CYCLU_648-701",
        "A0A673YA98_SALTR_659-712",
        "A0A672FQH6_SALFA_659-712",
        "A0A8C4D299_9TELE_557-610",
        "A0A7N6A6U5_ANATE_631-684",
        "A0A8C5BL03_GADMO_624-677",
        "A0A8C4D6K0_9TELE_557-610",
        "A0A8D0AMU5_SANLU_579-632",
        "A0A8C5HJ38_9TELE_647-700",
        "A0A673A3Y8_9TELE_605-658",
        "A0A4U5V5U8_COLLU_659-712",
        "A0A8C4E4H1_DICLA_660-713",
        "A0A3P8W6U2_CYNSE_657-710",
        "A0A4W6EYQ6_LATCA_659-712",
        "A0A8C5Q7T5_9ANUR_626-679",
        "A0A3Q1I3P1_ANATE_659-712",
        "S4RHC2_PETMA_659-712",
        "A0A667YDL7_9TELE_659-712",
        "A0A8C6L434_NOTFU_221-274",
        "H3A560_LATCH_538-591",
        "A0A673A5R2_9TELE_650-703",
        "A0A7N8YK06_9TELE_653-706",
        "A0A4W6EVI1_LATCA_660-713",
        "A0A3P9NH10_POERE_702-755",
        "A0A8P4KL91_DICLA_594-647",
        "A0A1L8GVF0_XENLA_658-711",
        "A0A3Q3GJ44_9LABR_631-684",
        "A0A673YAF9_SALTR_631-684",
        "A0A834C370_ORYME_659-712",
        "A0A669E9T3_ORENI_619-672",
        "A0A3Q1BHM8_AMPOC_631-684",
        "A0A0P7V020_SCLFO_665-718",
        "A0A671V590_SPAAU_651-704",
        "A0A3Q2UW10_HAPBU_631-684",
        "A0A8C2ZBB4_CYCLU_659-712",
        "A0A3P8TJH3_AMPPE_659-712",
        "A0A4W6EZH6_LATCA_660-713",
        "A0A8C7LEU2_ONCKI_635-688",
        "A0A8C8IHJ2_ONCTS_600-653",
        "A0A669E6N2_ORENI_659-712",
        "A0A2U9B848_SCOMX_623-676",
        "A0A8P4G254_DICLA_653-706",
        "A0A6Q2YPR5_ESOLU_649-702",
        "A0A8D0AQM4_SANLU_632-685",
        "A0A8D0DDS9_SANLU_635-688",
        "A0A3S2U6P0_ORYJA_674-727",
        "A0A8T2J1U9_9PIPI_659-712",
        "A0A8C4E5G1_DICLA_659-712",
        "A0A671V445_SPAAU_653-706",
        "C4N9Q9_XENLA_659-712",
        "A0A8C8I7P3_ONCTS_628-681",
        "A0A3P9NHA2_POERE_624-677",
        "A0A672FPQ9_SALFA_659-712",
        "A0A671KYP3_9TELE_631-684",
        "A0A673A3Q5_9TELE_659-712",
        "A0A673A405_9TELE_605-658",
        "A0A4W3JKJ3_CALMI_631-684",
        "A0A8C5HIZ1_9TELE_592-645",
        "A0A8N7UW22_DANRE_659-712",
        "A0A3B5R7A8_XIPMA_659-712",
        "A0A3Q1BTX7_AMPOC_659-712",
        "A0A8U0Q075_SALNM_659-712",
        "A0A8C7LGZ5_ONCKI_659-712",
        "A0A3Q4GUA3_NEOBR_659-712",
        "A0A8C4R6X1_EPTBU_618-658",
        "A0A1S3LML8_SALSA_659-712",
        "A0A8C4D2L5_9TELE_525-578",
        "A0A671V2R3_SPAAU_617-670",
        "A0A672FPR5_SALFA_639-692",
        "A0A6F9CVG8_9TELE_669-722",
        "A0A4W6EVI8_LATCA_632-685",
        "A0A4W5PYU0_9TELE_688-741",
        "A0A8T2P303_9TELE_290-343",
        "A0A673A5P6_9TELE_650-703",
        "A0A673A5P9_9TELE_645-698",
        "A0A668ULB3_OREAU_617-670",
        "A0A4W3JXW7_CALMI_585-638",
        "A0A8C4D1U0_9TELE_553-606",
        "A0A8C4EAS8_DICLA_629-682",
        "A0A8C8K7R1_ONCTS_646-699",
        "A0A8J7NKH4_ATRSP_659-712",
        "A0A4W4ERY6_ELEEL_511-564",
        "A0A3Q3FJ57_KRYMA_654-707",
        "A0A8C4E4I5_DICLA_643-696",
        "A0A3Q2WBZ8_HAPBU_659-712",
        "M3ZGP9_XIPMA_619-672",
        "A0A3P9B039_9CICH_631-684",
        "A0A8C4D4S8_9TELE_513-566",
        "A0A6J2R3J6_COTGO_659-712",
        "A0A4W3JKI7_CALMI_659-712",
        "A0A672GCJ2_SALFA_659-712",
        "A0A6G0I8D3_LARCR_659-712",
        "A0A8C8IAB7_ONCTS_659-712",
        "A0A7N6ARW4_ANATE_653-706",
        "A0A8C8KA75_ONCTS_659-712",
        "A0A8C2ZBF5_CYCLU_641-694",
        "A0A668UMT0_OREAU_659-712",
        "A0A4W6F0K7_LATCA_654-707",
        "A0A665UIQ2_ECHNA_659-712",
        "A0A673A5R9_9TELE_641-694",
        "A0A8J4T4R8_CLAMG_672-725",
        "A0A556VVJ2_BAGYA_622-675",
        "A0A6Q2X5P1_ESOLU_584-637",
        "H3DLI5_TETNG_659-712",
        "A0A8C5Q5Y0_9ANUR_659-712",
        "A0A8C5HKX7_9TELE_657-710",
        "A0A8C5HJ58_9TELE_659-712",
        "A0A668UKA2_OREAU_631-684",
        "G3QBX6_GASAC_660-713",
        "A0A3P8W9W2_CYNSE_642-695",
        "A0A7N8XAB1_9TELE_661-714",
        "A0A8C4S8B0_ERPCA_659-712",
        "A0A8C5Q928_9ANUR_659-712",
        "A0A669CU22_ORENI_659-712",
        "A0A672FPS0_SALFA_631-684",
        "A0A673A3Z3_9TELE_614-667",
        "A0A6P8PHC9_GEOSA_659-712",
        "A0A6Q2ZFG2_ESOLU_621-674",
        "A0A8C5AIL7_GADMO_650-703",
        "A0A669F2M0_ORENI_659-712",
        "A0A8T0AZ03_SILME_660-713",
        "A0A3P9ALK0_ESOLU_612-665",
        "A0A401RUV8_CHIPU_702-755",
        "A0A5J5CZX6_9PERO_633-686",
        "A0A4W3KCI2_CALMI_659-712",
        "A0A2U9B7M4_SCOMX_623-676",
        "A0A6A5EJ72_PERFL_659-712",
        "A0A087XCC2_POEFO_659-712",
        "A0A668UHA9_OREAU_659-712",
        "A0A8C8K2J5_ONCTS_609-662",
        "A0A8C4D0T4_9TELE_442-495",
        "H2L8A9_ORYLA_631-684",
        "A0A6P7PXB0_BETSP_659-712",
        "A0A669DAJ3_ORENI_656-709",
        "A0A3Q3N8A8_9TELE_659-712",
        "H2S8G2_TAKRU_659-712",
        "A0A4W6EZJ8_LATCA_571-624",
        "A0A667YDY3_9TELE_631-684",
        "A0A668UHB9_OREAU_601-654",
        "A0A3Q4MD99_NEOBR_631-684",
        "A0A3Q3NFX1_9LABR_560-613",
        "A0A8C8MAX2_ONCTS_597-650",
        "A0A667Y746_9TELE_658-711",
        "W5LKZ2_ASTMX_660-713",
        "A0A3Q4BG47_MOLML_623-676",
        "A0A5C6P4E1_9TELE_659-712",
        "A0A7N6ARL0_ANATE_591-643",
        "A0A3P9NGL3_POERE_659-712",
