{
    "subfamily": 4,
    "rank": 1,
    "node_name": "0.724",
    "lambda_obs": 218.20172119140625,
    "p_adj": 0.000999000999000999,
    "group_a": [
        "A0A978U9B0_ZIZJJ_94-116",
        "A0A0B2NX54_GLYSO_81-104",
        "A0A6P3ZSE5_ZIZJJ_94-116",
        "A0A8B8LSA3_ABRPR_74-97",
        "A0A0R0IF61_SOYBN_75-98",
        "A0A8B8LN95_ABRPR_73-96",
        "IBB1_SOYBN_74-97",
        "A0A6P3ZPT1_ZIZJJ_94-116",
        "V7C519_PHAVU_84-106",
        "A0A0S3TBS2_PHAAN_106-129",
        "I1MAC4_SOYBN_81-104",
        "A0A6P3ZT26_ZIZJJ_93-115",
        "A0A978VDX5_ZIZJJ_94-116",
        "A0A978VDX2_ZIZJJ_94-116",
        "A0A835D7W4_TETSI_49-70",
        "I1L3Q3_SOYBN_81-104",
        "A0A978VJT4_ZIZJJ_94-116",
        "B3W6M4_PHAVU_84-106",
        "A0A151RI37_CAJCA_66-89",
        "A0A0L9T803_PHAAN_75-98",
        "A0A978VDW8_ZIZJJ_100-122"
    ],
    "group_b": [
        "A0AAE1N603_9FABA_79-102",
        "A0A0L9TBR6_PHAAN_81-104",
        "A0A6P4BNC4_ARADU_81-105",
        "A0AAD4TCT5_9MAGN_54-76",
        "A0A9D4XYJ2_PEA_101-124",
        "V7C6C3_PHAVU_72-95",
        "A0A2Z6MJG6_TRISU_75-98",
        "A0A2K3JZL0_TRIPR_80-103",
        "G7L4L7_MEDTR_84-107",
        "A0AA42B507_PAPNU_85-107",
        "A0A9D4XXC5_PEA_101-118",
        "A0A843W4S1_COLES_71-94",
        "D8SGN6_SELML_98-114",
        "A0AAD4SNB8_9MAGN_124-143",
        "A0AA41S499_PAPNU_120-140",
        "A0AA41S499_PAPNU_82-104",
        "A0A1S2XQ25_CICAR_82-105",
        "A0A6A4QZM1_LUPAL_84-107",
        "D8SCF7_SELML_98-114",
        "A0A9D4Y1V2_PEA_127-150",
        "IBB_VIGRR_39-62",
        "A0AAD4XKG9_9MAGN_83-105",
        "Q8RU22_GLYSO_74-97",
        "Q9AVS0_PEA_76-99",
        "A0AAD4XXN5_9MAGN_58-80",
        "A0A9D5B059_PEA_94-116",
        "A0A445FXM4_GLYSO_82-105",
        "A0AA41S499_PAPNU_153-171",
        "A0AAE1N629_9FABA_76-99",
        "A0AA41UZM2_PAPNU_86-108",
        "A0AAE1N4Q6_9FABA_76-99",
        "A0A151TBM1_CAJCA_77-100",
        "G7L4L3_MEDTR_74-97",
        "A0A9E7JXU9_9LILI_75-98",
        "K7LE73_SOYBN_74-97",
        "A0AAD4SG55_9MAGN_33-55",
        "A0AAE1N4Q8_9FABA_76-99",
        "A0A0S3RSV6_PHAAN_74-97",
        "A0AAD4XUM8_9MAGN_109-131",
        "A0AAD7M5D6_QUISA_71-94",
        "A0A0L9TBI5_PHAAN_74-97",
        "I1L6K7_SOYBN_79-102",
        "A0A151TBJ9_CAJCA_79-102",
        "A0A0S3RSQ7_PHAAN_81-104",
        "A0AA41UZM2_PAPNU_124-144",
        "A0A0L9T819_PHAAN_72-95",
        "A0A9E7JZ56_9LILI_49-72",
        "A0AAE1N5L4_9FABA_77-100",
        "A0AAE1N4X6_9FABA_78-101",
        "I1MQD2_SOYBN_77-99",
        "A0A9D5B410_PEA_88-110",
        "A0A2K3JMA4_TRIPR_24-47",
        "A0A4S8KES6_MUSBA_75-98",
        "A0AA41VVU6_PAPNU_106-128",
        "IBBD2_SOYBN_52-74",
        "A0AAD4SNB8_9MAGN_221-241",
        "A0A1U8A6S5_NELNU_75-98",
        "A0AAD4XKG9_9MAGN_127-147",
        "A0A9D4XXC5_PEA_116-136",
        "A0A1U7ZTE2_NELNU_74-97",
        "A0A151TBK5_CAJCA_80-103",
        "A0AAD4TES4_9MAGN_106-128",
        "A0A072U1U8_MEDTR_82-105",
        "D8SCF9_SELML_99-114",
        "A0AA42B3V1_PAPNU_64-86",
        "A0AA42B507_PAPNU_126-144",
        "A0A9D4XZ26_PEA_101-124",
        "A0A4Y7JN52_PAPSO_83-105",
        "A0A4Y7L936_PAPSO_64-86",
        "A0A804ITL1_MUSAM_75-98",
        "C6SVG7_SOYBN_82-105",
        "A0AAE1TFB6_9FABA_77-100",
        "A0A2K3JZL4_TRIPR_80-103",
        "IBBC2_SOYBN_48-71",
        "A0A444XPQ9_ARAHY_56-80",
        "A0AA41UZM2_PAPNU_157-175",
        "I1L3Q2_SOYBN_74-97",
        "A0AAD7M5M9_QUISA_126-149",
        "A0A0B2REY2_GLYSO_74-97",
        "G7L3N0_MEDTR_58-81"
    ],
    "folder_path": "/content/drive/MyDrive/Thesis/protein_data/PF00228_outputs/sequence_embeddings/subfamily_4/significant_splits/rank1"
}