{
    "subfamily": 10,
    "rank": 3,
    "node_name": "0.762",
    "lambda_obs": 17433.890625,
    "p_adj": 0.000999000999000999,
    "group_a": [
        "A0A0L0FGQ6_9EUKA_95-169",
        "A0AA88L886_ARTSF_471-545",
        "A0A8W8JB48_MAGGI_57-131",
        "A0A3M6U549_POCDA_14-65",
        "A0A8B8AL69_CRAVI_96-170",
        "A0A7N5KKP4_AILME_95-121",
        "A0A8C4Q2D5_EPTBU_195-269",
        "A0A4P9XA05_9FUNG_87-161",
        "A0A2B4SS58_STYPI_111-185",
        "A0A8S4Q588_OWEFU_95-169",
        "A0A8B6FNH5_MYTGA_96-170",
        "A0A8S3YD60_9EUPU_96-170",
        "A0A8W8JCH0_MAGGI_106-180",
        "A0A3S1BNF3_ELYCH_96-170",
        "A0AAE0Y4V5_9GAST_96-170",
        "A0A0D2VI40_CAPO3_95-169",
        "A0A7D9DA36_PARCT_896-970",
        "A0A8W8JF19_MAGGI_63-137",
        "A0AAD8AS55_BIOPF_96-170",
        "A0A6P8HDA6_ACTTE_123-197",
        "A0AAE0VP27_9BIVA_96-170",
        "A0A8C6RIK1_NANGA_95-169",
        "A0AAD9QZV9_ACRCE_95-169",
        "A0A913XD93_EXADI_124-198",
        "A0A058Z983_FONAL_95-169",
        "A7SRV8_NEMVE_95-169",
        "A0A8S3QPG8_MYTED_96-170",
        "A0A401QFQ8_SCYTO_77-111",
        "A0A9X0A7H1_9CNID_95-169",
        "T1FNB5_HELRO_95-168",
        "A0AA88XYB1_PINIB_87-161",
        "A0A7J7ISB8_BUGNE_77-151",
        "A0A8W8JF25_MAGGI_1-49",
        "K1QF01_MAGGI_77-151",
        "A0A8B6FLH7_MYTGA_112-186",
        "A0A8W8JAZ4_MAGGI_96-170",
        "A0A803YJF7_MELGA_95-127",
        "A0A6J8BHP0_MYTCO_96-170",
        "A0A8S3ZE16_9EUPU_96-170",
        "A0A2C9JCI2_BIOGL_96-170"
    ],
    "group_b": [
        "A0A8C7IGU7_ONCKI_93-150",
        "V4A7H4_LOTGI_96-170",
        "A0AAD5B9H5_SILAS_19-44",
        "A0A369SGI6_9METZ_69-143",
        "A0A8J9V894_BRALA_95-169",
        "A0A4W5JX19_9TELE_47-121",
        "A0AAZ3PWN6_ONCTS_69-143",
        "A0A674BQ11_SALTR_95-169",
        "A0AAD5Y852_9FUNG_95-169",
        "A0AAZ3QMR1_ONCTS_95-169",
        "A0A7T8HI49_CALRO_95-169",
        "A0A6F9CR87_9TELE_77-151",
        "A0A8J9VBL8_BRALA_77-151",
        "A0AAZ3PKL6_ONCTS_96-170",
        "A0A9P0AEX5_BEMTA_95-169",
        "A0A6P5ABD3_BRABE_95-169",
        "A0AAZ3Q658_ONCTS_118-192",
        "A0A1Y2FWN5_PROLT_96-170",
        "A0A060YQU9_ONCMY_77-151",
        "M4V3H0_SALSA_95-169",
        "B5XA15_SALSA_95-169",
        "A0A674BQ22_SALTR_95-165",
        "A0A4W5MQB0_9TELE_97-171",
        "A0A674BQS5_SALTR_95-169",
        "A0A060WTA5_ONCMY_118-192",
        "A0A177B024_9BILA_95-168",
        "A0A4W5MNB9_9TELE_95-169",
        "A0A9Q0YS25_HOLLE_77-151",
        "T1H629_MEGSC_56-127",
        "A0A674DIA4_SALTR_95-169",
        "A0A8U0UGQ8_SALNM_95-169",
        "A0AAD9ITL7_9ANNE_103-177",
        "A0A8C8FQ33_ONCTS_95-169",
        "A0A8C8LSI2_ONCTS_95-169",
        "A0A8B7Z675_ACAPL_95-169",
        "A0A8C7IJ31_ONCKI_95-169",
        "F4P5P6_BATDJ_125-199",
        "A0A8C8FS67_ONCTS_95-164",
        "A0A4W5KC90_9TELE_95-169",
        "A0A8U0PW00_SALNM_95-169",
        "A0A8C8ES61_ONCTS_95-169",
        "A0A7S5HGE4_BEMTA_77-151",
        "C3YX70_BRAFL_95-169",
        "A0A914BN67_PATMI_95-169",
        "A0A8C8D8X4_ONCTS_95-166",
        "A0A7M7PGR4_STRPU_95-169",
        "A0A8C6TL39_9GOBI_97-138",
        "A0A2G8KWK4_STIJA_95-169",
        "A0A7J6CU14_9TELE_95-128",
        "A0AAZ3Q7K8_ONCTS_70-144",
        "A0A8C8DAH3_ONCTS_39-113",
        "A0A6F9CB64_9TELE_85-159",
        "A0A9P0G4P5_BEMTA_102-176",
        "R4XBT6_TAPDE_95-169",
        "A0A8C7IFD0_ONCKI_93-167",
        "A0A553PSQ6_TIGCA_95-154",
        "A0A8C7KJL1_ONCKI_95-169",
        "A0A674DJ95_SALTR_95-169",
        "A0A177WS02_BATDL_126-200",
        "A0A553PSQ6_TIGCA_152-211",
        "A0A8C8DET5_ONCTS_104-178",
        "B3RYD1_TRIAD_95-169",
        "T1GNX4_MEGSC_5-35",
        "A0A8C7KPH1_ONCKI_95-169",
        "A0A8C8LS91_ONCTS_98-172",
        "A0A8C7KPI1_ONCKI_95-164",
        "A0A4W5JX09_9TELE_95-169",
        "A0A8J2MD14_9HEXA_94-119",
        "A0A674MZX5_TAKRU_93-145",
        "A0A674DIN0_SALTR_95-154"
    ],
    "folder_path": "/Users/idan_shabo/Documents/Thesis/pipeline_outputs/PF00900_outputs/structure_embeddings/subfamily_10/significant_splits/rank3"
}