{
    "subfamily": 10,
    "rank": 1,
    "node_name": "0.850",
    "lambda_obs": 16650.8046875,
    "p_adj": 0.000999000999000999,
    "group_a": [
        "A0A6J0SMK8_9SAUR_570-634",
        "A0AA35KSW5_9SAUR_570-740",
        "A0A452J188_9SAUR_446-609",
        "A0A452J1F9_9SAUR_465-628",
        "A0A6P9CGY7_PANGU_570-740",
        "A0A674I3E5_9SAUR_561-731",
        "A0A8B7ASZ3_ORYAF_509-545",
        "A0A8D2JJQ4_VARKO_553-723",
        "A0A8D0BCZ4_SALMN_570-740",
        "A0A6J1VN55_9SAUR_570-740",
        "A0A8D2JIA2_VARKO_540-710",
        "A0A670JA62_PODMU_523-687",
        "A0A803SNM9_ANOCA_509-679",
        "A0A670J8H8_PODMU_519-683",
        "A0A670JBK7_PODMU_518-682",
        "A0A8C0G5G7_CHEAB_570-740",
        "A0A8C3PGA3_CHRPI_570-740",
        "A0A8D2JCU0_VARKO_546-716",
        "A0A670JBA0_PODMU_519-681",
        "H9GKA5_ANOCA_528-689",
        "M7BNV3_CHEMY_496-666",
        "A0A674I3D5_9SAUR_570-740",
        "A0A670J8N0_PODMU_492-656",
        "A0A670J8G9_PODMU_519-683",
        "A0AA97LGT5_EUBMA_570-739",
        "A0A8C4YI44_9SAUR_551-721",
        "A0A8C4YIM7_9SAUR_555-725",
        "A0A452J176_9SAUR_526-696",
        "A0A8D0L9C3_SPHPU_432-602",
        "A0A8C3IY28_CHRPI_570-745",
        "A0A8C3PG81_CHRPI_561-731",
        "A0A452J177_9SAUR_546-716",
        "A0A8C4YGV5_9SAUR_570-740",
        "K7GBX0_PELSI_570-740",
        "A0A803TE43_ANOCA_488-657",
        "A0A9F2R5Y7_PYTBI_570-740",
        "A0A2U4ASJ8_TURTR_575-610",
        "A0A452J185_9SAUR_533-703",
        "A0A9D3WZD8_9SAUR_570-740",
        "A0AA35KU49_9SAUR_546-716",
        "A0A6J0SIC7_9SAUR_570-734",
        "A0A7N5JQ23_AILME_647-683",
        "A0A5N4EHU6_CAMDR_575-610",
        "A0A4D9FA95_9SAUR_570-740",
        "A0A8C8S6Z4_9SAUR_570-740",
        "A0A452J1A2_9SAUR_441-611",
        "A0A9Q0XTI6_9SAUR_570-738",
        "A0A8D2J5B6_VARKO_539-709",
        "A0A1A6FW77_NEOLE_500-536",
        "A0A8C3SSS3_CHESE_570-740",
        "A0A452J179_9SAUR_450-620",
        "A0A8C0G4P3_CHEAB_560-730",
        "V8N9Z6_OPHHA_320-466"
    ],
    "group_b": [
        "A0A851ZSR0_CALOR_136-234",
        "A0A091NVL5_HALAL_534-704",
        "A0A7L3M1K0_9PASS_34-132",
        "A0A7L1XYD1_9AVES_136-234",
        "A0A7L0RQ90_GLABR_136-234",
        "A0A851QUA0_TYCCO_136-234",
        "A0A852D515_PASAF_136-234",
        "A0A7K5T384_9FRIN_136-234",
        "A0A8J4P517_APTPA_136-234",
        "A0A7K8GK13_ORTSP_136-234",
        "A0A8C9FEX1_PAVCR_479-642",
        "A0A7K9WK32_9PASS_136-234",
        "A0A7K8JM67_9AVES_136-234",
        "A0A852CJT9_9PICI_136-234",
        "A0A7L2DG55_CATFU_136-234",
        "A0A7K8T2I4_9AVES_136-234",
        "A0A7L3GAV2_9AVES_136-233",
        "A0A8C3PK19_9CHAR_570-734",
        "A0A8C6JSB0_MELUD_570-740",
        "A0A7L3FE90_9GRUI_136-234",
        "A0A8B9VLC9_9AVES_507-677",
        "A0A7L4G1Y0_9COLU_136-234",
        "A0A7K4PH48_MELMO_136-234",
        "A0A7L2FFG2_QUIME_136-234",
        "A0A7K4KR50_9AVES_585-755",
        "A0A8C3U8E7_CATUS_570-703",
        "A0A7L3D1A8_PLUSO_136-234",
        "A0A7L4IFP6_9PASS_136-234",
        "A0A7K6BJN6_PTIVI_136-234",
        "A0A851AIV7_SULDA_136-234",
        "A0A7K5P6V3_9CORV_136-234",
        "A0A8C4UHB5_FALTI_561-731",
        "A0A7K9SKZ4_9PICI_136-234",
        "A0A8C0F8C6_BUBBB_601-765",
        "A0A7K8N5J6_CASCA_136-234",
        "A0A663LWE9_ATHCN_574-744",
        "A0A8C0IF59_BUBBB_600-764",
        "A0A7L3KXI7_9PASS_136-234",
        "A0A7K7GHQ6_ERIRU_136-234",
        "A0A7L3N7L2_9AVES_136-234",
        "A0A7L0FJE0_CORCN_136-233",
        "A0A850YB94_AEGCA_136-234",
        "A0A7L0MBE4_9PSIT_575-752",
        "A0A7L2SNT1_9PASS_136-233",
        "A0A8C0F8I5_BUBBB_607-771",
        "A0A7L2CDG6_9PASS_136-234",
        "A0A7K5HP94_CROSL_136-234",
        "A0A7L4LNH8_9CORV_136-234",
        "A0A8B9CEH5_9AVES_591-746",
        "A0A7K7UP27_EUDEL_136-234",
        "A0A7L3LY19_9CHAR_136-230",
        "A0A087V3W8_BALRE_558-728",
        "A0A6J3CYD4_AYTFU_570-740",
        "A0A7K4LG37_9AVES_585-755",
        "A0A851YGM2_9AVES_136-234",
        "A0A674GBI1_TAEGU_552-719",
        "A0A7K4ZAK5_9AVES_135-233",
        "A0A8C3LY74_CHRPC_563-733",
        "A0A7L3XSL0_9AVES_136-234",
        "A0A8C3LVH7_CHRPC_564-734",
        "A0A7L2PGL9_PYCJO_136-234",
        "A0A2I0THC7_LIMLA_321-376",
        "A0A7L0D5E0_9CHAR_136-234",
        "A0A8B9QMH7_APTOW_562-732",
        "A0A7K8D254_9CORV_136-234",
        "A0A8B9MKY8_9AVES_570-740",
        "A0A8C0VLI7_CYACU_528-698",
        "A0A7K6HDR4_9PASS_136-234",
        "A0A7K9UFQ0_9AVES_136-234",
        "A0A8K1GTF0_9PASS_570-740",
        "A0A835TTZ1_9PASS_566-736",
        "A0A7L2PRY7_9PASS_136-234",
        "A0A7K9AVY0_DRONO_587-757",
        "A0A8B7JWN1_9AVES_465-635",
        "A0A093BSD5_TAUER_573-742",
        "A0AA97MFB8_9PASS_136-234",
        "A0A7L2XHG3_9PASS_136-234",
        "A0A091NJ85_APAVI_136-234",
        "A0A7L4LRQ5_GLAPT_136-234",
        "A0A8B9CEI8_9AVES_574-732",
        "A0A7K9DB94_9AVES_162-260",
        "A0A7K7D075_PHEME_136-234",
        "A0A8B9EC70_ANSCY_570-740",
        "A0A663LVU5_ATHCN_426-596",
        "A0A669P428_PHACC_607-777",
        "A0A8V0Y783_CHICK_552-719",
        "H0ZGG6_TAEGU_537-707",
        "A0A851RMQ2_CERFA_136-234",
        "A0A7K6EHZ5_9PASS_136-234",
        "A0A7L4N5G5_9AVES_136-234",
        "A0A7L3DYY3_9PASS_136-234",
        "A0A7L1C2G6_9PASS_136-234",
        "R0LIU0_ANAPL_545-715",
        "A0A7M4EB96_CROPO_621-683",
        "A0A7K6PNI4_9CORV_136-234",
        "A0A093QII7_9PASS_136-170",
        "A0A7K8P070_COCCO_162-260",
        "A0A7K9QRS3_IRECY_136-234",
        "A0A852G2R2_9CHAR_136-234",
        "A0A852EE11_VIDMA_136-234",
        "A0A850VSE5_FREMA_136-234",
        "A0A851B4T2_PICGY_576-760",
        "A0A8B9FEU0_9PSIT_573-743",
        "A0A7L1ZRI9_LEILU_136-234",
        "A0A7K9RBP0_9PASS_136-234",
        "A0A7L2TGH1_POMRU_576-760",
        "A0A7K9MBN1_OCETE_136-234",
        "A0A8C8EA36_9STRI_570-740",
        "A0A8C5NSE6_JUNHY_570-740",
        "A0A7L4D726_9AVES_136-234",
        "A0A852FNY7_PEUTA_136-234",
        "A0A7K7J9U6_LOXCU_136-234",
        "A0A7K7L643_9AVES_136-234",
        "A0A3M0L4U9_HIRRU_434-604",
        "A0A7K7MGR9_9PASS_136-234",
        "A0A8B9FKU2_9PSIT_564-734",
        "A0A7L2ARN6_9GRUI_136-235",
        "A0A7L0KLR2_9SYLV_136-234",
        "A0A8V0YAZ8_CHICK_534-704",
        "A0A091GC43_9AVES_579-749",
        "A0A8C2U7M1_COTJA_570-740",
        "A0A7K9C279_9PICI_575-745",
        "A0A7L1M3H1_BOMGA_136-235",
        "A0A7L1NNU2_RHICY_136-234",
        "A0A7K5D9Y5_9TYRA_573-743",
        "A0A7K4Z9J8_BUCAB_136-234",
        "A0A7L0W6M0_ALELA_136-234",
        "A0A093FSH0_TYTAL_537-707",
        "A0AA40H920_PYGPA_136-234",
        "A0A6I9HB45_GEOFO_570-740",
        "A0A7L0A6K0_9CORV_136-234",
        "A0A852BCX2_9CORV_136-234",
        "A0A7L4ESL7_HIRRU_136-234",
        "A0A7K4VJU2_9EMBE_136-234",
        "A0A7L3ZT08_9AVES_136-234",
        "A0A091RHL3_9AVES_573-743",
        "A0A8D2NZ70_ZOSLA_570-740",
        "A0A8B9VNU7_9AVES_557-727",
        "A0A0Q3PNW1_AMAAE_37-207",
        "A0A7K7Q7U7_POEAT_136-234",
        "A0A7K5W0F9_9SYLV_136-234",
        "A0A7L0IME8_PIPCL_577-747",
        "A0A8C3BP26_CAIMO_655-825",
        "A0A663LVT1_ATHCN_590-760",
        "A0A7L3VBV8_MOLAT_136-234",
        "A0A7K5VU31_9CORV_136-234",
        "A0A7K7AXP2_9AVES_136-234",
        "A0A7K7E8R7_9SYLV_136-234",
        "A0A7K8L943_9AVES_136-234",
        "A0A850UDT6_9CORV_136-234",
        "A0A851PJG6_ANHAN_136-234",
        "A0A8B9CE52_9AVES_576-734",
        "A0A093SUV1_9PASS_537-707",
        "A0A8B9QUD1_APTOW_577-689",
        "A0A8B9I8M2_9AVES_576-734",
        "A0A851XRR6_EOLRO_136-234",
        "A0A7L2HS97_SAGSE_136-234",
        "A0A7L1TXK1_PHANI_136-234",
        "A0A7L2EMT7_ANTMN_136-234",
        "A0A8C4UGA4_FALTI_570-740",
        "A0A7K8IM19_9PASS_136-234",
        "A0A852JJM4_SPIPA_136-234",
        "A0A851MVF5_9DEND_136-234",
        "A0A851EFE4_9CORV_136-222",
        "A0A7K8XI75_9PICI_136-234",
