{
    "subfamily": 20,
    "rank": 1,
    "node_name": "0.832",
    "lambda_obs": 11381.77734375,
    "p_adj": 0.000999000999000999,
    "group_a": [
        "C5MB20_CANTT_30-73",
        "I2H7R9_HENB6_103-146",
        "A0A8H6BUT2_CANAX_29-69",
        "A0A1E5RYS7_HANUV_270-313",
        "K0L062_WICCF_159-202",
        "PGA6_CANAL_29-72",
        "A0A1B7T7D4_9ASCO_7-50",
        "K0L062_WICCF_313-356",
        "A0A8H6BRW1_CANAX_29-64",
        "A0A1E5RW00_9ASCO_31-74",
        "A0A1E5RUH5_HANUV_29-72",
        "A0A1E5RTV8_HANUV_30-73",
        "A0A1B7SI25_9ASCO_1-21",
        "A0A1B7TFH8_9ASCO_116-159",
        "A0A1E5RYS1_HANUV_948-991",
        "M3JC40_CANMX_30-73",
        "A0A1B7TI81_9ASCO_29-72",
        "A0A1E5RZE9_HANUV_265-308",
        "A0A367YBD3_9ASCO_30-73",
        "A0A367Y4Y2_9ASCO_30-73",
        "A0A1E5RU64_HANUV_611-654",
        "A0A1B7TI74_9ASCO_30-73"
    ],
    "group_b": [
        "Q751W4_EREGS_259-284",
        "A0A7H9HPZ4_9SACH_226-259",
        "A0A0C7N5Y5_9SACH_446-487",
        "C5DNS2_LACTC_440-471",
        "A0A0C7N9E1_9SACH_425-462",
        "A0A1V2L6N7_CYBFA_642-683",
        "A0A1G4K2S6_9SACH_392-432",
        "A0A376B3D4_9ASCO_479-512",
        "A0A1B7SI25_9ASCO_32-75",
        "A0A1G4JTV7_9SACH_539-572",
        "A0A9P8QEY8_WICPI_51-94",
        "A0A1E4TP23_PACTA_13-56",
        "A0A1G4JNW6_9SACH_648-702",
        "W6MMA1_9ASCO_31-74",
        "A0A1G4M6V1_LACFM_411-452",
        "A0A376B1D0_9ASCO_32-75",
        "A0A1E4RZM8_CYBJN_100-143",
        "A0A1B7T7D4_9ASCO_61-104",
        "A0A1E4RZM8_CYBJN_350-393",
        "A0A376B3D4_9ASCO_567-600",
        "A0A1G4MJ66_LACFM_404-435",
        "A0A376B3D4_9ASCO_388-421",
        "A0A1B7TFR1_9ASCO_321-364",
        "A0A376B3D4_9ASCO_729-772",
        "W6MJR1_9ASCO_311-354",
        "A0A1E5R0K6_9ASCO_446-481",
        "A0A9P8T664_9ASCO_226-269",
        "A0A1E5R1S6_9ASCO_468-511",
        "A0A1G4IY05_9SACH_415-455",
        "A0A1E4RZM8_CYBJN_261-304",
        "A0A1E4RZM8_CYBJN_199-242",
        "A0A9P8QEY8_WICPI_157-200",
        "G8ZQR7_TORDE_140-194"
    ],
    "folder_path": "/Users/idan_shabo/Documents/Thesis/pipeline_outputs/PF13928_outputs/structure_embeddings/subfamily_20/significant_splits/rank1"
}