{
    "subfamily": 11,
    "rank": 2,
    "node_name": "0.000",
    "lambda_obs": 10649.73828125,
    "p_adj": 0.000999000999000999,
    "group_a": [
        "A0A8C4GJP4_DICLA_609-662",
        "A0A3P9NGL3_POERE_659-712",
        "A0A8D0AUX6_SANLU_636-689",
        "A0A3Q1BDK4_AMPOC_659-712",
        "A0A484CT53_PERFV_659-712",
        "A0A8P4G254_DICLA_653-706",
        "A0A665UIQ2_ECHNA_659-712",
        "A0A3Q1BHM8_AMPOC_631-684",
        "A0A3Q3GJ44_9LABR_631-684",
        "A0A3Q1I3P1_ANATE_659-712",
        "A0A8C4E4M8_DICLA_631-684",
        "A0A8D0AYJ1_SANLU_614-667",
        "A0A7N8WJB3_9TELE_630-683",
        "A0A4W6F0K7_LATCA_654-707",
        "A0A8C4E4I5_DICLA_643-696",
        "A0A3Q2D0X3_CYPVA_659-712",
        "A0A3P8TN45_AMPPE_634-687",
        "A0A4W6EVI1_LATCA_660-713",
        "A0A4W6EZH6_LATCA_660-713",
        "A0A6P7JKJ0_9TELE_659-712",
        "A0A3Q3NGM9_9TELE_631-684",
        "A0A3P8W9M3_CYNSE_631-684",
        "A0A3P9NH10_POERE_702-755",
        "A0A8P4GLU6_DICLA_594-647",
        "A0A8C4EAS8_DICLA_629-682",
        "A0A3P8TJH3_AMPPE_659-712",
        "A0A3Q1BTX7_AMPOC_659-712",
        "M3ZGP9_XIPMA_619-672",
        "A0A8D0DDS9_SANLU_635-688",
        "A0A4W6EZJ8_LATCA_571-624",
        "A0A8D0DGL8_SANLU_636-689",
        "A0A3Q3N8A8_9TELE_659-712",
        "A0A7N6ARL0_ANATE_591-643",
        "A0A7N6ARW4_ANATE_653-706",
        "A0A7N5ZQD0_ANATE_628-681",
        "A0A7N9AKN4_9TELE_636-689",
        "A0A3P8W6Z1_CYNSE_700-753",
        "A0A6G1QSH5_9TELE_659-712",
        "A0A087XCC2_POEFO_659-712",
        "A0A4W6EVI8_LATCA_632-685",
        "A0A8C4E4H1_DICLA_660-713",
        "A0A3Q2GJW1_CYPVA_659-712",
        "A0A7N6A6U5_ANATE_631-684",
        "A0A3P9NHA2_POERE_624-677",
        "A0A8C4E5G1_DICLA_659-712",
        "A0A6A5EJ72_PERFL_659-712",
        "A0A7N8XAB1_9TELE_661-714",
        "A0A7N6A7Q2_ANATE_592-645",
        "A0A665UI66_ECHNA_654-707",
        "A0A3Q3NFX1_9LABR_560-613",
        "A0A3Q1I3L4_ANATE_659-712",
        "A0A3B5R7A8_XIPMA_659-712",
        "A0A8P4KL91_DICLA_594-647",
        "A0A3P8W6U2_CYNSE_657-710",
        "A0A4W6EYQ6_LATCA_659-712",
        "A0A8D0AQM4_SANLU_632-685",
        "A0A7N8YK06_9TELE_653-706",
        "A0A5J5CZX6_9PERO_633-686",
        "A0A665UI35_ECHNA_659-712",
        "A0A7N6AT37_ANATE_646-699",
        "A0A3P8W9W2_CYNSE_642-695",
        "A0A7N8YMM5_9TELE_604-657",
        "A0A8D0AMU5_SANLU_579-632"
    ],
    "group_b": [
        "A0A8C2ZBU6_CYCLU_620-673",
        "A0A4Z2AX11_9TELE_659-712",
        "A0A8C2ZBF5_CYCLU_641-694",
        "A0A8C2ZBT5_CYCLU_648-701",
        "A0A3Q4BG47_MOLML_623-676",
        "A0A2U9B7N7_SCOMX_623-676",
        "A0A8C2ZBI7_CYCLU_648-701",
        "A0A671V590_SPAAU_651-704",
        "A0A4U5V5U8_COLLU_659-712",
        "A0A672FPQ9_SALFA_659-712",
        "A0A6G0I8D3_LARCR_659-712",
        "A0A671V445_SPAAU_653-706",
        "A0A5C6P4E1_9TELE_659-712",
        "A0A8C3G011_CYCLU_648-701",
        "A0A6P8U693_GYMAC_659-712",
        "A0A8S4AHJ0_9TELE_659-712",
        "A0A671V458_SPAAU_630-683",
        "G3QBX6_GASAC_660-713",
        "A0A6J2R3J6_COTGO_659-712",
        "A0A2U9B7M4_SCOMX_623-676",
        "A0A7J5XVD3_DISMA_647-700",
        "A0A672FPR5_SALFA_639-692",
        "A0A672FQH6_SALFA_659-712",
        "H3DLI5_TETNG_659-712",
        "A0A672FPS0_SALFA_631-684",
        "H2S8G2_TAKRU_659-712",
        "A0A2U9B848_SCOMX_623-676",
        "A0A671V2R3_SPAAU_617-670",
        "A0A8C2ZBB4_CYCLU_659-712",
        "A0A671V2P3_SPAAU_659-712",
        "A0A672GCJ2_SALFA_659-712"
    ],
    "folder_path": "/Users/idan_shabo/Documents/Thesis/pipeline_outputs/PF04423_outputs/sequence_embeddings/subfamily_11/significant_splits/rank2"
}