{
    "subfamily": 8,
    "rank": 4,
    "node_name": "0.859",
    "lambda_obs": 21063.6796875,
    "p_adj": 0.000999000999000999,
    "group_a": [
        "Y670_PASMU_24-124",
        "A6VQJ1_ACTSZ_26-125",
        "C4LAZ9_TOLAT_27-130",
        "A0A0H3CIV9_ENTCC_26-121",
        "A0A1T0AV30_9PAST_22-123",
        "A0A369ZUL3_9PAST_26-127",
        "A0A934VTT5_9BACT_44-151",
        "A0A553FLA3_9GAMM_37-137",
        "A0A1A7NRS7_9PAST_26-130",
        "A0A7M3M9G7_9BACT_1-92",
        "A0A4R2NCG4_9PAST_23-124",
        "A0A4P7CGZ1_9PAST_23-124",
        "A0A7D9AS27_RAOTE_1-68",
        "A0A2V1K2S3_9BURK_35-139",
        "A0A3N4VQJ3_9PAST_21-123",
        "A0A975I2G1_9BACT_27-134",
        "A0A6N7F516_9GAMM_59-162",
        "A0A0J8YNS6_9GAMM_26-130",
        "A3N1D3_ACTP2_23-124",
        "A0A1V3TI54_9PAST_22-123",
        "E0SIN8_DICD3_26-123",
        "B8F8E1_GLAP5_23-124",
        "A0A840V763_9BACT_25-132",
        "Q6D520_PECAS_23-127",
        "A0A4R1JM96_9GAMM_25-128",
        "A0A1V3IVT1_9PAST_24-125",
        "A0A011NET7_9PAST_22-123",
        "A0A2I5TJC0_SERS3_26-120",
        "A0A071LV84_9ENTR_27-122",
        "A0AA95SID7_9GAMM_33-134",
        "A0A8D4IWT3_9PAST_28-132",
        "A0A1I4XGQ0_9NEIS_26-126",
        "A0A257M2M2_9BACT_31-137",
        "A0A934RBG6_9BACT_26-132",
        "Q7VNN4_HAEDU_27-131",
        "A0A0H3JD81_ECO57_11-113",
        "A0A975G851_9BACT_29-135",
        "A0A0A3AMU3_9PAST_28-132",
        "A0A6H0T696_9PAST_23-124",
        "A0A4P7CGJ5_9PAST_24-123",
        "A0A8J7HAD8_9ENTR_26-123",
        "N8Y5Y7_9GAMM_27-128",
        "A0A0J5P6W6_9PAST_22-123",
        "A0A518BJJ5_9BACT_45-155",
        "R8ATB2_PLESH_30-134",
        "A0A1I0FE29_9GAMM_24-128",
        "A0A934VAB2_9BACT_28-135",
        "A0A916MB07_9BACT_48-157",
        "A0A858RKI4_9BACT_28-134",
        "I3DJH1_9PAST_24-124"
    ],
    "group_b": [
        "A0A7X1B302_9BACT_33-144",
        "A0A0E3UIP0_9BACT_34-144",
        "F2JTL3_MARM1_31-142",
        "C1AD84_GEMAT_49-159",
        "A0A370UDU2_9GAMM_32-143",
        "A0A1N6P7W6_9GAMM_32-141",
        "A0A0F4R114_9GAMM_28-139",
        "A0A514WX86_9BACT_29-139",
        "A0A380MZV3_9GAMM_91-189",
        "A0A5C6U6N6_9BURK_86-149",
        "A0A839IRU5_9GAMM_40-149",
        "A0A4R6QIA9_9BURK_57-147",
        "A0A1T1HE77_OCELI_31-136",
        "C1A680_GEMAT_46-156",
        "A0A6N4X401_9BACT_18-131",
        "A0A2T6E6N9_9GAMM_31-137",
        "A0A927IHK4_9BACT_32-143",
        "A0A934N1Y6_9GAMM_29-140",
        "A0A3M8Q212_9GAMM_29-140",
        "A0A1H9Y5S8_THASX_28-136",
        "A0A366WEF5_9GAMM_38-154",
        "A0A501WFK3_9GAMM_28-139",
        "B4D7M7_9BACT_29-139",
        "A0A934S5D4_9BACT_30-141",
        "A0AAE9ZX94_9BACT_31-141",
        "A0A643FC04_IDEDE_4-148",
        "A0A6M4IKT1_9BACT_32-142",
        "A0A553F6E3_9GAMM_29-137",
        "A0A3E0DTB0_9GAMM_29-140",
        "A0A0J8GQR0_9ALTE_29-137",
        "A0A2T6DVA8_9BACT_46-156",
        "A0A420EH83_9ALTE_30-134",
        "A0A2T6CZI9_9BACT_37-147",
        "A0A380MVU2_9GAMM_93-195",
        "A0A143BMK6_9BACT_36-146",
        "A0A1H1L104_9BACT_39-149",
        "A0A2S0VNU4_9ALTE_29-137",
        "A0A143DBU4_9PROT_33-145",
        "A0A3M6Q9H3_9BURK_44-149",
        "A0A1T1H7X4_OCELI_35-144",
        "A0A3E0U379_9GAMM_30-138",
        "A0A381E5X3_9GAMM_85-185",
        "A0A1A8TR67_9GAMM_29-140",
        "A0A917ZMQ0_9GAMM_36-145",
        "A0A4U1BBA6_9GAMM_32-140",
        "A0A7Y0Q5C2_9GAMM_30-138",
        "A0A1A8TLY2_9GAMM_29-140",
        "A0A8F9TWY2_9BACT_38-148"
    ],
    "folder_path": "/content/drive/MyDrive/Thesis/protein_data/PF07361_outputs/sequence_embeddings/subfamily_8/significant_splits/rank4"
}