{
    "subfamily": 33,
    "rank": 4,
    "node_name": "0.105",
    "lambda_obs": 19022.162109375,
    "p_adj": 0.006993006993006993,
    "group_a": [
        "A0AA38IDA6_9CUCU_287-341",
        "A0A6G0U835_APHGL_286-340",
        "A0A5E4N2N8_9HEMI_279-333",
        "A0A6P7H9C2_DIAVI_287-341",
        "A0A6J2X8H8_SITOR_286-340",
        "A0A2S2PVP3_9HEMI_286-340",
        "A0A8R2A494_ACYPI_286-340",
        "A0AAD8A4F0_DIPPU_5-59",
        "A0AAE1H378_9NEOP_319-373",
        "A0A6J1SU56_FRAOC_291-345",
        "A0A9P0MJD6_ACAOB_286-340",
        "A0A834HSZ8_RHYFE_286-340",
        "A0A9P0D480_9CUCU_287-341",
        "N6TQY2_DENPD_291-345",
        "A0A9N9MYA5_9CUCU_286-340",
        "A0A6L2PYF8_COPFO_287-341",
        "A0A9N9SV98_DIABA_287-341",
        "A0A6G0ZE12_APHCR_286-340",
        "A0A1W4XC44_AGRPL_264-318",
        "A0A7T8KJK2_CALRO_254-308",
        "E4X8Y7_OIKDI_274-310",
        "A0A653D061_CALMS_286-340",
        "A0A9N9TUP3_PHYSR_287-341",
        "A0A8K0CCK4_IGNLU_290-344",
        "A0A1Y1KSF9_PHOPY_268-322",
        "A0A2J7PRC2_9NEOP_287-341",
        "D2A4N7_TRICA_280-334",
        "A0A553NF69_TIGCA_281-335",
        "A0A9P0L2J7_ACAOB_286-340",
        "A0A6P8ZKK9_THRPL_291-345",
        "A0A482W2G1_ASBVE_287-341",
        "A0A067RB34_ZOONE_286-340",
        "A0A9P0ATK1_BRAAE_286-340",
        "A0A8J6HM21_TENMO_287-341",
        "A0A9P0DEG8_PHACE_287-341",
        "E0VIR6_PEDHC_280-334",
        "A0A9P0IQG0_APHGO_286-340",
        "A0A834M1F6_RHYFE_286-340"
    ],
    "group_b": [
        "A0A8S4EXZ1_PLUXY_278-332",
        "A0A6J1RCT5_9HYME_285-339",
        "A0A8J2HR93_COTCN_289-343",
        "A0AA40G485_9HYME_284-338",
        "A0A9R1TAN4_9HYME_289-343",
        "B7PW19_IXOSC_272-326",
        "A0A9N9R6I2_9NEOP_278-332",
        "A0A195BDG0_9HYME_301-355",
        "A0A026WJ06_OOCBI_286-340",
        "A0AAJ7N6U4_9HYME_284-338",
        "A0A6I9WEW7_9HYME_283-337",
        "A0A834XJJ0_APHGI_289-343",
        "A0A6H5I3X5_9HYME_178-226",
        "A0A195F2I7_9HYME_302-356",
        "A0A7M7GAU4_NASVI_286-340",
        "A0A7M7JE11_VARDE_314-368",
        "A0A7M7JE05_VARDE_294-348",
        "A0A6V7HGR0_9HYME_255-309",
        "A0A8S3X466_PARAO_40-94",
        "A0A4C1VJD6_EUMVA_116-169",
        "A0A7R9LEL6_9ACAR_214-268",
        "A0A9Q0M945_BLOTA_2189-2242",
        "A0A7M7R6B7_APIME_284-338",
        "A0A9P0TQU1_PIEBR_278-332",
        "A0AAJ6YRV2_9HYME_286-340",
        "A0A151JPS5_9HYME_302-356",
        "A0AA39FDM2_MICHY_289-343",
        "A0A164RMY9_9CRUS_271-325",
        "A0A158NZS7_ATTCE_292-346",
        "A0A4Y7NGS8_9CRUS_271-325",
        "A0A6J3K548_9HYME_284-338",
        "E9GN54_DAPPU_271-325",
        "A0A836JTW1_9HYME_322-376",
        "A0A9J6EW08_RHIMP_247-301",
        "A0A151WPJ2_9HYME_304-358",
        "A0AA40G416_9HYME_177-231",
        "A0A6P3WX91_DINQU_285-339",
        "A0A7M7JER2_VARDE_311-365",
        "A0A6J0BMF1_NEOLC_286-340",
        "A0A7R9R0F1_9ACAR_222-276",
        "A0AAJ7N6D6_9HYME_284-338",
        "A0A1Y3ATA4_EURMA_296-350",
        "T1KTU1_TETUR_288-342",
        "A0A9P0N616_SPOLI_278-332",
        "A0AAJ6QMQ1_9ACAR_272-326",
        "A0A7E5X5L4_TRINI_278-332",
        "A0A0N1PIV6_PAPMA_278-332",
        "A0A834MX56_VESGE_286-340",
        "A0A836EXH2_9HYME_323-377",
        "A0A310SHG5_9HYME_284-338",
        "A0A9D4SZ85_RHISA_246-300",
        "A0A2A3E5Q9_APICC_284-338",
        "A0A834KQ43_VESPE_286-340",
        "A0A8J2WHI1_9CRUS_271-325",
        "A0A836FHN8_9HYME_323-377",
        "A0A6J1WV77_GALME_278-332",
        "A0AAD8DLG3_MYTSE_278-332",
        "A0A8J2R2G5_9NEOP_278-332",
        "A0A922I8P5_DERFA_298-352",
        "A0A2W1BC11_HELAM_278-332",
        "A0A8J9VYX8_9NEOP_278-308",
        "A0A0L7K4P8_OPEBR_278-332",
        "A0A0J7KPT1_LASNI_233-287",
        "A0A0M8ZRM6_9HYME_284-338",
        "F4WI92_ACREC_270-324",
        "A0A8J9YFX4_9NEOP_278-332",
        "E2A373_CAMFO_286-340",
        "A0AA88HH39_ARTSF_284-338",
        "A0AAD9RIJ0_9HYME_286-340",
        "A0A8B8HE64_VANTA_277-331",
        "A0A8S4R8N4_9NEOP_280-334",
        "A0A7M7ISU0_NASVI_216-270",
        "A0A834JE64_VESVU_286-340",
        "A0A4V6RGG2_9HYME_243-297",
        "A0A8R1WJC4_BOMMO_278-332",
        "A0A0L7R346_9HYME_284-338",
        "A0A132A7M2_SARSC_288-342",
        "A0A8S1B057_ARCPL_285-339",
        "A0A9J7EJT3_SPOLT_278-332",
        "A0A835L4Z9_SPOEX_278-332",
        "A0A922CZI0_MANSE_278-332",
        "A0A821XGV4_9NEOP_278-332",
        "A0A922D0Z5_MANSE_278-332",
        "E2BR56_HARSA_285-339",
        "A0A9J6GM79_HAELO_271-325",
        "A0A8S1C5N7_9INSE_260-314",
        "A0A212FCY6_DANPL_278-332",
        "A0A3S3RHM6_9ACAR_269-323",
        "A0A194Q518_PAPXU_278-332",
        "A0A195CNV6_9HYME_297-351",
        "A0A833WCI8_9HYME_286-332",
        "A0A1V9XS07_9ACAR_298-352",
        "A0AA39FUH5_9HYME_289-343",
        "A0A9D4PWQ7_RHISA_203-253",
        "A0A6P6Y1C7_DERPT_303-357"
    ],
    "folder_path": "/Users/idan_shabo/Documents/Thesis/pipeline_outputs/PF04064_outputs/sequence_embeddings/subfamily_33/significant_splits/rank4"
}