{
    "subfamily": 2,
    "rank": 1,
    "node_name": "0.879",
    "lambda_obs": 17774.7265625,
    "p_adj": 0.000999000999000999,
    "group_a": [
        "A0A4Q7E7Y4_9CYAN_477-528",
        "A0A916VAN7_9CYAN_478-528",
        "A0A926Z578_9CYAN_478-528",
        "A0A978S431_9CYAN_480-530",
        "A0A2P8WCN0_9CYAN_477-528",
        "A0A926W3J9_9CYAN_477-528",
        "A0A8J6WPH5_9CYAN_485-536",
        "A0A7T5JER2_9CYAN_477-528",
        "A0A928W0U0_9CYAN_477-528",
        "A0A930U5I5_9CYAN_477-528",
        "Q8DGY7_THEVB_477-526",
        "A0A8J7AS13_9CYAN_477-528",
        "A0A1U7JAZ9_9CYAN_477-528",
        "A0A978TAW7_9CYAN_101-152",
        "A0A0M2PXU1_PROHO_484-531",
        "A0A926YX50_9CYAN_482-530",
        "A0A930SSM5_9CYAN_477-528",
        "A0A256BBM3_9CYAN_478-528",
        "A0A978TWF8_9CYAN_477-527",
        "A0A1Z3HNU7_9CYAN_477-528"
    ],
    "group_b": [
        "E0UFN8_GLOV7_477-528",
        "B1X172_CROS5_478-528",
        "A0A1U7IH70_9CYAN_477-527",
        "A0A2T1BYI6_9CYAN_477-527",
        "A0A2Z5SZB8_9CYAN_477-528",
        "B4VXN7_9CYAN_477-527",
        "A0A1Z4RP15_9CHRO_478-529",
        "U5DJS3_9CHRO_478-528",
        "K9XJ74_9CHRO_477-527",
        "A0A8J6V4V7_9CYAN_478-528",
        "A0A926VEK1_9CYAN_477-527",
        "A0A926XRB4_9CYAN_478-529",
        "K9XZI8_STAC7_478-529",
        "A0A2T1CVU6_9CYAN_478-529",
        "K9WKE1_9CYAN_477-527",
        "Q4C7U3_CROWT_479-528",
        "A0A563VSA3_9CYAN_478-529",
        "A0A929B295_9CYAN_478-527",
        "D3ENY1_ATETH_479-528",
        "A0A1D8U1L6_9CYAN_478-527",
        "A0A964BUR4_9CYAN_478-529",
        "B7KAF0_GLOC7_477-528",
        "A0A951PMA3_9CYAN_477-527",
        "A0A5J4F4D3_MICAE_478-529",
        "A0A929FP49_9CYAN_477-527",
        "A0A928ZGY5_9CYAN_478-529",
        "A0A0D8ZV98_9CYAN_477-527",
        "A0A926Y771_9CYAN_477-527",
        "A0A926XGM5_9CYAN_477-527",
        "A0A401IMP5_APHSA_477-528",
        "K9W2N0_9CYAN_478-529",
        "B7JXA4_RIPO1_478-528",
        "A0A2T1EKC8_9CHRO_477-528"
    ],
    "folder_path": "/Users/idan_shabo/Documents/Thesis/pipeline_outputs/PF04423_outputs/sequence_embeddings/subfamily_2/significant_splits/rank1"
}