{
    "subfamily": 12,
    "rank": 1,
    "node_name": "0.762",
    "lambda_obs": 20193.5703125,
    "p_adj": 0.000999000999000999,
    "group_a": [
        "A0A9W9HQL2_9EURO_283-337",
        "A0A9W9SFX1_9EURO_283-337",
        "A0A2B7ZGL2_9EURO_285-339",
        "A0AAD6CA84_9EURO_297-351",
        "A0AAD6HE59_9EURO_282-336",
        "A0A9W9TFN8_9EURO_283-337",
        "A0A1Q5TGU4_9EURO_283-337",
        "A0A2B7WL97_9EURO_286-340",
        "E4V5Z2_ARTGP_283-337",
        "F2T146_TRIRC_283-337",
        "D4AP75_ARTBC_269-323",
        "A0A9W9LVD2_9EURO_283-337",
        "A0A1J9Q8N6_9EURO_374-428",
        "A0A059J1I3_TRIIM_276-330",
        "A0A080WQC0_TRIRC_177-231",
        "C5FGU2_ARTOC_285-339",
        "A0A1J9PXD5_9EURO_285-339",
        "A0A9P5CVN1_9EURO_283-337",
        "A0A179V179_BLAGS_285-339",
        "A0A8J8WHX3_9EURO_283-337",
        "A0AAD6CUZ5_PENGL_265-319",
        "A6RDD2_AJECN_274-328",
        "F0UHX3_AJEC8_285-339",
        "C0NYX9_AJECG_179-233",
        "C6H598_AJECH_285-339",
        "A0A8H7Z0N4_9EURO_285-339",
        "S7Z8J0_PENO1_283-337",
        "A0A9P8IA77_9PEZI_285-339",
        "A0A1L9RLD5_ASPWE_283-337",
        "A0A162IBH4_9EURO_287-341",
        "A0A9W9TZZ0_9EURO_283-337",
        "A0A1B7P131_9EURO_279-333",
        "A0A0F7TXH3_PENBI_283-337",
        "A0A9W9GDB8_9EURO_283-337"
    ],
    "group_b": [
        "A0A0J8S2B5_COCIT_333-387",
        "A1CC44_ASPCL_262-316",
        "A0AAD4KHV4_9EURO_283-337",
        "A0A421CZM5_9EURO_193-247",
        "B8MNV6_TALSN_286-340",
        "A0A8H4XUI0_9HYPO_221-275",
        "A0A0F4YS06_TALEM_296-350",
        "A0A1Q5QC48_9EURO_286-340",
        "A0AAF0DL32_9EURO_285-339",
        "A0A1L9T0Z2_9EURO_283-337",
        "E9DEH3_COCPS_285-339",
        "A0A443I682_BYSSP_283-337",
        "V5G1C4_BYSSN_283-337",
        "A0A1V6NR59_PENDC_283-337",
        "A0A2H3I6Y4_9EURO_286-340",
        "B6QTP2_TALMQ_609-663",
        "A0A9W9JK43_9EURO_283-337",
        "A0A0U1LZI5_TALIS_321-375",
        "A0A2B7YQR6_POLH7_285-339",
        "A0A7H8R2A7_TALRU_2960-3014",
        "A0A1L9SE99_9EURO_283-337",
        "A0A3D8SCU4_9EURO_283-337",
        "Q5AQM1_EMENI_235-289",
        "A0A0J8QVX7_COCIT_237-291",
        "A0A1L9Q5C0_ASPVE_283-337",
        "A0A7R7XQ41_9EURO_283-337",
        "C4JGP7_UNCRE_174-228",
        "J3K5L0_COCIM_285-339",
        "A0A364LA25_TALAM_221-275",
        "A0A0F8WP61_9EURO_283-337"
    ],
    "folder_path": "/Users/idan_shabo/Documents/Thesis/pipeline_outputs/PF04064_outputs/sequence_embeddings/subfamily_12/significant_splits/rank1"
}