{
    "subfamily": 6,
    "rank": 2,
    "node_name": "0.914",
    "lambda_obs": 14763.376953125,
    "p_adj": 0.000999000999000999,
    "group_a": [
        "A0A8B9WHA4_BOSMU_659-712",
        "A0A8C6IXD7_MELUD_659-712",
        "A0A7L3AHN5_9AVES_642-695",
        "A0A7L2GF90_NYCGR_659-712",
        "A0A8B9WB39_BOSMU_659-712",
        "A0A0Q3M2X7_AMAAE_676-729",
        "A0A7L3SSG1_RISTR_659-712",
        "A0A4W2D2X3_BOBOX_659-712",
        "A0A7K5YLP3_9AVES_659-712",
        "A0A5J5N340_MUNRE_698-751",
        "A0A7K4Z9N8_BUCAB_659-712",
        "A0A6J3DSU1_AYTFU_659-712",
        "A0A8B9WGW9_BOSMU_631-684",
        "A0A8B9WAW4_BOSMU_659-712",
        "G3X6W2_BOVIN_659-712",
        "A0A093IEJ8_EURHL_175-228",
        "A0A7L2YUB2_JACJC_668-721",
        "A0A8B9WH54_BOSMU_597-650",
        "A0A7L0LXV4_9PSIT_659-712",
        "A0A6P6EA60_OCTDE_394-447",
        "A0A7L1U7M6_PHANI_659-712",
        "A0A8B9G7L9_9PSIT_659-712",
        "A0A7K9V828_ANSSE_659-712",
        "A0A7L1I2V2_9CHAR_668-721",
        "A0A6P3GIX3_BISBB_659-712",
        "A0A452DTQ1_CAPHI_659-712",
        "A0A6P6E9U7_OCTDE_394-447",
        "A0A7K8SS66_9AVES_659-712",
        "A0A452DTR2_CAPHI_659-712",
        "A0A7L2V222_9AVES_659-712",
        "A0A7K6S351_9GRUI_659-712",
        "A0A852KKM6_UROIN_659-712",
        "A0A226MPU2_CALSU_659-712",
        "A0A091K8T8_COLST_659-712",
        "W5Q081_SHEEP_791-844",
        "A0A7L1M5J1_BOMGA_659-712",
        "A0A7K9Y9M7_9GALL_659-712",
        "L8IZD5_9CETA_659-712",
        "A0A6J0X5M3_ODOVR_597-650",
        "A0A8C6CUA2_MOSMO_659-712",
        "A0A091GX79_BUCRH_659-712"
    ],
    "group_b": [
        "A0A8C0USH7_CYACU_662-715",
        "A0A7L2BLV7_9PASS_659-712",
        "A0A8J4KA10_EUDMI_659-712",
        "A0A672TXQ1_STRHB_659-712",
        "A0A7K7USZ6_EUDEL_659-712",
        "A0A7L1EBD0_OENON_659-712",
        "A0A8C0UY60_CYACU_607-660",
        "A0A7K7GZU8_ERIRU_659-712",
        "A0A7L4MZW8_9AVES_668-721",
        "A0A8C0UYF7_CYACU_595-648",
        "A0A7L0IK99_PIPCL_661-714",
        "A0A8C3V5Z1_CATUS_659-712",
        "A0A093G363_DRYPU_665-718",
        "A0A8C0UY32_CYACU_574-627",
        "A0A7L4ECQ1_HIRRU_659-712",
        "A0A7L4G4W3_9COLU_659-712",
        "A0A7K8Y5P6_9PASS_659-712",
        "A0A7K6M4M7_PANBI_659-712",
        "A0A8C2UGR1_COTJA_659-716",
        "A0A7K7QNI3_POEAT_620-673",
        "A0A091S4Y1_NESNO_659-712",
        "A0A099YQH8_TINGU_659-715",
        "A0A8C0UY12_CYACU_567-620",
        "A0A8C0ZE20_CYACU_589-642",
        "A0A7L2D0Q3_CATFU_659-712",
        "A0A7L0WBJ8_ALELA_659-712",
        "A0A3M0JDG8_HIRRU_610-663",
        "A0A7K6G068_9CORV_659-712",
        "A0A8C0ZE25_CYACU_623-676",
        "U3KG88_FICAL_659-712"
    ],
    "folder_path": "/Users/idan_shabo/Documents/Thesis/pipeline_outputs/PF04423_outputs/sequence_embeddings/subfamily_6/significant_splits/rank2"
}