{
    "subfamily": 5,
    "rank": 2,
    "node_name": "0.898",
    "lambda_obs": 24468.490234375,
    "p_adj": 0.000999000999000999,
    "group_a": [
        "A0A452RGR3_URSAM_2-130",
        "F6VXA9_CALJA_2-130",
        "G3RJA4_GORGO_2-130",
        "A0A2K5PGK4_CEBIM_2-130",
        "A0A096P4S3_PAPAN_2-130",
        "A0A2K6UD14_SAIBB_2-130",
        "A0A2K5UX56_MACFA_2-130",
        "RT23_HUMAN_2-130",
        "A0A0D9R007_CHLSB_30-147",
        "A0A673V4V6_SURSU_2-130",
        "A0A2K5DIF5_AOTNA_2-130",
        "G1R9F5_NOMLE_4-129",
        "A0A2K6BSK0_MACNE_2-130",
        "A0A2I3FXS8_NOMLE_5-125",
        "A0A8I3WLF9_CALJA_2-129",
        "H2QDI1_PANTR_2-130",
        "J3QLR8_HUMAN_2-130",
        "A0A2U3YWR5_LEPWE_9-70",
        "M3W4J7_FELCA_2-130",
        "A0A2K6AXW4_MACNE_2-116",
        "A0A8C5XYK9_MICMU_2-130",
        "I0FN04_MACMU_2-130",
        "A0A8I3P0Z6_CANLF_2-130",
        "A0A2Y9IEX5_NEOSC_2-74",
        "A0A2Y9IC74_NEOSC_2-130",
        "A0A6J3I0H3_SAPAP_17-97",
        "A0A2K5MNG5_CERAT_5-109",
        "A0A2K6UD21_SAIBB_2-130",
        "H0XBA4_OTOGA_2-130",
        "A0A6G1B0V1_CROCR_1-58",
        "A0A5F4VTW1_CALJA_2-130",
        "A0A8B7G6G6_MICMU_2-130",
        "A0A673VE11_SURSU_2-130",
        "A0A485P3K0_LYNPA_17-143",
        "A0A8C0LNV4_CANLU_2-130",
        "A0A2J8W815_PONAB_2-130",
        "A0A6P6HB49_PUMCO_2-130",
        "A0A384CFV0_URSMA_1-111",
        "A0A8C7B6F9_NEOVI_2-130",
        "A0A6J3I164_SAPAP_2-130",
        "A0A2K6GF06_PROCO_2-130",
        "A0A2K5KWR8_CERAT_2-130",
        "A0A8I3S2A8_CANLF_67-187",
        "A0A8C3W427_9CETA_2-130",
        "A0A2K6KK13_RHIBE_2-130",
        "A0A667I6W8_LYNCA_2-130",
        "A0A8C8Z8F5_PROSS_2-130",
        "G1R9G0_NOMLE_2-130",
        "A0A3Q7NUC5_CALUR_2-130",
        "A0A384CG24_URSMA_2-130",
        "A0A6J1XBZ1_ACIJB_2-130",
        "A0A3Q7S0Y1_VULVU_33-152",
        "A0A8C8ZDY7_PROSS_2-130",
        "A0A8C9GD34_9PRIM_2-116",
        "A0A2K5DID3_AOTNA_2-130",
        "A0A3Q7T9S2_VULVU_2-130",
        "A0A2K6Q0Q6_RHIRO_2-130",
        "A0A2Y9K6W9_ENHLU_2-130",
        "F7FWQ8_MACMU_202-318",
        "A0A2K5YAJ9_MANLE_2-130",
        "A0A8J6AFX1_GALPY_1-115",
        "A0A2R8ZCT2_PANPA_2-130",
        "A0A8U0MM25_MUSPF_120-245",
        "A0A811XRC8_NYCPR_2-130",
        "G1L7F6_AILME_2-130",
        "A0A8C8XNN8_PANLE_2-130",
        "A0A6J0ABP7_ACIJB_2-130",
        "A0A8C9L4F0_PANTA_1-129",
        "L9KKD9_TUPCH_622-749",
        "A0A2K5JD21_COLAP_2-130",
        "A0A673V2H5_SURSU_2-130",
        "A0A8C9IVD1_9PRIM_2-130",
        "A0A8I3P8Y7_CANLF_2-130",
        "A0A2K6AH80_MANLE_1-102",
        "A0A2U3WA88_ODORO_2-130",
        "A0A8D2FWD8_THEGE_2-130",
        "A0A9X9PZF2_GULGU_108-226"
    ],
    "group_b": [
        "A0A8C6DP36_MOSMO_2-130",
        "L5M6W1_MYODS_2-130",
        "A0A5E4B9E6_MARMO_2-130",
        "A0A674JGR0_9SAUR_2-132",
        "A0A340XXL2_LIPVE_2-130",
        "A0A6P5DI71_BOSIN_2-130",
        "A0A9L0SWW5_HORSE_62-187",
        "A0AA97KLC2_EUBMA_2-132",
        "A0A8B7QWF2_HIPAR_2-130",
        "A0A6P3I9L2_BISBB_2-130",
        "A0A8B7VW32_CASCN_2-105",
        "A0A1U7QZ15_MESAU_2-130",
        "A0A8C7E685_NAJNA_2-133",
        "A0A8D0G7V4_SPHPU_2-132",
        "A0A8D2B7E3_SCIVU_3-120",
        "A0A8C3S3M6_CHESE_18-140",
        "A0A6I8PFJ7_ORNAN_57-185",
        "A0A7J8D016_MOLMO_2-130",
        "A0A5N4D330_CAMDR_2-130",
        "A0A9F2QWH3_PYTBI_2-132",
        "A0A8B7QTL1_HIPAR_2-130",
        "A0A7M4EVT9_CROPO_3-131",
        "A0A9L0TJI9_HORSE_26-142",
        "A0A1A6HYU8_NEOLE_2-130",
        "A0A6P5KPN9_PHACI_2-130",
        "A0A8I6AEU9_RAT_2-100",
        "A0A9B0WHD7_CHRAS_2-130",
        "S7N6E5_MYOBR_282-398",
        "A0A6P5DKJ0_BOSIN_2-130",
        "A0A4W2BVN4_BOBOX_2-130",
        "A0AAA9SID7_BOVIN_2-130",
        "A0A6J0Y9H1_ODOVR_2-130",
        "A0A2Y9FXH9_TRIMA_2-130",
        "A0A8C8RJV5_9SAUR_14-138",
        "A0A6P3R907_PTEVA_2-130",
        "A7M7Q8_MOUSE_1-111",
        "A0A5E4B9H0_MARMO_2-130",
        "G3VWQ9_SARHA_2-130",
        "A0A3Q0E1X8_CARSF_2-130",
        "A0A670YZ82_PSETE_2-133",
        "A0A803TR71_ANOCA_2-132",
        "F7ARZ1_MOUSE_15-73",
        "A0A8B7VXN7_CASCN_2-130",
        "A0A8J6G746_MICOH_1-111",
        "A0A8C2VSZ0_CHILA_2-130",
        "A0A5F9CUZ2_RABIT_2-130",
        "A0A341CHB0_NEOAA_2-130",
        "A0A287AEW3_PIG_28-147",
        "A0A8B8WAP2_BALMU_2-130",
        "A0A8D2LX58_VARKO_2-132",
        "G3SNX1_LOXAF_2-130",
        "A0A6P5DJE9_BOSIN_14-139",
        "A0A9L0K2P7_EQUAS_124-240",
        "G1SJI6_RABIT_2-130",
        "A0A212D6Y8_CEREH_91-222",
        "A0A6I9L2G0_PERMB_2-130",
        "I3M8D9_ICTTR_1-111",
        "A0A6I9IQP9_VICPA_2-130",
        "A0A484GHP9_SOUCH_2-130",
        "A0A8C6HW87_MUSSI_2-130",
        "A0A3Q1M7M3_BOVIN_14-139",
        "A0A7J8GD97_ROUAE_2-130",
        "A0A6P6BMC0_PTEVA_2-130",
        "A0A8C3HAH5_CHRPI_2-132",
        "G5C424_HETGA_2-130",
        "D3ZIN7_RAT_2-130",
        "A0A8C5K225_JACJA_1-111",
        "A0A4U1EVY0_MONMO_2-130",
        "A0A1U7TR50_CARSF_2-130",
        "A0A5F8HLY2_MONDO_2-130",
        "RT23_BOVIN_2-130",
        "A0A6J2MEG1_9CHIR_2-130",
        "A0A8C0IWG3_CHEAB_1-131",
        "A0A7J7TK81_PIPKU_2-130",
        "A0A671FFK0_RHIFE_2-130",
        "A0A6J1V6F4_9SAUR_2-133",
        "A0A9L0SYV4_HORSE_31-152",
        "H0VD26_CAVPO_2-130",
        "A0A8C6YAJ8_NAJNA_2-133",
        "A0A8C6HWT9_MUSSI_2-100",
        "A0A6J0T1W1_9SAUR_2-132",
        "A0A7J8D001_MOLMO_2-130",
        "A0A8C6A618_MARMA_2-130",
        "A0A5F5Q2T9_HORSE_2-130",
        "A0A8C4L505_EQUAS_2-130",
        "A0A8B7AIK1_ORYAF_2-130",
        "A0A643CHF1_BALPH_1-115",
        "A0A9W3GQ40_CAMBA_2-130",
        "A0A9W3EJK4_CAMBA_2-130",
        "A0A8C9NZF4_SPEDA_2-130",
        "M7CAL3_CHEMY_353-472",
        "A0A1U8DJP0_ALLSI_110-234",
        "A0A8C5RDW6_LATLA_2-132",
        "A0A9L0TGN8_HORSE_28-147",
        "A0A8D2B827_SCIVU_2-130",
        "A0A6I9YNU5_9SAUR_1-109",
        "A0A2U3V0T7_TURTR_2-130",
        "A0A2Y9FPZ8_PHYMC_2-130",
        "A0A8D0DNH5_SALMN_45-175",
        "A0A1S3EIU0_DIPOR_2-130",
        "A0A6P3FGE7_OCTDE_2-130",
        "RT23_MOUSE_2-130",
        "A0A8D2HQS9_UROPR_2-130",
        "A0A9Q0XDB7_9SAUR_1-108",
        "Q3TI14_MOUSE_1-111",
        "A0A7J7TL36_PIPKU_2-130",
        "A0A4D9F496_9SAUR_9-131",
        "A0A670K346_PODMU_2-132",
        "A0A6J0Y9V5_ODOVR_2-130",
        "A0A5J5MMN2_MUNRE_2-130",
        "A0AAD4Y4C9_OVIAM_2-130",
        "L8HMZ9_9CETA_2-130",
        "A0AA40HHH3_CNENI_2-130",
        "F1MZW1_BOVIN_9-132",
        "A0A091DS75_FUKDA_409-536",
        "A0A6I9ILV0_VICPA_2-130",
        "A0A6P3IH01_BISBB_2-130",
        "A0A8B7VWT7_CASCN_2-105",
        "A0A5N3X2B0_MUNRE_2-130",
        "A0A151N5Y1_ALLMI_3-131",
        "A0A8D2HKK9_UROPR_1-117",
        "A0A8B7W155_CASCN_2-130",
        "A0A4X2L119_VOMUR_2-130",
        "A0AA35PR63_9SAUR_2-132",
        "A0A8C9C4J2_PHOSS_2-130",
        "A0A2Y9LHY8_DELLE_2-130",
        "A0A8C3FST9_CHRPI_2-114",
        "A0A8B9XTH9_BOSMU_14-139",
        "G3H1E0_CRIGR_2-130",
        "A0A8C3FV14_CHRPI_2-113",
        "A0A8C6R4N1_NANGA_1-111",
        "A0A7J7TKC1_PIPKU_2-99",
        "A0A7J7T6S6_MYOMY_1-111",
        "A0A1S3AM51_ERIEU_2-130",
        "F6QPW3_HORSE_4-121",
        "A0A7N4PAJ9_SARHA_2-130",
        "A0A7J7T7G6_MYOMY_2-130",
        "A0A8C9C9A4_PHOSS_2-130",
        "A0A9D3XGV5_9SAUR_2-132",
        "W5PDS7_SHEEP_2-130",
        "A0A9L0IX43_EQUAS_62-187",
        "A0A6I8NKX2_ORNAN_29-147",
        "A0A8C5K057_JACJA_2-99",
        "A0A8B9XQ08_BOSMU_2-130",
        "A0A6P5DI21_BOSIN_14-139",
        "G1PAR0_MYOLU_2-130",
        "A0A383ZMS9_BALAS_2-130",
        "L5JQK5_PTEAL_2-130",
        "A0A452FAI7_CAPHI_2-130",
        "A0A452HL46_9SAUR_2-132",
        "Q5SXC9_MOUSE_2-100",
        "A0A1U7TT51_CARSF_2-130",
        "A0A671FPQ1_RHIFE_2-130",
        "A0A7J7EJL5_DICBM_1-115",
        "A0A8C4YGQ2_9SAUR_2-132",
        "A0AA41NHU5_SCICA_2-130",
