{
    "subfamily": 30,
    "rank": 4,
    "node_name": "0.682",
    "lambda_obs": 21465.544921875,
    "p_adj": 0.000999000999000999,
    "group_a": [
        "G5C5T6_HETGA_239-293",
        "A0A8C3YTE6_9CETA_296-350",
        "A0A2Y9H2L7_NEOSC_303-357",
        "A0A8M1FNE7_URSMA_303-357",
        "A0A667HVR3_LYNCA_303-357",
        "A0A8C0L2H8_CANLU_289-343",
        "M3X5B2_FELCA_294-348",
        "A0A6I9LS87_PERMB_284-338",
        "H0VZX9_CAVPO_295-349",
        "A0A8U0T6L6_MUSPF_355-409",
        "A0A2Y9JA16_ENHLU_303-357",
        "A0A8C6EQJ2_MARMA_5-59",
        "A0A3Q7RCS4_VULVU_181-235",
        "A0A287AMW7_PIG_323-377",
        "A0A6P3FJM9_OCTDE_301-355",
        "A0A4U1F4H2_MONMO_303-357",
        "A0A8C2YR78_CHILA_297-351",
        "I3LR72_PIG_290-344",
        "A0A8C6RP97_NANGA_291-345",
        "A0A6G1B6D5_CROCR_196-250",
        "A0A8C8YBE0_PANLE_294-348",
        "G3HWI0_CRIGR_299-353",
        "A0A1U7RCU9_MESAU_299-353",
        "A0A8C9EBK9_PHOSS_303-357",
        "A0A2U3V2B9_TURTR_303-357",
        "A0A2Y9LN75_DELLE_303-357",
        "A0A9B0LJW9_ODORO_1990-2044",
        "A0A2Y9FA23_PHYMC_303-357",
        "A0A8I3RUE8_CANLF_305-359",
        "A0A8C9PRC7_SPEDA_5-59",
        "A0A8C6HZD9_MUSSI_299-353",
        "A0A8C5LFT4_JACJA_297-351",
        "I3NA97_ICTTR_268-322",
        "HGH1_MOUSE_299-353",
        "A0A091DK40_FUKDA_150-204",
        "A0A2Y9E5S4_TRIMA_399-453",
        "A0A452C3J6_BALAS_114-168",
        "A0A6J1ZS39_ACIJB_303-357",
        "A0A341B268_NEOAA_303-357",
        "A0A8C9JNZ8_PANTA_5-59",
        "A0A340XTR3_LIPVE_303-357",
        "A0A6I9IFR8_VICPA_164-218",
        "A0A8B8VQJ5_BALMU_303-357",
        "A0A484GPU8_SOUCH_303-357",
        "A0A812A145_NYCPR_305-359",
        "A0A452SV05_URSAM_287-341",
        "A0A643C8A0_BALPH_91-145",
        "A0A1A6GLQ2_NEOLE_299-353",
        "A0A8J6L8K0_MICOH_311-365",
        "A0A2U3YRM6_LEPWE_307-361",
        "A0AA41MJ67_SCICA_299-353",
        "G1LHD8_AILME_30-84",
        "HGH1_RAT_299-353",
        "A0A1U7UQN6_CARSF_278-332",
        "A0A286XAB3_CAVPO_303-357",
        "A0A3Q7QFX7_CALUR_401-455",
        "A0A8C7C3N3_NEOVI_294-348",
        "A0A1S2Z9X1_ERIEU_307-361",
        "A0A8D2AN82_SCIVU_299-353",
        "A0A9W3EYD6_CAMBA_30-84",
        "A0A8D2IJU3_UROPR_299-353",
        "A0A1S3GM38_DIPOR_123-177",
        "A0A9X9Q0W5_GULGU_199-253",
        "A0A5N4CGA1_CAMDR_244-298",
        "A0A6P6HSC6_PUMCO_101-155"
    ],
    "group_b": [
        "A0A8I5N9N2_PAPAN_294-348",
        "A0A6P5CVJ1_BOSIN_282-336",
        "A0A2K5ZRQ7_MANLE_5-59",
        "W5PZ26_SHEEP_186-240",
        "A0A2K6DVR8_MACNE_292-346",
        "A0A5N3XD99_MUNRE_282-336",
        "G1QG23_MYOLU_155-209",
        "A0A8B7B299_ORYAF_414-468",
        "H0WW95_OTOGA_293-347",
        "F6ZNJ9_HORSE_272-326",
        "F6X2L2_MACMU_30-84",
        "HGH1_HUMAN_292-346",
        "A0A2K5Q6N9_CEBIM_290-344",
        "A0A671FYC4_RHIFE_303-357",
        "A0A2I3TKS7_PANTR_299-353",
        "A0A671FXM8_RHIFE_296-350",
        "A0A2K5EHM2_AOTNA_292-346",
        "L5KMC4_PTEAL_284-338",
        "A0A9B0WFJ2_CHRAS_373-427",
        "A0A2K6S4Z7_SAIBB_30-84",
        "A0A2K6F1F9_PROCO_288-342",
        "A0A0D9R8K2_CHLSB_292-346",
        "A0A8C9ATT3_PROSS_285-339",
        "L8IF99_9CETA_296-350",
        "A0A9L0R0F1_HORSE_305-359",
        "G1R072_NOMLE_5-54",
        "A0A7J8BAE0_MOLMO_306-360",
        "A0A8B7QB17_HIPAR_301-355",
        "A0A8B7G290_MICMU_295-349",
        "A0A9L0RKT2_HORSE_296-350",
        "A0A452G040_CAPHI_294-348",
        "A0A7J7RL72_PIPKU_311-365",
        "A0A5F7ZL69_MACMU_292-346",
        "H2QWW1_PANTR_292-346",
        "A0A8J6DP41_GALPY_305-359",
        "A0A7J7ENB0_DICBM_307-361",
        "A0A8C6EDC0_MOSMO_282-336",
        "F1MW97_BOVIN_282-327",
        "A0A8B9XD33_BOSMU_282-336",
        "A0A2K6P5G4_RHIRO_221-275",
        "A0A8C0XJK5_CASCN_297-351",
        "A0A2R9C2U9_PANPA_30-84",
        "A0A2K5III9_COLAP_30-84",
        "A0A2K6MUS4_RHIBE_30-84",
        "G3T657_LOXAF_299-353",
        "A0A212CEI0_CEREH_254-301",
        "G3QIX2_GORGO_292-346",
        "A0A7J8C1X8_ROUAE_299-353",
        "A0A8C9AWH8_PROSS_295-349",
        "A0A6J3G202_SAPAP_290-344",
        "A0A8D2FLP1_THEGE_294-348",
        "A0A9L0T677_HORSE_130-184",
        "A0A2K5NDQ6_CERAT_292-346",
        "A0A7J7R3L2_MYOMY_305-359",
        "A0A8C4PLT2_EQUAS_303-357",
        "F7DBD3_CALJA_499-553",
        "A0A6P3QZP1_PTEVA_297-351",
        "H2PRG0_PONAB_292-346",
        "A0AAD4U3Y0_OVIAM_282-336",
        "A0A6J2NCD6_9CHIR_362-416",
        "L8YF21_TUPCH_270-324",
        "A0AA40HIE6_CNENI_341-395",
        "A0A4W2C0S4_BOBOX_282-336",
        "A0A6J0WPL9_ODOVR_282-336"
    ],
    "folder_path": "/Users/idan_shabo/Documents/Thesis/pipeline_outputs/PF04064_outputs/structure_embeddings/subfamily_30/significant_splits/rank4"
}