{
    "subfamily": 17,
    "rank": 1,
    "node_name": "0.900",
    "lambda_obs": 21695.443359375,
    "p_adj": 0.000999000999000999,
    "group_a": [
        "A0AAJ8M3J5_9TREE_95-169",
        "A0AA38HB20_9TREE_95-169",
        "A0A1A5ZVV3_9TREE_77-151",
        "A0A5C5FYX8_9BASI_87-161",
        "A0AAF0Y8J0_9TREE_95-169",
        "A0A427XQP1_9TREE_95-169",
        "A0A8H3TWM6_9TREE_95-169",
        "A0A1E3I309_9TREE_77-151",
        "A0A4V5NCW5_9BASI_87-161",
        "A0A194S0V2_RHOGW_95-169",
        "A0AAJ8MZG1_9TREE_77-151",
        "A0A1B9IGL1_9TREE_115-189",
        "A0A1E3I2P9_9TREE_12-86",
        "A0A1B9GUG6_9TREE_77-151",
        "A0AAD9CX54_PAPLA_95-169",
        "K1VSS4_TRIAC_95-169",
        "A0A1Y2B9U9_9TREE_95-169",
        "A0AAJ8M5U3_9TREE_95-169",
        "A0AAJ8L9G5_9TREE_77-151",
        "Q5KNK2_CRYNJ_95-169",
        "A0A8K0JTM2_9TREE_77-151",
        "A0A0D0V4R9_9TREE_95-169",
        "A0A4Q1BUZ5_TREME_95-169",
        "A0A0K3C4B5_RHOTO_87-161",
        "A0A1Y1USI5_9TREE_95-169",
        "A0A109FHW5_9BASI_87-161",
        "A0A1Y2E285_9BASI_95-169",
        "A0A427Y781_9TREE_117-191",
        "A0A1E3I347_9TREE_77-151",
        "A0A2S5B8X7_9BASI_75-149",
        "A0A9P3E675_9TREE_95-169"
    ],
    "group_b": [
        "A0A5B2V542_9BACT_1-28",
        "A0A5C3E823_9BASI_77-151",
        "A0AAF0JKM6_9BASI_95-169",
        "A0A4Y9ZV33_9AGAM_95-169",
        "A8Q9L1_MALGO_120-194",
        "A0A5B1QIZ8_9AGAM_95-169",
        "A0A4T0J3E7_WALIC_104-178",
        "R9AHB6_WALI9_104-178",
        "A0AAF0EVG5_9BASI_95-169",
        "A0A8H8MA86_9AGAM_250-324",
        "A2DBB7_TRIV3_95-169",
        "A0A8X7NA63_9BASI_95-169",
        "A0A165HLZ6_9BASI_95-169",
        "V5GHI8_KALBG_95-169",
        "A0A316UHR5_9BASI_114-188",
        "A0A0M9VNT2_9BASI_95-169",
        "A0A5N5QU88_9AGAM_77-151",
        "A0A0D7A4X4_9AGAR_95-169",
        "A0A316YUN3_9BASI_87-161",
        "A0A4T0FK69_9BASI_93-167",
        "A0A316VEQ9_9BASI_95-169",
        "A0A5C3E4B8_9BASI_77-151",
        "A0AB34K5G3_PRYPA_95-169",
        "A0A2N1JBE3_9BASI_95-169",
        "A0A0K6G801_9AGAM_9-83",
        "R9P5V3_PSEHS_77-151",
        "A0A1J4JN59_9EUKA_95-169",
        "A0A4Y9ZAH9_9AGAM_1085-1159",
        "A0AAJ6QN15_9ACAR_95-169",
        "A0A166JGX9_9AGAM_95-169",
        "I4YJC5_WALMC_93-167",
        "A0AAF0J4H9_9BASI_95-169",
        "A0A1J4KHW1_9EUKA_95-169",
        "A0AAF0ECZ8_9BASI_641-715",
        "A0A8X7SXU1_9BASI_95-169",
        "A0A0C3QRU8_9AGAM_95-169",
        "A0A3G2S2R3_MALR7_95-169",
        "R7S019_STEHR_95-169",
        "A0AAE1QPZ6_9SOLA_95-169",
        "K5VV35_PHACS_77-151",
        "A0A9P5T8P3_9AGAM_95-169",
        "A0A2R6NHL9_9APHY_30-104",
        "A0A1J4KL41_9EUKA_101-175",
        "A0A1V9XX23_9ACAR_95-169",
        "A2ECC6_TRIV3_109-183",
        "A0A8H8M5S4_9AGAM_250-324",
        "L1J6G7_GUITC_95-169",
        "A0A0B7FXT4_THACB_95-169",
        "M5G4W6_DACPD_77-151",
        "A0A4Y7TGE6_COPMI_96-170",
        "A0A316Z6H5_9BASI_136-210",
        "A0A9P3GLK6_9APHY_95-169",
        "A0A550CL17_9AGAR_95-169",
        "A0A5C3EWK3_9BASI_77-151",
        "A0A167S3Q3_CALVF_95-169",
        "A0A8J5X7B0_DIALT_96-170",
        "L8WIU2_THACA_163-237",
        "A0A9P8BAS7_9AGAM_95-169",
        "A0AAD4LQ40_9AGAM_127-194",
        "A0A9P5JUJ9_9AGAM_99-173",
        "A0A5E3X549_9AGAM_95-169",
        "A0A8H5FGJ6_9AGAR_95-169",
        "A0A0D3JEA8_EMIH1_95-149",
        "A0AAF0JB99_9BASI_95-169",
        "A0A0D1DZD2_MYCMD_95-169",
        "A2FC75_TRIV3_95-169",
        "A0A8H8TQD1_9BASI_964-1038",
        "A0A9W8MLA7_9AGAR_408-482",
        "A0A316U4Y0_9BASI_95-169",
        "A0A317XWG4_9BASI_103-177",
        "M5EBL2_MALS4_95-169",
        "A0A4Q2DTW3_9AGAR_407-481",
        "A0A074S988_9AGAM_95-169",
        "M9MAM4_PSEA3_146-220",
        "A0AAF0DSL3_9BASI_755-829",
        "A0A081CCG8_PSEA2_179-253",
        "A0AAD6YSK7_9AGAR_356-428",
        "A0A0P1BCS0_9BASI_95-169",
        "A0A4T0Q9N1_9BASI_95-169",
        "A0A177TDZ2_9BASI_95-169",
        "A0A066VRJ1_TILAU_95-169",
        "A0A9W8MM46_9AGAR_408-482",
        "A0AAF0E783_9BASI_690-764",
        "A0AAF0DXE3_9BASI_555-629",
        "A0A1J4JSB1_9EUKA_95-169",
        "A0A061H6Y8_9BASI_77-151",
        "A0A0C3PFV4_PHLG1_94-168",
        "A0AAD4MAK6_9AGAM_95-169",
        "D8Q145_SCHCM_95-169",
        "A0A7M7JZV8_VARDE_95-169",
        "A0AAJ4XM34_9BASI_77-151",
        "A0A316VZT0_9BASI_148-222"
    ],
    "folder_path": "/Users/idan_shabo/Documents/Thesis/pipeline_outputs/PF00900_outputs/structure_embeddings/subfamily_17/significant_splits/rank1"
}