{
    "subfamily": 7,
    "rank": 2,
    "node_name": "0.855",
    "lambda_obs": 7142.99072265625,
    "p_adj": 0.000999000999000999,
    "group_a": [
        "I1C4C3_RHIO9_95-169",
        "A0A0C9MF47_9FUNG_95-169",
        "A0A0B7NKQ4_9FUNG_87-161",
        "A0A9P6WRX6_RHIOR_9-76",
        "S2JL32_MUCC1_87-161",
        "A0A367INS9_RHIST_94-168",
        "A0A9P6WXU2_RHIOR_95-169",
        "A0A0B7NHH0_9FUNG_95-169",
        "A0A8H7UQW8_9FUNG_95-169",
        "A0A9P6Z171_9FUNG_95-169",
        "A0A2G4SUV8_RHIZD_87-161",
        "I1CNU9_RHIO9_95-169",
        "A0A168HVT6_MUCCL_95-169",
        "A0A8H7SWI6_9FUNG_94-168",
        "A0A2G4T2P7_RHIZD_87-161",
        "I1BTL8_RHIO9_95-169",
        "A0A1X0S6N1_RHIZD_136-210",
        "A0A9P7CM58_9FUNG_95-169",
        "A0A1X0RV55_RHIZD_95-169",
        "A0A367KQE9_RHIST_95-169",
        "A0A8H7QRD8_9FUNG_95-169",
        "A0A1C7NGJ7_9FUNG_95-169",
        "A0A367IL16_RHIAZ_83-157",
        "A0A8H7VA83_9FUNG_95-169",
        "A0A8H7VVE8_9FUNG_95-169",
        "A0A9P7CKC1_9FUNG_116-190",
        "A0A367KDI6_RHIAZ_95-169"
    ],
    "group_b": [
        "A0A068SHG9_9FUNG_87-161",
        "A0A1X2HX47_9FUNG_95-169",
        "A0A1X2HNE3_SYNRA_109-183",
        "A0A1X2IGQ8_9FUNG_95-169",
        "A0A9P6TM99_9FUNG_87-161",
        "A0A168Q9E8_ABSGL_95-169",
        "A0A163V0J3_ABSGL_95-169",
        "A0A8H7BWQ6_9FUNG_95-169",
        "A0A162N687_PHYB8_95-169",
        "A0A1X2GIB2_9FUNG_95-169",
        "A0A1X2HJB9_SYNRA_95-169",
        "A0AAD5K554_9FUNG_95-169",
        "A0A162TNQ6_PHYB8_95-169",
        "A0A1X2IA64_9FUNG_87-161",
        "A0A1X2GH09_9FUNG_95-169",
        "A0A8H7SD15_9FUNG_95-169",
        "A0A8H7ENR2_9FUNG_95-169",
        "A0A9P6PHU6_9FUNG_103-177",
        "A0A068RRY9_9FUNG_95-169",
        "A0A1X2IBS0_9FUNG_110-184"
    ],
    "folder_path": "/Users/idan_shabo/Documents/Thesis/pipeline_outputs/PF00900_outputs/structure_embeddings/subfamily_7/significant_splits/rank2"
}