{
    "subfamily": 26,
    "rank": 1,
    "node_name": "0.000",
    "lambda_obs": 13500.55078125,
    "p_adj": 0.000999000999000999,
    "group_a": [
        "A7I5Q1_METB6_90-163",
        "A0B9V8_METTP_89-161",
        "A0A0X3BNB8_9EURY_90-162",
        "F4BZV1_METSG_91-163",
        "A0A8G1A2X3_9EURY_89-162",
        "RS4E_METHJ_90-163",
        "A0A2V2MXK8_9EURY_90-163",
        "A0A498GYH2_9EURY_90-163",
        "A0A483CUX5_9EURY_90-163",
        "A0A8J7WAI5_9EURY_89-159",
        "H1YWQ4_9EURY_90-164",
        "A0AAE4ME08_9EURY_89-162",
        "I7J9G2_METBM_90-163",
        "A0AAF0JU74_9EURY_90-163",
        "B8GKE5_METPE_90-163",
        "A0A9X9T8P3_METOG_90-164",
        "G7WMR5_METH6_68-140",
        "E1RKD5_METP4_90-164",
        "L0HHX8_METFS_90-163",
        "A2SPL4_METLZ_89-162"
    ],
    "group_b": [
        "RS4E_METAR_92-163",
        "A0A484F544_9EURY_89-162",
        "L0KXI9_METHD_91-163",
        "RS4E_METAC_90-162",
        "RS4E_ARCFU_91-162",
        "D3RXU4_FERPA_88-159",
        "A0A8T9VR37_9EURY_88-162",
        "N0BD32_9EURY_88-159",
        "A0A0E3WZD3_METMT_91-163",
        "F7XMQ1_METZD_91-163",
        "H8IAJ2_METCZ_93-164",
        "A0AAE4MKB0_9EURY_89-162",
        "A0A2R6T759_UNCAD_88-163",
        "A0A0F7DC59_9EURY_88-159",
        "A0A4E0QY48_9EURY_91-163",
        "D2RE54_ARCPA_88-159",
        "A0A1Q6DX36_METT1_88-162",
        "A0A5B9D894_9ARCH_99-175",
        "D5E6R5_METMS_91-163",
        "A0A0E3NYA6_9EURY_90-162",
        "F2KST9_ARCVS_88-159",
        "D7E8S3_METEZ_91-163",
        "A0AA51UDZ8_9EURY_91-163"
    ],
    "folder_path": "/Users/idan_shabo/Documents/Thesis/pipeline_outputs/PF00900_outputs/structure_embeddings/subfamily_26/significant_splits/rank1"
}