{
    "subfamily": 8,
    "rank": 1,
    "node_name": "0.807",
    "lambda_obs": 323.115966796875,
    "p_adj": 0.000999000999000999,
    "group_a": [
        "A8T8T0_9VIBR_26-106",
        "U4KHH7_9VIBR_26-105",
        "A0A090TEF6_9VIBR_26-106",
        "A0A0F4NKP5_9VIBR_26-105",
        "E3BIM1_9VIBR_26-105",
        "A0A853R9L6_9VIBR_26-106",
        "A0A0C3IBU0_9VIBR_26-105",
        "A0A7Y4C4Z1_9VIBR_26-106",
        "A0AAN1CX26_VIBNA_26-106",
        "METJ_VIBCH_26-105",
        "A0A9X3HSS9_9VIBR_26-106",
        "A0A099MNM5_9VIBR_26-105",
        "A0A9X0UHY0_VIBME_26-105",
        "A0A7X8TSJ9_9VIBR_26-105",
        "A0A6I5J1M6_9VIBR_26-105",
        "A0A0C2JT03_9VIBR_26-105",
        "A0A2N7DI47_9VIBR_26-105",
        "A0A5P9CHK4_9VIBR_26-106",
        "U3C6I4_9VIBR_26-106",
        "A0A1B9QR67_9VIBR_26-105",
        "A0A1R4LLP3_VIBR1_26-105",
        "A0A1G8EW78_9VIBR_26-106",
        "A0A109D7K6_9VIBR_26-105",
        "A0A3A2HUE7_9VIBR_26-106",
        "A0A1E5E6X3_9VIBR_26-105",
        "A0A7Z2T0L2_9VIBR_26-106",
        "A0A1R4B756_9VIBR_26-105",
        "Q5E2I3_ALIF1_26-106",
        "A0A9X2B0L0_9VIBR_26-106",
        "A0A240EM90_9VIBR_26-106",
        "A0A3N9U0W4_9VIBR_26-106",
        "A0A1M5UEJ5_9VIBR_26-106",
        "A0A6G7CF02_9VIBR_26-105",
        "A0A975U9J0_9VIBR_26-105",
        "U3BIT5_VIBPR_26-105",
        "A0AAU8WJS2_9VIBR_26-105",
        "A0A1X1MX38_9VIBR_26-106",
        "A0A0M0HLE5_VIBNE_26-105",
        "A0A0Q2RR53_VIBFU_26-105",
        "A0A2N8ZFX1_9VIBR_26-106",
        "A0A7X4LHY9_9VIBR_26-105",
        "A0A1E5D2E5_9VIBR_26-106"
    ],
    "group_b": [
        "A0A2N0WWL7_9GAMM_27-97",
        "A0A368N7E8_9GAMM_26-105",
        "A0A418YI01_9GAMM_27-106",
        "M4UI09_9GAMM_27-84",
        "K2KIF7_9GAMM_26-105",
        "A0A2N1A0B5_9GAMM_27-97",
        "A0A366W1T1_9GAMM_27-95",
        "A0AA37EYS6_9ALTE_27-99",
        "A0AA37TJ11_9GAMM_26-105",
        "A0A4Y7ZSS7_9GAMM_27-89",
        "A1SR19_PSYIN_27-96",
        "A0AA37RXR0_9GAMM_26-106",
        "U3B547_9VIBR_26-105",
        "A0A2M8GWA9_9VIBR_26-105",
        "A0AA41W3U4_9GAMM_27-107",
        "C4L7V8_TOLAT_27-106",
        "A0A420E637_9ALTE_27-90",
        "A0A8J6UMI3_9GAMM_27-108",
        "A0A0B8NKX4_9VIBR_32-111",
        "A0A2N0WLR3_9GAMM_26-105",
        "A0A316G1R2_9GAMM_26-86"
    ],
    "folder_path": "/content/drive/MyDrive/Thesis/protein_data/PF01340_outputs/sequence_embeddings/subfamily_8/significant_splits/rank1"
}