{
    "subfamily": 23,
    "rank": 4,
    "node_name": "0.978",
    "lambda_obs": 53249.98046875,
    "p_adj": 0.000999000999000999,
    "group_a": [
        "A0A7X1FTG7_9SPHN_322-408",
        "A0A844XH56_9SPHN_321-407",
        "A0A2Z5Z1Y4_9SPHN_321-407",
        "A0A7C9PJW8_9BURK_321-407",
        "A0A501WNL5_9GAMM_322-408",
        "A0A6I4USR2_9SPHN_323-409",
        "A0A9X3EL40_9GAMM_321-407",
        "A0A0G9MVL2_9SPHN_322-408",
        "A0A1T4VZ19_9GAMM_321-407",
        "A0A919CR45_9PROT_321-407",
        "A0A7X1FVJ8_9SPHN_322-408",
        "A0A543ISB0_9ACTN_322-408",
        "A0A2G1QKG6_9HYPH_321-407",
        "A0A0T2Q5G8_9SPHN_321-407",
        "A0A844YZX1_9SPHN_323-409",
        "A0A1M5JGJ0_9ALTE_320-406",
        "A0A3S2UUY3_9SPHN_321-407",
        "A0A1A8TJZ6_9GAMM_184-270",
        "W8X2Q5_CASD6_321-407",
        "A0A844ZK78_9SPHN_322-408",
        "A3VK30_9RHOB_321-407",
        "A0A3A1P7S4_9SPHN_322-408",
        "A0A1G8F9Z7_9VIBR_322-408",
        "A0ABF7Q1Y7_BRASB_321-407",
        "A0A940G254_9SPHN_321-407",
        "G2IKE5_SPHSK_321-407",
        "A0A0F7KWM6_9SPHN_321-407",
        "A0A6I4U0Z1_9SPHN_323-409",
        "A0A7X1FRZ5_9SPHN_322-408",
        "A0A9X1DAV8_9SPHN_321-407",
        "A0A6I4STI5_9SPHN_322-408",
        "A0A844Z5M6_9SPHN_322-408",
        "A0A2R8AZK6_9RHOB_321-407",
        "A0A0P6XBC1_9SPHN_323-409",
        "A0A940YLQ2_9BURK_321-407",
        "A0A0P6WNV5_9SPHN_322-408",
        "A0A4T0UUT5_9ACTN_321-407",
        "A0A4T3EYL0_9SPHN_321-407",
        "A0A4T3F0P3_9SPHN_323-409",
        "A4YP98_BRASO_321-407",
        "A0A6G7CQE9_9VIBR_322-408",
        "A0A1E7Z9V9_9ALTE_320-406",
        "A0A844ZPI1_9SPHN_323-409"
    ],
    "group_b": [
        "W1DU60_KLEPN_215-301",
        "A0A318H2S8_9BURK_321-407",
        "A0A2U1W2M2_9PROT_322-408",
        "E8RUG8_ASTEC_323-409",
        "A0A7Z2W103_9BURK_325-411",
        "A0A0Q6XUF7_9BURK_321-407",
        "A0A970BB89_9GAMM_322-408",
        "A0A240BXL3_SERFI_321-407",
        "A0A378ASL9_KLEPO_1-74",
        "A0A562QWI3_9BURK_325-411",
        "A0A069I3D4_9BURK_324-410",
        "A0A7Z2GP21_9BURK_322-408",
        "A0A6M4GVY8_9PROT_321-407",
        "A0A2S7K4A2_9PROT_322-408",
        "A0A9X1YIA7_9BURK_321-407",
        "A0A0H3H4Q3_KLEPH_323-409",
        "A0A7G8VXK7_9BURK_321-407",
        "A0A3S0JZZ2_9BURK_321-407",
        "A0A2I5TBJ8_SERS3_321-407",
        "A0A7Z2G9P6_9BURK_322-408",
        "A0A0H3KY16_BURM1_321-407",
        "A0A1H1HAN3_9BURK_321-407",
        "A0A372K242_9BURK_321-407",
        "A0A1X0WBA5_9GAMM_322-408",
        "A0A6I3XIB3_9BURK_328-414",
        "A0A087FMF2_KLEVA_323-409",
        "A0A285P2W7_9PSED_321-407",
        "G2IV21_PSEUL_321-407",
        "A0A0B6S6T4_BURPL_321-407",
        "A0A158ER48_9BURK_321-407",
        "A0A4P8YFE9_9ENTR_321-407",
        "A0A2U3I5J1_9BURK_321-407",
        "A0A848FC59_9BURK_321-407",
        "A0A6P2C6E1_9ACTN_324-410",
        "A0A1I4L6R2_9BURK_321-407",
        "B2JWT1_PARP8_321-407",
        "A0A3D8JS47_9BURK_321-407",
        "A0A0J5M512_PLUGE_322-408",
        "A0A345ZUL0_9HYPH_321-407",
        "A0A1N6G9D4_9BURK_321-407",
        "A0A0L7T048_9GAMM_322-408",
        "GALA_PSEPK_241-327",
        "A0A4R0XI37_9BURK_321-407",
        "A0A1H7RZ50_9BURK_332-418",
        "A0A2N4XP87_9RHOO_322-408",
        "A0A2N7XA02_9BURK_321-407",
        "A0A171KTZ3_9BURK_322-408",
        "A0A4R5W3J8_9BURK_325-411",
        "A0A7U3UZ01_9ACTN_322-408",
        "A0A842I0R1_9SPHN_323-409",
        "A0A0J1DGM5_9BURK_330-416",
        "A0A3S1CHM3_9PROT_321-407",
        "A0A3N6MYS5_9BURK_322-408",
        "F3KXD2_9BURK_321-407",
        "A0A1H7B8N7_9BURK_321-407",
        "A0A0S9NW77_9BURK_321-407",
        "A0A178N089_9PROT_322-408",
        "Q1R0S3_CHRSD_321-407",
        "A0A370N933_9BURK_321-407",
        "A0A158J1V5_9BURK_321-407",
        "A0A658QXS3_9BURK_321-407",
        "A0A2D2M7L0_9PSED_321-407",
        "A0A6G8C0I4_9BURK_322-408",
        "I4MY19_9PSED_321-407",
        "F2LK28_BURGS_321-407",
        "A0A0L7SWC6_9GAMM_321-407",
        "A0A1H0JIP7_9BURK_321-407",
        "A0A4Q7LRU6_9BURK_334-420",
        "A0A1H6B9B9_9ACTN_326-412",
        "D8MMI7_ERWBE_321-407",
        "A0A0L6T8B5_9BURK_339-425",
        "A0A5B0GVI0_9BURK_321-407",
        "A0A1W6L412_9BURK_321-407",
        "A0A1G6TX97_9BURK_321-407",
        "A0A059KHZ5_9BURK_323-409",
        "A0A839VL08_9BURK_324-410",
        "A0AAJ2A883_9BURK_321-407",
        "A0A221KK45_VITFI_321-407",
        "A0A6J5FR82_9BURK_321-407",
        "A0A7U7JDE4_RALSL_324-410",
        "A0A1W6ZVP3_9HYPH_321-407",
        "A0A6B3SQE2_9BURK_324-410",
        "D2TM76_CITRI_323-409",
        "A0A1N7S998_9BURK_40-125",
        "A0A4R6EVY2_9BURK_321-407",
        "Q1LGZ5_CUPMC_324-410",
        "N2J7J0_9PSED_321-407",
        "A0A9N8X1D6_9BURK_321-407",
        "A0A0H2MKF0_VARPD_321-407",
        "A0A3S0KYZ0_9PROT_322-408",
        "A0A4U1IFX3_9BURK_321-407",
        "A0A7C9TII1_9BURK_321-407"
    ],
    "folder_path": "/Users/idan_shabo/Documents/Thesis/pipeline_outputs/PF07746_outputs/structure_embeddings/subfamily_23/significant_splits/rank4"
}