{
    "subfamily": 2,
    "rank": 5,
    "node_name": "0.000",
    "lambda_obs": 14442.4296875,
    "p_adj": 0.000999000999000999,
    "group_a": [
        "A0A6J3J298_SAPAP_30-104",
        "A0A341AR98_NEOAA_93-167",
        "L9JEV5_TUPCH_9-83",
        "A0A2I2Y9G9_GORGO_116-176",
        "A0A643CDI0_BALPH_57-125",
        "A0A4U1F8B2_MONMO_17-85",
        "A0A2K6R6Z8_RHIRO_95-169",
        "L9JAP0_TUPCH_346-397",
        "A0A2K6UNR4_SAIBB_76-150",
        "A0A3Q0DW26_CARSF_16-56",
        "A0A2I2ZJ38_GORGO_116-171",
        "A0A2K6TZT5_SAIBB_76-155",
        "A0A6P6HXA9_PUMCO_24-98",
        "A0A2Y9SY24_PHYMC_100-174",
        "A0A2K6S0N2_SAIBB_73-147",
        "A0A4V5PAL1_MONMO_72-146",
        "L5JUH0_PTEAL_95-169",
        "L9LCZ4_TUPCH_94-156",
        "A0A7J7E508_DICBM_9-39",
        "A0A2K6ENV6_PROCO_95-169",
        "A0A8J6DSJ1_GALPY_1-40",
        "A0A384A7E2_BALAS_94-168",
        "A0A2R9BX29_PANPA_140-182",
        "A0A811YF63_NYCPR_97-171",
        "A0A2R9CP50_PANPA_85-159",
        "A0A8U0SL62_MUSPF_30-104",
        "A0A7J7EE56_DICBM_47-108",
        "A0A096N5B9_PAPAN_95-169",
        "A0A6P6BZW9_PTEVA_95-169",
        "A0A2K6K1C7_RHIBE_88-155",
        "A0A803TFM2_ANOCA_34-87",
        "A0A8B7B458_ORYAF_27-71",
        "A0A3Q7NHF3_CALUR_95-170",
        "A0A8B8Y424_BALMU_94-168",
        "A0A2K5E289_AOTNA_95-169",
        "A0A5J5MM73_MUNRE_93-129",
        "A0A8C8Y8X6_PROSS_95-169",
        "A0A8J6DLD9_GALPY_38-112",
        "A0A2I3SEE5_PANTR_105-149",
        "A0A2I2ZEX6_GORGO_48-122",
        "A0A2K5PDU1_CEBIM_95-169",
        "A0A643C074_BALPH_39-113",
        "A0A4U1FIX7_MONMO_103-177",
        "A0A4U1FCQ0_MONMO_1-44",
        "A0A2I3GBM7_NOMLE_121-180",
        "A0A8C6Y0N1_NAJNA_161-216",
        "L9KH46_TUPCH_95-164",
        "A0A4U1EXY4_MONMO_63-95",
        "A0A2I3TLK2_PANTR_67-129",
        "A0A485MNQ0_LYNPA_9-83",
        "A0A2K5RDJ4_CEBIM_77-151",
        "A0A2I3HPW4_NOMLE_109-154",
        "A0A5N3UPR9_MUNRE_77-123",
        "A0A2Y9FPZ0_PHYMC_95-169",
        "A0A2I2ZTZ9_GORGO_57-131",
        "A0A6A1Q0H3_BALPH_95-169",
        "A0A2K5HEP3_COLAP_95-169",
        "A0A2I3H5X1_NOMLE_72-146",
        "A0A2Y9F919_PHYMC_95-169",
        "A0A6J0WI30_ODOVR_100-174",
        "A0A6A1Q8B7_BALPH_94-168"
    ],
    "group_b": [
        "A0A5N3XLR8_MUNRE_95-169",
        "G1Q3C3_MYOLU_95-169",
        "A0A8B7RRI0_HIPAR_113-187",
        "A0A8C6GGU4_MUSSI_95-168",
        "A0A1S3GTW3_DIPOR_95-169",
        "A0A2U3V898_TURTR_95-169",
        "A0A1U7QR97_MESAU_95-169",
        "L5K9S9_PTEAL_9-76",
        "A0A9L0K555_EQUAS_77-152",
        "A0A250YDX2_CASCN_95-169",
        "A0A811ZI69_NYCPR_95-169",
        "X1WI37_RAT_77-151",
        "A0A0D9RFF7_CHLSB_95-169",
        "A0A2Y9PNZ3_DELLE_95-169",
        "H2QYT0_PANTR_95-169",
        "A0A811ZMZ9_NYCPR_99-173",
        "A0A7J7E9A2_DICBM_95-169",
        "A0A8C5Y3I0_MICMU_115-189",
        "A0A2K5D9H6_AOTNA_95-169",
        "A0A1A6H911_NEOLE_95-169",
        "A0A8C9AQQ1_PROSS_95-169",
        "F7FG14_MACMU_95-169",
        "A0A3Q7P434_CALUR_135-209",
        "A0A6P3HND9_BISBB_95-169",
        "A0A3Q7NXA0_CALUR_95-169",
        "A0A643CEN6_BALPH_94-168",
        "A0A2K5MG51_CERAT_109-183",
        "L8HQA0_9CETA_108-182",
        "A0A2K5LD40_CERAT_95-169",
        "A0A2K5VA40_MACFA_96-170",
        "A0A671EMS3_RHIFE_95-169",
        "H2PW06_PONAB_95-169",
        "A0A6P5AZN2_BOSIN_95-169",
        "A0A2K5EZN9_AOTNA_95-165",
        "A0A286XPP5_CAVPO_70-144",
        "A0A6J2AM44_ACIJB_95-169",
        "I3N7V2_ICTTR_96-170",
        "A0A383Z2J5_BALAS_95-169",
        "A0A5N3XHF0_MUNRE_95-169",
        "A0A8U0MI44_MUSPF_93-167",
        "A0A341D1K5_NEOAA_99-173",
        "A0A3Q7MKY6_CALUR_95-169",
        "A0A2U3VHI8_ODORO_95-169",
        "A0AAD4YFW5_OVIAM_95-169",
        "A0A811Z8V5_NYCPR_95-169",
        "A0A1U7T286_CARSF_95-169",
        "A0A383ZEN8_BALAS_3-77",
        "L8IYU0_9CETA_113-187",
        "A0A5N4C1Q2_CAMDR_95-169",
        "A0A6J3A9N1_VICPA_95-169",
        "A0A8I3NM91_CANLF_95-169",
        "A0A8C0DFQ2_BALMU_95-169",
        "G3N0K3_BOVIN_94-168",
        "A0A5E4C8M5_MARMO_95-127",
        "L5KXF2_PTEAL_77-151",
        "A0A384ADX6_BALAS_77-151",
        "A0A2K5YG34_MANLE_99-163",
        "A0A2K5N8A4_CERAT_99-163",
        "A0A8C9DNZ3_PROSS_95-169",
        "A0A384AMN7_BALAS_95-169",
        "A0A2K5HQN3_COLAP_95-169",
        "A0A5F9C757_RABIT_109-183",
        "A0A671E171_RHIFE_95-169",
        "G3SQW6_LOXAF_94-168",
        "A0A8D2IL66_UROPR_95-169",
        "A0A485MBC9_LYNPA_90-164",
        "A0A1D5R1K5_MACMU_38-112",
        "A0A8I3P4S0_CANLF_95-124",
        "A0A6P5DXT9_BOSIN_95-169",
        "L5LWT5_MYODS_30-103",
        "A0A3Q7Q3H0_CALUR_95-169",
        "A0A2K6DIW6_MACNE_99-163",
        "A0A8B7Q9K5_HIPAR_146-220",
        "A0A8C5XRW4_MICMU_114-188",
        "A0A452FT24_CAPHI_95-169",
        "A0A2K6DW65_MACNE_106-180",
        "S7NWN4_MYOBR_94-168",
        "A0A8C6FFG9_MOSMO_95-169",
        "A0A7N9CUC0_MACFA_99-173",
        "A0A8D2HT29_UROPR_95-169",
        "I7GKK0_MACFA_95-169",
        "A0A341BCE8_NEOAA_95-169",
        "A0A8C9CMZ3_PHOSS_95-169",
        "A0A6J0CXD5_PERMB_1-56",
        "A0A8C0LK09_CANLU_95-169",
        "A0A8B7B6E5_ORYAF_70-144",
        "W5PMB5_SHEEP_95-169",
        "A0A091CTG7_FUKDA_95-169",
        "A0A9W3EF58_CAMBA_95-169",
        "A0A8J6G4N7_MICOH_95-169",
        "A0A4W2D070_BOBOX_95-169",
        "A0A2K6B2W6_MACNE_95-169",
        "RS4X_HUMAN_95-169",
        "A0A673T4Z4_SURSU_95-169",
        "A0A643CCN5_BALPH_95-129",
        "A0A8I5N1L4_PAPAN_9-83",
        "RS4_HORSE_76-150",
        "A0A1U7R570_MESAU_95-169",
        "A0AAA9SRC8_BOVIN_9-83",
        "L8I1B2_9CETA_95-169",
        "A0A3Q7MNY0_CALUR_77-151",
        "H0X5J9_OTOGA_94-168",
        "A0A8C9P176_SPEDA_95-169",
        "A0A1V4KCG3_PATFA_1-50",
        "A0A6J0AGB0_VICPA_95-169",
        "A0A5N4BWU9_CAMDR_16-81",
        "A0A8I5NBX2_PAPAN_71-145",
        "A0A8I3WFP9_CALJA_95-169",
        "A0A671DHQ0_RHIFE_95-169",
        "A0A2K6AV11_MACNE_88-162",
        "A0A2U3WW48_ODORO_95-169",
        "A0A1S2ZXE7_ERIEU_95-169",
        "A0A2K5TUY8_MACFA_49-123",
        "A0A2Y9GS52_NEOSC_95-169",
        "A0A7J7EAF0_DICBM_30-104",
        "Q3V1Z5_MOUSE_95-169",
        "A0A7J8J949_MOLMO_95-169",
        "L9J9C0_TUPCH_95-169",
        "A0A8C6W561_NANGA_95-169",
        "A0A8D2K8V0_THEGE_95-169",
        "A0A8B7UGK4_CASCN_95-169",
        "A0A5N4BX55_CAMDR_16-81",
        "G3HPI0_CRIGR_95-169",
        "A0A803VV20_FICAL_242-294",
        "S7Q620_MYOBR_95-169",
        "F6PQP1_CALJA_95-169",
        "A0A8C8Y1K8_PANLE_95-169",
        "A0A8J6GIU8_MICOH_155-229",
        "A0A286XEX5_CAVPO_76-145",
        "W5PXB5_SHEEP_95-170",
        "A0A8J6G570_MICOH_141-215",
        "A0A4W2ESA0_BOBOX_95-169",
        "G5BQ63_HETGA_56-125",
        "A0A2K5DX09_AOTNA_115-152",
        "A0A6J0VPX6_ODOVR_95-169",
        "A0A8J6GDH3_MICOH_95-169",
        "F1MJH2_BOVIN_95-169",
        "H0W953_CAVPO_95-169",
        "A0A7J8ELX4_ROUAE_77-151",
        "A0A8C2W2W1_CHILA_95-169",
        "A0A8C6A8Z3_MARMA_95-169",
        "A0A452EL40_CAPHI_37-111",
        "A0A0H2UHX3_RAT_122-196",
        "A0A2K6NBV9_RHIRO_96-170",
        "G5B1L0_HETGA_95-169",
        "A0A6P5CAN4_BOSIN_94-168",
        "A0A2Y9QG02_DELLE_94-168",
        "A0A7J7ELY2_DICBM_82-110",
        "A0A1U7QK17_MESAU_95-169",
        "A0A8I5NT86_PAPAN_103-177",
        "A0A0D9SDM5_CHLSB_95-169",
        "A0AAD4YAV0_OVIAM_95-164",
        "A0A6J0W0F3_ODOVR_107-187",
        "A0A8C0I5C4_BALMU_95-169",
        "A0A2U3VN46_ODORO_95-169",
        "A0A7N9D3Z8_MACFA_71-143",
        "A0A8J5ZU82_GALPY_68-142",
        "H0V7K1_CAVPO_95-169",
        "A0A8J6KQ24_MICOH_95-169",
        "L8IUS4_9CETA_95-169",
        "G3I0H2_CRIGR_167-241",
        "A0A8C9GZ48_9PRIM_99-173",
        "A0A2K5MBZ8_CERAT_99-173",
        "A0A6J3F482_SAPAP_95-169",
        "A0A6P3HEC6_BISBB_128-202",
        "A0A2K5BUF4_AOTNA_68-142",
        "W5PHJ8_SHEEP_94-168",
