{
    "subfamily": 5,
    "rank": 1,
    "node_name": "0.869",
    "lambda_obs": 19446.7421875,
    "p_adj": 0.000999000999000999,
    "group_a": [
        "A0A6I1EY47_9BACI_17-129",
        "A0A7W5FMU1_9BACL_12-129",
        "A0A923KXW1_9FIRM_3-102",
        "A0A0L6TYC4_9FIRM_3-96",
        "C4IDG0_CLOBU_3-98",
        "V6J1J8_9BACL_4-107",
        "A0A2T6DY19_9BACT_5-79",
        "C6PNF3_9CLOT_24-128",
        "G7WIK4_DESOD_6-101",
        "A0A402D0X3_9BACT_1-94",
        "A0A974NK82_PERPY_3-99",
        "A0A8A7KB28_9FIRM_8-106",
        "A0A2T5CC89_9BACT_78-149",
        "A0A0K8JCQ1_9FIRM_4-93",
        "A0A1G6AXF2_9BACT_75-150",
        "A0A4U0Q8I4_9NEIS_9-93",
        "H5Y5C7_9FIRM_3-96",
        "A0A4Z0QQJ7_9FIRM_3-99",
        "A0A5S5C8I7_9BACL_25-123",
        "V2YCF8_9FIRM_7-99",
        "A0A075K642_9FIRM_2-119",
        "A0A5Q0BJK5_9GAMM_3-101",
        "A0A1V4ILF6_9CLOT_22-133",
        "A0A2A7MM04_9CLOT_6-105",
        "A0A4Z0R8W3_9FIRM_3-98",
        "A0A1B3XUM2_9BACI_3-92"
    ],
    "group_b": [
        "Q72A62_NITV2_105-182",
        "A0A316F8U0_9BURK_52-135",
        "W6S2R4_9CLOT_5-103",
        "A0A0S1Y2U8_9BORD_64-150",
        "A0A157S5A6_9BORD_32-114",
        "E6U1W5_EVAC2_818-912",
        "E4XLZ7_OIKDI_87-157",
        "A0A2Z6B0R2_9BACT_70-146",
        "A0A1V4IXS6_9CLOT_15-111",
        "A0A517ZQV8_9PLAN_189-258",
        "A0A402BV97_9FIRM_6-106",
        "M1WXA0_PSEP2_66-147",
        "H8L1I8_FRAAD_13-132",
        "F3G1X4_PSESJ_60-140",
        "A0A4S2DS54_9CLOT_9-114",
        "A0A1G9VV88_9FIRM_3-101",
        "A0A388SIY9_9BACT_144-228",
        "A0A974Y8T8_9RHOO_2-100",
        "A0A494Y352_9BURK_2-119",
        "A0A517DRM0_9FIRM_5-101",
        "A0A6V8LI45_9BACT_53-127",
        "A0A4R1S261_HYDET_4-113",
        "A0A7K3NRC9_9BACT_57-156",
        "A0A916UEC5_9BURK_6-104",
        "A0A239A0A9_9BACT_76-172",
        "A0A4R1PZW1_9FIRM_4-102",
        "Q312J9_OLEA2_112-183",
        "A0A348HHE2_9GAMM_7-103",
        "A0A8D5G113_9PROT_2-103"
    ],
    "folder_path": "/content/drive/MyDrive/Thesis/protein_data/PF14282_outputs/sequence_embeddings/subfamily_5/significant_splits/rank1"
}