{
    "subfamily": 19,
    "rank": 1,
    "node_name": "0.786",
    "lambda_obs": 397.6555480957031,
    "p_adj": 0.000999000999000999,
    "group_a": [
        "A0A0E0BWB8_9ORYZ_106-129",
        "A0A0E0JDI0_ORYPU_155-179",
        "A0A0D3EJ40_9ORYZ_82-106",
        "A0A0E0MQS8_ORYRU_137-161",
        "A0A0E0MQS9_ORYRU_1734-1758",
        "A0A0D9Y2N3_9ORYZ_81-105",
        "A0A0E0MQS8_ORYRU_1935-1959",
        "A0A0E0JDI5_ORYPU_213-237",
        "B7E9D7_ORYSJ_86-110",
        "A0A0D9UW87_9ORYZ_71-94",
        "J3KVZ1_ORYBR_152-176",
        "A0A0E0JDI4_ORYPU_82-106",
        "A0A0D9Y2M8_9ORYZ_154-178",
        "A0A6G1E1V4_9ORYZ_83-106",
        "A0A0E0MQT0_ORYRU_1711-1735",
        "A0A0E0FFL2_ORYNI_78-102",
        "J3KUQ0_ORYBR_141-165",
        "A2WK47_ORYSI_154-178",
        "A0A0E0JDI7_ORYPU_84-108",
        "Q0JR27_ORYSJ_159-183",
        "A0A0E0BWC3_9ORYZ_86-110",
        "A0A0D9UW84_9ORYZ_66-89",
        "A0A0E0MQT1_ORYRU_131-155",
        "A0A0D3EJ36_9ORYZ_369-393",
        "A2WK53_ORYSI_82-106",
        "A0A0E0FFL1_ORYNI_81-105"
    ],
    "group_b": [
        "A0A0D3HH84_9ORYZ_12-36",
        "A0A0E0JDI5_ORYPU_87-112",
        "A0A0D3H315_9ORYZ_147-171",
        "A0A0D9Y2M9_9ORYZ_140-164",
        "A5HEI2_ORYSJ_152-176",
        "A0A0E0JDI1_ORYPU_77-102",
        "A0A0D3EJ37_9ORYZ_96-120",
        "A0A0E0MQS9_ORYRU_1245-1269",
        "A0A0E0FFK9_ORYNI_325-349",
        "I1HBL6_BRADI_90-113",
        "A0A0E0MQS8_ORYRU_1446-1470",
        "A0A0E0MQS9_ORYRU_1488-1512",
        "A2WK48_ORYSI_147-171",
        "A0A0D3EJ36_9ORYZ_76-100",
        "A0A0D3EJ36_9ORYZ_151-175",
        "I1HBL8_BRADI_161-182",
        "A0A0D9Y2M9_9ORYZ_307-331",
        "A0A0E0MQT0_ORYRU_1222-1246",
        "A0A0D9Y2M9_9ORYZ_382-406",
        "IBBR_ORYSJ_155-179",
        "A0A0E0FFK9_ORYNI_155-179",
        "A5HEI2_ORYSJ_77-101",
        "A2WK48_ORYSI_72-96",
        "A0A0E0JDI1_ORYPU_152-176",
        "A0A0E0MQT0_ORYRU_1465-1489",
        "A0A0D3H315_9ORYZ_72-96",
        "IBBR_ORYSI_155-179",
        "J3KVZ1_ORYBR_76-101",
        "J3KUQ0_ORYBR_80-105",
        "A0A0E0MQS8_ORYRU_1689-1713",
        "A0A0E0BWB9_9ORYZ_150-174"
    ],
    "folder_path": "/content/drive/MyDrive/Thesis/protein_data/PF00228_outputs/structure_embeddings/subfamily_19/significant_splits/rank1"
}