{
    "subfamily": 1,
    "rank": 4,
    "node_name": "0.663",
    "lambda_obs": 13030.6220703125,
    "p_adj": 0.000999000999000999,
    "group_a": [
        "A0A417C645_9FIRM_1020-1105",
        "A0AAE3ADN8_9FIRM_1985-2070",
        "A0A829NX10_MEDG5_932-1021",
        "A0A1G6C6S5_9STRE_128-213",
        "A0A0E4H3Z9_9STRE_83-164",
        "F5X229_STRPX_130-212",
        "A0AAE3ADN8_9FIRM_1887-1973",
        "A0A242K4H2_9ENTE_565-654",
        "A0A3P1V9V2_9STRE_67-148",
        "A0A414SU55_9FIRM_9-98",
        "A0A412LGA8_9FIRM_673-762",
        "G2T553_ROSHA_815-903",
        "A0A172Q6R9_9STRE_188-266",
        "A0A7X3MIA8_9FIRM_1193-1283",
        "G2T553_ROSHA_1415-1503",
        "G2T553_ROSHA_1014-1103",
        "T0TE08_9STRE_147-212",
        "A0A396QG84_9FIRM_352-442",
        "A0A396QG84_9FIRM_560-646",
        "A0A7X3MIA8_9FIRM_593-680",
        "G2T552_ROSHA_740-828",
        "G2T552_ROSHA_442-530",
        "G2T553_ROSHA_1215-1303",
        "A0A412LGA8_9FIRM_875-965",
        "A0A1M6QP53_9FIRM_535-624",
        "A0A1M6Q6F1_9FIRM_797-886",
        "A0AAE3ADN8_9FIRM_2078-2163",
        "A0A1M6QP53_9FIRM_736-826",
        "A0A414SNL0_9FIRM_563-652",
        "A0A1M6TYF8_9FIRM_678-769",
        "A0A829NX10_MEDG5_738-823",
        "A0AAE3ADN8_9FIRM_2278-2352",
        "A0A396QG84_9FIRM_156-241",
        "A0A414SU55_9FIRM_208-297",
        "A0A3R5X4N4_9FIRM_26-116",
        "A0A380JDN3_STRDO_191-266",
        "A0A7X3MIA8_9FIRM_791-881",
        "A0A417C645_9FIRM_823-909",
        "A0A829NX10_MEDG5_539-628",
        "A0A1M6TYF8_9FIRM_881-969",
        "A0A7X3MIA8_9FIRM_992-1082",
        "A0A414SNL0_9FIRM_762-805",
        "A0A417C631_9FIRM_1-79",
        "A0A396QG84_9FIRM_54-139",
        "A0AAE3ADN8_9FIRM_2179-2258",
        "A0A242K4H2_9ENTE_768-856"
    ],
    "group_b": [
        "G2T553_ROSHA_515-605",
        "R9K2G2_9FIRM_34-122",
        "F5X228_STRPX_185-275",
        "A0A949NGJ4_9FIRM_982-1070",
        "A0A172Q898_9STRE_370-442",
        "A0A3P1V9V2_9STRE_363-444",
        "A0A949NGJ4_9FIRM_576-664",
        "A0A1M6Q626_9FIRM_580-667",
        "A0A396QHA2_9FIRM_268-356",
        "A0A139NFL6_9STRE_708-790",
        "A0A172Q898_9STRE_182-256",
        "A0A949NGJ4_9FIRM_779-867",
        "Q8DV28_STRMU_183-266",
        "G5KH31_9STRE_164-246",
        "A0A414SU19_9FIRM_380-470",
        "A0A0E4CT98_9STRE_591-677",
        "A0A6I3J8C0_9STRE_492-578",
        "T0TE65_9STRE_181-255",
        "A0A396QG84_9FIRM_764-841",
        "A0A2X3W8K8_9STRE_142-217",
        "A0A1G6C6R7_9STRE_161-243",
        "B9DU34_STRU0_162-238",
        "A0A0E4H3Z9_9STRE_378-464",
        "A0A1Y4MZA4_9FIRM_136-223",
        "A0A934P999_9STRE_148-213",
        "A0A396QHA2_9FIRM_72-159",
        "A0A5C5T8E8_9STRE_757-843",
        "A0A2L0D5J1_9STRE_180-257",
        "A0A829NX10_MEDG5_448-528",
        "A0A3R8JP99_9FIRM_248-332",
        "R9K2G2_9FIRM_237-326",
        "A0A1M6Q626_9FIRM_777-866",
        "A0A949NGJ4_9FIRM_371-461",
        "A0A1M6Q626_9FIRM_977-1066",
        "A0A414SU19_9FIRM_580-670",
        "A0A414SU19_9FIRM_179-269",
        "A0A1M6Q6F1_9FIRM_596-686",
        "A0A3R8JP99_9FIRM_33-122",
        "A0A3P1VE24_9STRE_596-681",
        "A0A2L0D304_9STRE_180-257",
        "S0KPP7_9ENTE_320-410",
        "S0L7L7_9ENTE_543-633",
        "G5KCL5_9STRE_186-268",
        "A0A2L0D339_9STRE_174-257",
        "S0KPP7_9ENTE_423-507",
        "A0A396QHA2_9FIRM_663-749"
    ],
    "folder_path": "/Users/idan_shabo/Documents/Thesis/pipeline_outputs/PF08481_outputs/sequence_embeddings/subfamily_1/significant_splits/rank4"
}