{
    "subfamily": 2,
    "rank": 5,
    "node_name": "0.072",
    "lambda_obs": 7589.8720703125,
    "p_adj": 0.000999000999000999,
    "group_a": [
        "A0A9P4PK67_9PLEO_221-286",
        "A0A177E2W9_ALTAL_238-303",
        "A0A177DIN5_ALTAL_222-287",
        "A0A8K0VXK5_9PLEO_236-301",
        "R0ITJ7_EXST2_60-125",
        "A0A8H7JDY9_9PLEO_233-297",
        "A0A6A6SMC2_9PLEO_579-639",
        "A0A9W8Y937_9PLEO_405-470",
        "W6YHK2_COCC2_233-298",
        "A0A8H7MFW9_9PLEO_237-302",
        "E3S4S1_PYRTT_589-654",
        "A0A9P9T2N6_9PLEO_226-291",
        "A0A2W1CPU7_9PLEO_238-303",
        "A0A6A6X886_9PLEO_235-300",
        "A0A6A6ADW9_9PLEO_238-303",
        "M2TR95_COCH5_235-300",
        "A0A8H5ZE58_COCSA_185-250",
        "A0A399HR04_9PLEO_238-303",
        "A0A6A5Y8F5_9PLEO_235-300",
        "A0A9P8CMB9_9HYPO_234-299",
        "A0A178AJV8_9PLEO_229-293",
        "A0A7C8I0W8_9PLEO_1-66",
        "M2SUS0_COCSN_185-250",
        "A0A6A5VTP5_9PLEO_230-295",
        "A0A8H7B593_9PLEO_424-489",
        "A0A6A6E3X3_9PEZI_237-302",
        "A0A6G1IE16_9PLEO_1-55",
        "A0A399HQV0_9PLEO_230-295",
        "A0A9P9XY47_9HYPO_234-299",
        "A0A9W8XNK0_9PLEO_235-299"
    ],
    "group_b": [
        "G9NLU9_HYPAI_215-280",
        "W9Y1E7_9EURO_210-275",
        "A0AAD9HJU3_9PEZI_260-325",
        "A0A178ZWI6_9EURO_104-149",
        "A0A8H5A2I6_FUSOX_155-215",
        "A0A0J9VWV8_FUSO4_247-312",
        "A0A1G4AQG9_9PEZI_223-288",
        "A0A9Q8Z9Y6_CURCL_233-298",
        "S0EHF2_GIBF5_247-312",
        "A0A8H4KWJ1_9HYPO_250-315",
        "A0AAJ0EXK1_9PEZI_241-306",
        "W9VU81_9EURO_232-298",
        "A0A8H4UQD7_9HYPO_247-312",
        "A0A9Q8T0B3_9PEZI_251-316",
        "A0A8H6R9W0_9PEZI_237-302",
        "A0A2P4ZUF2_9HYPO_260-325",
        "A0A8H5VP81_9HYPO_713-775",
        "A0A8H3GBV7_9LECA_237-302",
        "W3WGT0_PESFW_241-306",
        "H6C820_EXODN_237-302",
        "A0A1V8SFR1_9PEZI_231-296",
        "C7YZI7_FUSV7_249-314",
        "A0A9P9BLI4_9PEZI_247-294",
        "A0A0D2GRX8_9EURO_230-294",
        "A0AAE0TLL0_9PEZI_45-100",
        "A0A6G1LBT6_9PEZI_205-270",
        "A0A0D2FF44_9EURO_233-299",
        "A0A9P9K4T0_FUSSL_249-314",
        "A0A1C1CJS5_9EURO_216-282",
        "A0A0D2DKX4_9EURO_207-275",
        "A0AA39ZVT9_9PEZI_243-308",
        "A0A0D1XUF4_EXOME_241-307",
        "A0AAE0P2W2_SORBR_420-511",
        "N4UFY2_FUSC1_62-127",
        "A0AAD5EV09_9HYPO_249-314",
        "A0A136JB33_9PEZI_265-334",
        "A0A8H5NJT2_9HYPO_463-528",
        "A0A8H4NXG9_9HYPO_276-339",
        "A0A8H3VBZ0_VENIN_635-704",
        "A0A9P7LC96_9HYPO_247-312",
        "F9XC49_ZYMTI_231-296",
        "A0AAD9A588_9PEZI_203-249",
        "A0AAJ0C346_9PEZI_78-143",
        "A0A4T0VHQ6_9PEZI_263-328",
        "F9XA98_ZYMTI_221-286",
        "A0AAE0JER7_9PEZI_264-345",
        "Q1K5D6_NEUCR_274-350",
        "A0A066X4N9_COLSU_442-507",
        "A0A8H4X743_9HYPO_249-314",
        "A0A0D2FRW6_9EURO_232-298",
        "A0A9P9HLD7_FUSRE_247-312",
        "A0A1X7RSL0_ZYMT9_225-290",
        "A0A8H5YBI1_9HYPO_798-856",
        "A0AAJ0DKK4_9PEZI_274-339",
        "W9HRA3_FUSOX_247-312",
        "A0AAJ0FQC6_9PEZI_269-311",
        "A0A151GY77_DRECN_21-82",
        "A0A0D1YRI1_9EURO_232-298",
        "A0A8K0SMD5_9HYPO_43-89",
        "A0A8H4WSM1_9HYPO_80-145",
        "A0A3M7MBQ1_9PLEO_222-287",
        "A0A8H6RMU9_9PEZI_182-247",
        "A0A9P4LZS3_9PEZI_227-292",
        "W9XXR8_9EURO_231-293",
        "A0A2H3GTC6_FUSOX_247-312",
        "A0A4U0WU09_9PEZI_45-110",
        "A0A010S128_9PEZI_255-320",
        "A0A4U6XAF2_9PEZI_270-335",
        "A0A5N6ZJ55_9EURO_237-297",
        "A0A179ICN2_CORDF_252-303",
        "X0C5X9_FUSOX_247-312",
        "A0A0F4GYC4_9PEZI_59-114",
        "A0A8H5PH98_9HYPO_247-311",
        "A0A1V8U664_9PEZI_231-295",
        "A0A553HIP4_9PEZI_238-303",
        "A0AAI8YRW5_9PEZI_229-297",
        "A0A4Z1NZP4_9PEZI_53-118",
        "A0A135UD86_9PEZI_219-284",
        "A0A2D3V4R4_9PEZI_228-293",
        "A0A1V8V583_9PEZI_224-269",
        "A0A395NMF9_TRIAR_723-788",
        "A0A8H4FGK3_COLGL_268-333",
        "A0A8H6DN07_9HYPO_247-306",
        "T0JP93_COLGC_268-333",
        "A0A1W2TRH5_ROSNE_174-239",
        "A0A9W4XGJ8_9PLEO_349-414",
        "A0AA38RIB2_9PEZI_54-119",
        "A0A9P9X966_9PEZI_251-316",
        "A0AAD8UJ77_GLOAC_249-314",
        "N1RAJ8_FUSC4_247-312",
        "A0A6A6T3C7_9PLEO_231-296",
        "A0A9P7RBV0_9PEZI_251-316",
        "A0A6A6YAV1_9PEZI_229-294",
        "A0AAE0DE47_COLKA_263-328",
        "A0A9P6HXW2_9PEZI_268-337",
        "W7MM62_GIBM7_247-312",
        "A0AAI9ZLD9_9PEZI_255-286",
        "A0A166U346_9PEZI_259-324",
        "A0A0D2KBM6_9EURO_236-301",
        "A0AAI9V584_9PEZI_235-300",
        "A0A9W4XF30_9PLEO_235-300",
        "A0A1V8SG17_9PEZI_212-277",
        "A0A9W7SXH2_9PEZI_231-296",
        "A0A9P4TYV8_9PEZI_207-272",
        "A0A9W8SAR5_9HYPO_247-312",
        "A0A9P9WVT2_9PEZI_241-306",
        "A0A6A6HDJ7_VIRVR_229-295",
        "A0A6A6QDI4_9PEZI_233-298",
        "A0A5Q4BT05_9PEZI_264-329",
        "E3Q2S4_COLGM_964-1021",
        "H1VHE2_COLHI_263-328",
        "A0A1Y2W0N0_9PEZI_240-306",
        "A0AAI8VUC8_9PEZI_362-427",
        "A0A1J7IRQ7_9PEZI_259-324",
        "A0A0L0NMW7_TOLOC_88-153",
        "A0A8H3U4W7_VENIN_86-151",
        "A0A8H5V4F4_GIBSU_247-307",
        "A0A9P5BJ29_9HYPO_247-306"
    ],
    "folder_path": "/Users/idan_shabo/Documents/Thesis/pipeline_outputs/PF12417_outputs/sequence_embeddings/subfamily_2/significant_splits/rank5"
}