{
    "subfamily": 4,
    "rank": 1,
    "node_name": "0.252",
    "lambda_obs": 16645.37109375,
    "p_adj": 0.000999000999000999,
    "group_a": [
        "A0A316C9Q6_PSESE_49-248",
        "A0A0Q6MHQ4_9HYPH_42-240",
        "A0A8J6PY89_9HYPH_48-247",
        "A0A2S0XMT0_9HYPH_42-239",
        "A0A0Q7ZXM2_9HYPH_42-240",
        "X6D5Y0_9HYPH_42-236",
        "A0A8T9AP70_9HYPH_42-240",
        "G6YJT0_9HYPH_42-240",
        "A0A1I3Z0N1_9HYPH_41-239",
        "V7FNP3_9HYPH_42-240",
        "A0A432V7B7_9HYPH_42-241",
        "M5F7Z0_9HYPH_42-240",
        "A0A0Q7WEP6_9HYPH_41-239",
        "A0A1C2DIE8_9HYPH_42-240",
        "L0KRM1_MESAW_41-239",
        "A0A5B8AXQ8_9HYPH_41-242",
        "H0HS21_9HYPH_38-237",
        "A0A7R7CM40_9HYPH_41-240",
        "A0A7W9VU96_9HYPH_41-240",
        "A0A271K7K7_9HYPH_42-240"
    ],
    "group_b": [
        "A0A371X6N8_9HYPH_39-236",
        "A0A562CMB4_9HYPH_41-241",
        "K2MC30_9HYPH_43-242",
        "A0A1H0PGQ5_9HYPH_43-244",
        "A0A2P7AWZ9_9HYPH_40-241",
        "A0A2P7SSZ3_9HYPH_39-239",
        "A0A916RGA4_9HYPH_41-240",
        "A0A0N0E6L9_9HYPH_41-245",
        "A0A1X7PFA7_9HYPH_40-239",
        "K2N5Q3_9HYPH_46-245",
        "A0A2N9VVU6_9HYPH_39-240",
        "A0A084UBE6_9HYPH_45-243",
        "A0A4P6V2K8_9HYPH_51-250",
        "A0A5B8KVM4_9HYPH_42-241",
        "J2VNQ5_9HYPH_43-244",
        "A0A7S8EJ71_9HYPH_42-240",
        "A0A4U6C1M8_9HYPH_42-241",
        "A0A135HXB2_9HYPH_39-240",
        "I5BTN8_9HYPH_41-240",
        "A0A2S9JY04_9HYPH_44-244",
        "A0A2P8NJC6_9HYPH_42-241",
        "A0A6N1VBW9_9HYPH_40-239",
        "A0A1I3KZD9_9HYPH_41-240",
        "A0A1L3SSU7_9HYPH_41-239",
        "A0A4R0PBC2_9HYPH_41-239",
        "A0A5D4GWZ6_9HYPH_41-240",
        "A0A562FHS7_9HYPH_41-240",
        "A0A7C9V4K6_9HYPH_39-236",
        "A0A429YXX8_9HYPH_43-241"
    ],
    "folder_path": "/content/drive/MyDrive/Thesis/protein_data/PF10016_outputs/structure_embeddings/subfamily_4/significant_splits/rank1"
}