{
    "subfamily": 7,
    "rank": 1,
    "node_name": "0.786",
    "lambda_obs": 18334.99609375,
    "p_adj": 0.000999000999000999,
    "group_a": [
        "A0A7U8GU29_NEPCE_311-443",
        "A0A1H2G7A0_9PSED_312-444",
        "A0A7D6IAI5_9GAMM_312-444",
        "A0A2N0WQ04_9GAMM_312-444",
        "A0A926YNH8_9CYAN_313-460",
        "A0A840IC14_9ACTN_324-428",
        "Q6D338_PECAS_278-377",
        "A0A0J8GS59_9ALTE_312-444",
        "R1CRK8_9FIRM_303-437",
        "A0A542CXD9_SERFO_312-444",
        "A0A926SP19_9CYAN_312-444",
        "A0A2G4YQV3_9PROT_310-442",
        "A0A081BAK3_9HYPH_1-114",
        "A0A1E7Q3V0_9GAMM_312-444",
        "F0T5W1_METLA_326-455",
        "Q0VSU7_ALCBS_345-477",
        "A0A3S1IJP9_ANAVA_312-444",
        "A0A1I3BH84_9PROT_313-445",
        "Q88KL3_PSEPK_312-444",
        "A0A1M5YAK4_9CLOT_294-428",
        "A0A418Y9B9_9GAMM_312-444",
        "A0A975FCR5_9GAMM_312-444",
        "A0AA95GK79_9GAMM_313-445"
    ],
    "group_b": [
        "A0A6N6MJV9_9FLAO_311-446",
        "A0A964T710_9HYPH_310-448",
        "A0A2D1U1U4_9SPHI_335-469",
        "A0A1R0F9A0_9HYPH_1-88",
        "A0A2H1EJH1_9ARCH_312-444",
        "V7FEZ1_9HYPH_317-455",
        "A0A964TD24_9FLAO_306-442",
        "A0A223KU26_9BACI_317-462",
        "M2U1X4_9SPHN_303-435",
        "W0P9I3_ADVMD_280-395",
        "A0A1H0S218_9CLOT_294-428",
        "A0A1I3J3E4_9RHOB_326-457",
        "A0A143X9F3_9ACTN_30-196",
        "A0A916R528_9CYAN_319-406",
        "V7IEJ7_EIKCO_318-458",
        "A0A398CVA7_9BACT_328-463",
        "A0A7U4E3W0_RUNSL_313-448",
        "A0A9X1X9D4_9SPHI_303-440",
        "A0A5J6STM2_9BACI_306-450",
        "A0A0Q7XL65_9HYPH_216-347",
        "A0A8J7EQQ6_9CYAN_310-443",
        "A0A6I1FAL2_9BACI_2-82",
        "A0A4Q0MB80_9SPHI_303-437",
        "A0A931BRJ0_9BACT_320-454",
        "A0A225DJX6_9BACT_313-446",
        "K9SWE1_9SYNE_304-406",
        "V4IYP7_9GAMM_37-170",
        "A0A2C9CI36_KUEST_309-440",
        "A0A9W6GQ83_9FUSO_304-438",
        "D7V1J3_LISGR_293-425"
    ],
    "folder_path": "/Users/idan_shabo/Documents/Thesis/pipeline_outputs/PF18739_outputs/sequence_embeddings/subfamily_7/significant_splits/rank1"
}