{
    "subfamily": 12,
    "rank": 1,
    "node_name": "0.827",
    "lambda_obs": 11286.1357421875,
    "p_adj": 0.000999000999000999,
    "group_a": [
        "A0A328VE52_9CHLR_1-57",
        "D6TZG3_KTERA_2-57",
        "A0A402AWF2_9CHLR_1-57",
        "A0A5A5T6D3_9CHLR_2-59",
        "A0A4P6K5H8_KTERU_2-57",
        "A0A7I8EHJ7_9CHLR_1-57",
        "A0A401ZQA8_9CHLR_2-59",
        "A0A402A5P4_9CHLR_1-57",
        "A0A401ZQD6_9CHLR_1-57",
        "A0A402BI72_9CHLR_2-60",
        "A0A4P6K4Z7_KTERU_2-57",
        "A0A8J3IU48_9CHLR_1-57",
        "A0A4P6K576_KTERU_1-57",
        "A0A8J3MVE3_9CHLR_1-57",
        "A0A402BI67_9CHLR_2-57",
        "A0A5A5T639_9CHLR_2-57",
        "A0A326UG52_THEHA_6-69",
        "A0A5J4KPM3_9CHLR_1-57",
        "A0A7I8EHY1_9CHLR_2-58",
        "A0A8J3IK25_9CHLR_3-59"
    ],
    "group_b": [
        "A0A7T5EZH0_9BACL_1-59",
        "A0A328VER9_9CHLR_1-57",
        "D6THF8_KTERA_2-61",
        "C8WYC8_ALIAD_2-61",
        "A0A5J4KLB0_9CHLR_1-57",
        "A0A402A0L2_9CHLR_1-56",
        "A0A4P6JSN9_KTERU_1-57",
        "A0A2U3D7E5_SULT2_2-59",
        "A0A402B034_9CHLR_2-57",
        "A0A8J3ILV1_9CHLR_1-57",
        "A0A402ABT6_9CHLR_1-57",
        "A0A8J3IBK6_9CHLR_3-61",
        "A0A326UG75_THEHA_1-57",
        "D6TZL7_KTERA_1-57",
        "A0A326U8H4_THEHA_1-58",
        "A0A401Z7X6_9CHLR_1-57",
        "A0A5A5TDH7_9CHLR_2-57",
        "A0A328VKZ7_9CHLR_1-57",
        "A0A7I8F1D0_9CHLR_2-56",
        "A0A8J3MSS8_9CHLR_2-57"
    ],
    "folder_path": "/Users/idan_shabo/Documents/Thesis/pipeline_outputs/PF20586_outputs/sequence_embeddings/subfamily_12/significant_splits/rank1"
}