{
    "subfamily": 18,
    "rank": 2,
    "node_name": "0.749",
    "lambda_obs": 12442.2060546875,
    "p_adj": 0.000999000999000999,
    "group_a": [
        "A0A1S3UXM0_VIGRR_275-329",
        "V7C9K6_PHAVU_275-329",
        "A0A2P5D195_TREOI_275-329",
        "A0A067KYF2_JATCU_275-327",
        "A0A444ZUI9_ARAHY_275-329",
        "A0A2C9WMG2_MANES_275-328",
        "A0A445JM61_GLYSO_443-491",
        "V7C5Y7_PHAVU_275-322",
        "A0A5E4EYA8_PRUDU_275-329",
        "B9S8V2_RICCO_275-329",
        "A0A0L9TLS1_PHAAN_237-284",
        "A0A6J5TNN2_PRUAR_275-322",
        "A0A314UVA9_PRUYE_234-288",
        "A0A314ZD95_PRUYE_234-288",
        "A0A2Z6NQ39_TRISU_310-364",
        "A0A6P4AHA2_ZIZJJ_275-329",
        "A0A978UM79_ZIZJJ_346-400",
        "A0A2P6R350_ROSCH_276-330",
        "A0AA86SU71_9FABA_371-420",
        "A0A9D5APS1_PEA_275-329",
        "A0A6A6KSE2_HEVBR_237-284",
        "A0A498HFY4_MALDO_275-329",
        "G7LA57_MEDTR_275-329",
        "A0A072TRA0_MEDTR_194-248",
        "A0A445FSA3_GLYSO_275-329",
        "A0A6A5MIK2_LUPAL_275-329",
        "A0A1R3JEA7_COCAP_256-310",
        "A0AAD7KPW1_QUISA_275-329",
        "A0A540KVK5_MALBA_194-248",
        "A0A1J7GZ58_LUPAN_275-329",
        "A0A072U1S8_MEDTR_176-230",
        "A0A8K0DNT5_9ROSA_275-329",
        "A0A7J6DLR9_CANSA_755-809",
        "W9QMW3_9ROSA_194-248",
        "A0A8B8KT53_ABRPR_275-329",
        "A0A498HK86_MALDO_261-315",
        "A0A445DNX9_ARAHY_275-329",
        "A0A1S2YWU3_CICAR_275-329",
        "A0A0S3R1Q4_PHAAN_275-329",
        "A0A2P5C9C2_PARAD_275-329",
        "A0AA88ADC5_FICCA_275-319",
        "A0A2K3PNX4_TRIPR_275-329",
        "A0A6P5S1T1_PRUAV_275-329",
        "A0A1R3IIN6_9ROSI_273-327"
    ],
    "group_b": [
        "A0A1S3CHB7_CUCME_275-330",
        "A0A6J1DVH9_MOMCH_275-329",
        "A0A1Q3BHI4_CEPFO_275-329",
        "A0A0A0K6M6_CUCSA_103-155",
        "A0A834W816_9FABA_275-329",
        "A0A7N0UJU1_KALFE_275-329",
        "A0AAE1J164_9FABA_275-329",
        "A0A8T1Q9B3_CARIL_275-329",
        "A0A8B8Q7M8_9MYRT_275-329",
        "A0A6J1DWY1_MOMCH_242-296",
        "A0A6J1DTM8_MOMCH_232-286",
        "A0A4Y7JG75_PAPSO_274-328",
        "A0A6P5Y147_DURZI_235-289",
        "A0A6J1BJT9_9ROSI_274-328",
        "F6HPC6_VITVI_287-341",
        "A0A6J1JWI3_CUCMA_275-329",
        "A0A2K1KFL9_PHYPA_280-334",
        "A0A6P5Y004_DURZI_273-327",
        "A0A1S3CFY2_CUCME_237-292",
        "A0AAD3SPW8_NEPGR_275-329",
        "A0A9R0JGK8_SPIOL_275-328",
        "A0A6J1DQ90_MOMCH_275-329",
        "A0A7N2LAU3_QUELO_28-82",
        "A0A8B8Q7N6_9MYRT_275-329",
        "A0AAD4TEV6_9MAGN_274-327",
        "A0AA41VAA3_PAPNU_274-328",
        "A0A8J4Q981_9ROSI_275-329",
        "A0A2I0HYP4_PUNGR_275-329",
        "A0A061EI51_THECC_274-328",
        "A0A061EAF8_THECC_260-308",
        "A0A200QEU8_MACCD_275-329",
        "A0A7J7CYR1_TRIWF_275-329",
        "A0A6J1BJH0_9ROSI_273-327",
        "A0A8T0I136_CERPU_279-336",
        "A0AA39AKE3_VITRO_289-343",
        "A0A803L1M8_CHEQI_293-346",
        "A0A9Q1KMH2_9CARY_275-329",
        "A0A2I4GMT0_JUGRE_275-329"
    ],
    "folder_path": "/Users/idan_shabo/Documents/Thesis/pipeline_outputs/PF04064_outputs/sequence_embeddings/subfamily_18/significant_splits/rank2"
}