{
    "subfamily": 3,
    "rank": 2,
    "node_name": "0.733",
    "lambda_obs": 18977.67578125,
    "p_adj": 0.000999000999000999,
    "group_a": [
        "A0A502BU50_9HYPH_4-56",
        "A0A1W2BBZ5_9HYPH_5-50",
        "Q0VMN3_ALCBS_6-50",
        "A0A4S4AW56_9RHOO_19-65",
        "A0A0A1YGH6_9PSED_7-55",
        "A0A2G8T9M0_9BURK_10-59",
        "A0A154QID2_9GAMM_19-51",
        "A0A1I7NC80_9HYPH_24-70",
        "A0A4U1L5C9_9SPHN_34-80",
        "A0A7X8T7R6_9HYPH_8-48",
        "A0A7Z0KXP7_9RHOB_6-50",
        "A0A942I612_9HYPH_9-58",
        "A0A3N1XEI1_9BURK_9-56",
        "A0A0X1T1T8_PSEAA_6-55",
        "A0A937CZ70_9HYPH_9-55",
        "A0A3R8UV91_9PSED_4-55",
        "A0A3M5MXN5_PSEAZ_8-56",
        "A0A3N1X6P7_9BURK_9-54",
        "A0A419A498_9RHOB_18-61",
        "A0A7W6FRN0_9SPHN_24-72",
        "A0A848HR73_9BURK_10-53",
        "A0A1U7JLC5_9HYPH_7-53",
        "A0A4Y8RFF0_9HYPH_8-55",
        "A0A1N6U2N7_9HYPH_6-54",
        "A0A1Y2K4T9_9PROT_2-46",
        "A0A0M7AYA7_9HYPH_28-74",
        "A0A1W1Z0Q1_9HYPH_5-49",
        "A0A512C250_9HYPH_18-65",
        "A0A977TFS1_9VIRU_6-54",
        "A0A2D2DW48_9BURK_10-55",
        "A0A2D2DJA9_9BURK_7-54",
        "A0A220SP61_9GAMM_6-53",
        "K0C9G9_ALCDB_6-54",
        "A0A2R4BNV5_THAAR_22-70",
        "A0A6N7ZUE1_9HYPH_9-55",
        "A0A1G7WNZ5_9PSED_7-56",
        "A0A2A3CE28_9HYPH_8-54",
        "A0A3N1XIP7_9BURK_10-55",
        "A0A521AGB1_9GAMM_6-49",
        "A0A141GF10_9CAUD_4-42",
        "A0A244EBC3_9BURK_1-50",
        "V7FM28_9HYPH_7-54",
        "A0A068CHA3_9CAUD_1-31",
        "A0A0B4XME1_9GAMM_11-60",
        "A9C2G4_DELAS_32-78",
        "A0A8B6X320_9BURK_9-55"
    ],
    "group_b": [
        "A0A927ISM2_9HYPH_1-40",
        "A0A923YPW7_9BURK_1-33",
        "A0A0Q6CKG3_9HYPH_7-50",
        "A0A7W9VV82_9HYPH_6-55",
        "A0A506U8U7_9HYPH_5-55",
        "A0A6B8KEF0_9HYPH_12-61",
        "A0A1W6YYU0_9BORD_9-57",
        "A0A2S0XEB6_9HYPH_7-56",
        "A0A3S3VLG6_9HYPH_8-56",
        "A0A196Q2R7_9RHOB_13-60",
        "A0A2R4ME97_9HYPH_6-51",
        "A0A1H9E5I6_9BURK_1-41",
        "A0A2U1CMH6_9BURK_17-64",
        "H4F2T1_9HYPH_9-58",
        "A0A346YMW6_9HYPH_8-56",
        "A0A2S0XRC6_9HYPH_6-47",
        "A0A4Q8QQP9_9BRAD_1-25",
        "A0A371XFI0_9HYPH_5-49",
        "A0A6M1SHE7_9HYPH_6-49",
        "A0A084UC00_9HYPH_5-50",
        "A0A286IEY2_9HYPH_6-52",
        "A3WW71_9BRAD_7-51",
        "A0A2T5BBX4_MYCDI_6-51",
        "V9WII9_9RHOB_10-51",
        "K2P2U2_9HYPH_5-48",
        "A0A0Q6ECD6_9HYPH_9-58",
        "A0A7W5Z8C8_9HYPH_7-55",
        "A0A5B0DU01_9HYPH_8-54",
        "A0A0M9GL24_9HYPH_9-56",
        "A0A7Y9HPX8_9BURK_13-55",
        "A0A271KFE2_9HYPH_11-56"
    ],
    "folder_path": "/Users/idan_shabo/Documents/Thesis/pipeline_outputs/PF03869_outputs/sequence_embeddings/subfamily_3/significant_splits/rank2"
}