{
    "subfamily": 5,
    "rank": 1,
    "node_name": "0.819",
    "lambda_obs": 17777.00390625,
    "p_adj": 0.000999000999000999,
    "group_a": [
        "C7DHY0_MICA2_369-419",
        "C1DVT9_SULAA_431-482",
        "A0A8D5U1P2_9CREN_431-482",
        "RAD50_SULAC_415-467",
        "A0A938YUB5_9ARCH_329-371",
        "RAD50_SULTO_418-470",
        "A0A031LJU1_9CREN_405-456",
        "A0A650CR93_9CREN_415-468",
        "A0A1D2W9B8_9EURY_395-446",
        "B5IAI0_ACIB4_392-443",
        "A0A2U9IKF2_9CREN_411-462",
        "C0QRS0_PERMH_438-489",
        "A0A2U9IBN1_9CREN_403-454",
        "A4YET5_METS5_398-450",
        "A0A9E5DHL4_9CREN_411-456",
        "A8UZN2_9AQUI_438-489",
        "A0A348B2B3_9CREN_402-460",
        "W7KML3_9CREN_402-454",
        "D2RFR1_ARCPA_415-466",
        "A0A3M0BM70_9AQUI_438-489",
        "H2C3I3_9CREN_403-451",
        "RAD50_SACS2_404-456"
    ],
    "group_b": [
        "K9YCR6_HALP7_477-528",
        "W4V8Q1_9FIRM_132-178",
        "A0A2U1E398_9FIRM_447-489",
        "K9SJ81_9CYAN_477-529",
        "A0A1H3DHF2_9EURY_438-490",
        "A0A1Q4R7X3_9CYAN_478-529",
        "A0A2T1LYF7_9CHRO_477-528",
        "RAD50_AERPE_441-494",
        "K9Z5M4_CYAAP_477-524",
        "S0ARC7_FERAC_432-478",
        "A0A7S8IDN5_9CHLR_403-455",
        "A0A133VKE2_9EURY_438-489",
        "B1XLB7_SYNP2_478-529",
        "C6A1X5_THESM_363-413",
        "K9U8Q7_CHAP6_478-529",
        "A0A0D6AA53_9CHRO_477-527",
        "A0A133VMS4_9EURY_438-489",
        "A0A0Q0XI25_9ARCH_435-480",
        "F0LKK5_THEBM_429-479",
        "K9YTA6_DACS8_478-529",
        "A0A5B8NM27_9CHRO_478-529",
        "D5U1T6_THEAM_464-515",
        "A0A8G2FY19_PICTO_420-468",
        "F0S398_DESTD_427-477",
        "A8ACA9_IGNH4_416-466",
        "A0A930T3W0_9CHRO_482-529",
        "A0A498G1T3_9EURY_468-506",
        "RAD50_THEAC_435-485",
        "A0A8J7DYJ9_9CYAN_478-528",
        "A0A133V2N7_9EURY_367-419",
        "A0A0P6XAL7_9CHLR_403-453",
        "A0A8J8TD98_9EURY_438-490",
        "A0A830GUK5_9CREN_391-443",
        "A0A3R8LHY9_9FIRM_77-107",
        "A0A1H6VSE5_9EURY_441-494",
        "A0A977KB69_9CREN_430-479"
    ],
    "folder_path": "/Users/idan_shabo/Documents/Thesis/pipeline_outputs/PF04423_outputs/sequence_embeddings/subfamily_5/significant_splits/rank1"
}