{
    "subfamily": 11,
    "rank": 1,
    "node_name": "0.297",
    "lambda_obs": 9180.482421875,
    "p_adj": 0.000999000999000999,
    "group_a": [
        "A0A803TBU0_ANOCA_502-599",
        "A0A8D0BKA0_SALMN_586-730",
        "A0A6P9BQ87_PANGU_590-737",
        "A0A6J0UIJ6_9SAUR_388-526",
        "A0A6J0SSA2_9SAUR_574-718",
        "G1KWD3_ANOCA_384-530",
        "A0A6P9BMC0_PANGU_543-689",
        "A0A8D2LNQ8_VARKO_459-566",
        "A0A6J0UKF2_9SAUR_637-781",
        "A0A8D2LN79_VARKO_496-603",
        "V8NJE8_OPHHA_289-395",
        "A0A803TAZ3_ANOCA_449-546",
        "A0A8D0BLJ2_SALMN_628-772",
        "A0A8D2LPJ9_VARKO_469-576",
        "A0A9Q0Y7F5_9SAUR_661-794",
        "A0A8D0BKK4_SALMN_686-830",
        "A0A6P9BNK3_PANGU_589-737",
        "A0A9F5IHR1_PYTBI_366-512",
        "A0A6P9BR64_PANGU_303-448",
        "V8NTV9_OPHHA_532-677",
        "A0A6P9BKW3_PANGU_652-796"
    ],
    "group_b": [
        "A0A8D0GV54_SPHPU_164-310",
        "A0A452GG47_9SAUR_575-717",
        "A0A8C4VUN3_9SAUR_644-788",
        "A0A8C3RXI0_CHESE_584-728",
        "A0A151PBV9_ALLMI_680-825",
        "A0A8C0ITZ5_CHEAB_618-760",
        "M7BU94_CHEMY_74-219",
        "A0A8C3FQM9_CHRPI_507-651",
        "A0A8C0HBU6_CHEAB_605-747",
        "K7FBS5_PELSI_598-734",
        "A0A674IY44_9SAUR_506-650",
        "A0A9D3X7G0_9SAUR_380-526",
        "A0A3Q0FZ99_ALLSI_526-670",
        "A0A452GG41_9SAUR_596-737",
        "A0A8C3FTU5_CHRPI_629-773",
        "A0A8C4VVA3_9SAUR_577-719",
        "K7FBR8_PELSI_586-731",
        "A0A8C8SUN5_9SAUR_505-647",
        "A0A7M4DWT7_CROPO_422-554",
        "A0AA35PIZ6_9SAUR_587-733",
        "A0A8C4XZF9_9SAUR_600-742",
        "A0A8C4VUQ6_9SAUR_559-703",
        "A0A670JGA9_PODMU_429-557",
        "A0AA35PLF8_9SAUR_651-797"
    ],
    "folder_path": "/Users/idan_shabo/Documents/Thesis/pipeline_outputs/PF14914_outputs/structure_embeddings/subfamily_11/significant_splits/rank1"
}