{
    "subfamily": 2,
    "rank": 2,
    "node_name": "0.070",
    "lambda_obs": 9524.07421875,
    "p_adj": 0.000999000999000999,
    "group_a": [
        "A0A6P7JFE6_9TELE_2-132",
        "A0AAQ4PPW6_GASAC_2-133",
        "A0A3S2MQ31_ORYJA_24-155",
        "A0A8C5DQU7_GOUWI_2-133",
        "A0A665TCF8_ECHNA_2-133",
        "A0A3P8SEH6_AMPPE_2-133",
        "A0A3B5AEN5_9TELE_2-131",
        "A0A4Z2H9R3_9TELE_1-63",
        "A0A8S4BPG6_9TELE_2-133",
        "A0A9N7VT94_PLEPL_2-133",
        "A0A671TGJ9_SPAAU_2-133",
        "A0A6A5FPZ8_PERFL_2-133",
        "A0A8C9ZL30_SANLU_2-133",
        "A0A3Q3WCG3_MOLML_9-132",
        "A0A6J2QYE8_COTGO_2-133",
        "A0A673A1N3_9TELE_2-133",
        "A0A8C7XDA0_9TELE_83-214",
        "A0A3Q3W456_MOLML_5-125",
        "A0A2U9AX41_SCOMX_2-133",
        "A0A3Q3WCG8_MOLML_5-133",
        "A0A8C6PD47_NOTFU_2-133",
        "A0A3B3IM42_ORYLA_83-214",
        "A0A8C6PC59_NOTFU_2-133",
        "A0A484DHX7_PERFV_2-133",
        "A0A3Q1GCR5_9TELE_2-133",
        "A0A8C5DZY6_GOUWI_2-133",
        "A0A5J5DLX6_9PERO_20-151",
        "A0A9Y4MVN6_9TELE_2-75",
        "A0A3Q3GPW3_9LABR_26-156",
        "A0A8C3A8F0_CYCLU_2-133",
        "A0A3Q3VUH9_MOLML_10-133"
    ],
    "group_b": [
        "A0A3Q1H8Q4_ANATE_2-133",
        "A0A3B4GU41_9CICH_2-133",
        "A0AAZ1XZJ9_OREAU_2-133",
        "I3JGV1_ORENI_2-133",
        "A0A7N8XD16_9TELE_2-133",
        "A0A6G1PQJ7_9TELE_2-133",
        "A0A6F9CGW0_9TELE_2-79",
        "A0A668AXK0_9TELE_2-133",
        "A0A6I9P1Z5_9TELE_20-143",
        "A0A3Q4GG52_NEOBR_2-133",
        "A0A3P8UPF1_CYNSE_2-133",
        "A0AAD3MG77_LATJO_19-150",
        "A0A3P9AUY8_9CICH_2-133",
        "A0A672HY93_SALFA_12-76",
        "A0A4W6CLY4_LATCA_2-133",
        "A0A6G0IW23_LARCR_2-133",
        "A0A8C4DCF1_DICLA_2-133",
        "A0A7J5YCU8_DISMA_23-153",
        "A0A8C6U433_9GOBI_2-142",
        "A0A9Q0DK91_9TELE_2-132",
        "A0A672FPG6_SALFA_2-133",
        "A0A672HYM0_SALFA_9-131",
        "A0A6P7PCJ2_BETSP_2-133",
        "A0AA88N1U0_CHASR_2-133",
        "A0A8C5C5X7_GADMO_2-130",
        "A0A672HX57_SALFA_2-133",
        "A0A6P7PFM5_BETSP_1-114",
        "A0A6P8TEE6_GYMAC_2-132",
        "A0A668SY64_OREAU_2-133",
        "A0A2I4AJK0_AUSLI_2-135",
        "A0A3Q2V4B7_HAPBU_2-133",
        "A0AAD9FIV1_DISEL_2-132",
        "A0A3Q2ZRQ7_KRYMA_2-135",
        "A0AAD6B1H5_9TELE_2-132",
        "A0A5C6PCE8_9TELE_2-132",
        "A0A4W6CLU4_LATCA_2-133",
        "A0A3Q3EY58_KRYMA_2-135",
        "A0A672HYE2_SALFA_2-133"
    ],
    "folder_path": "/Users/idan_shabo/Documents/Thesis/pipeline_outputs/PF10484_outputs/structure_embeddings/subfamily_2/significant_splits/rank2"
}