{
    "subfamily": 2,
    "rank": 2,
    "node_name": "0.954",
    "lambda_obs": 9660.1953125,
    "p_adj": 0.000999000999000999,
    "group_a": [
        "A0AAD9RQK1_9HYME_1-324",
        "A0A0L7R1M7_9HYME_1-238",
        "A0A6J3K444_9HYME_1-328",
        "A0AAJ7WFI7_9HYME_1-348",
        "A0A834MP11_VESVU_1-355",
        "A0AA39KRE0_9HYME_1-350",
        "A0A834MQI3_VESGE_1-355",
        "A0A0M8ZUM9_9HYME_1-336",
        "A0A833VK22_9HYME_46-273",
        "A0A8J5QUL6_9HYME_1-94",
        "A0AAJ7WGA7_9HYME_1-284",
        "A0A8J5QUL6_9HYME_98-286",
        "A0AA40FG65_9HYME_1-335",
        "A0A6J0BJN4_NEOLC_1-343",
        "A0A834N1B1_VESPE_1-355",
        "A0AAJ7JCL5_9HYME_1-362",
        "A0A9R1U6K7_9HYME_1-335",
        "A0A2A3EQD9_APICC_1-352",
        "A0A8J2MJG1_COTCN_1-351",
        "A0AA39KYV2_MICHY_1-341",
        "A0A7M7MGX1_APIME_1-255",
        "A0A7M7L951_APIME_1-352"
    ],
    "group_b": [
        "A0A9N9STS7_DIABA_1-355",
        "A0A7M7T7B1_NASVI_1-360",
        "A0A8J6L7G9_TENMO_1079-1434",
        "A0A158NCX2_ATTCE_47-297",
        "A0A836EQB2_9HYME_1-354",
        "A0A151XEX9_9HYME_1-362",
        "A0A9P0KSD4_ACAOB_1-358",
        "A0A9P0KN57_ACAOB_4-257",
        "A0A4S2JNA4_9HYME_794-1114",
        "A0A834XLZ0_APHGI_1-293",
        "E2A228_CAMFO_1-282",
        "A0A026VXT0_OOCBI_1-359",
        "A0A6P3XCG8_DINQU_1-351",
        "A0A834IE65_RHYFE_1-321",
        "A0A9P0D9G1_9CUCU_1-343",
        "A0A6H5II12_9HYME_898-1148",
        "A0A195CG33_9HYME_1-198",
        "A0A195EMZ1_9HYME_1-372",
        "E2BQ41_HARSA_1-355",
        "A0A9N9TF57_PHYSR_1-345",
        "A0A9P0B3A3_BRAAE_1-359",
        "A0A195BYM8_9HYME_1-372",
        "A0A195F8I2_9HYME_1-373",
        "A0A1W4XLQ4_AGRPL_1-344",
        "A0A9P0DSU8_PHACE_1-357",
        "A0AAJ7E3A6_9HYME_1-357",
        "A0A195CG33_9HYME_211-394",
        "F4WFB9_ACREC_1-365",
        "A0A1Y1NGB1_PHOPY_1-352",
        "A0A6J2YEH7_SITOR_1-326",
        "A0A9N9MBF3_9CUCU_1-348",
        "A0A9P0B179_BRAAE_5-280",
        "A0A8K0CD75_IGNLU_1-349",
        "A0A6J1QHB1_9HYME_1-362",
        "A0A7M7Q0N8_NASVI_27-303",
        "U4UGV0_DENPD_1-355",
        "A0AA38HRW7_9CUCU_1-353",
        "A0A9P0KP40_ACAOB_1-152",
        "A0A482V9K3_ASBVE_33-178",
        "A0A6I9XGB6_9HYME_1-362",
        "A0A6P7GNS3_DIAVI_1-356",
        "A0A6P7GLL6_DIAVI_1-356",
        "A0A232F1U5_9HYME_1-360",
        "A0A836EKQ3_9HYME_1-371",
        "A0A0T6AV66_9SCAR_1-313",
        "A0A7M7Q4K7_NASVI_1-365",
        "A0A836GDJ1_9HYME_1-360",
        "D6X071_TRICA_1-353"
    ],
    "folder_path": "/Users/idan_shabo/Documents/Thesis/pipeline_outputs/PF02101_outputs/structure_embeddings/subfamily_2/significant_splits/rank2"
}