{
    "subfamily": 19,
    "rank": 4,
    "node_name": "0.265",
    "lambda_obs": 14456.892578125,
    "p_adj": 0.000999000999000999,
    "group_a": [
        "A0A452XP98_AEGTS_37-91",
        "B4FK90_MAIZE_281-335",
        "A0A6G1EN45_9ORYZ_281-335",
        "A0A8J5HL33_ZINOF_279-324",
        "A0A9Q0C4H4_9POAL_276-329",
        "A0A804U6T7_MAIZE_282-336",
        "A0A833V6K0_9POAL_276-329",
        "A0A9E7G5I9_9LILI_76-130",
        "B8BGS2_ORYSI_28-75",
        "A0A8I7B237_HORVV_281-328",
        "A0A835R1Q1_VANPL_188-242",
        "A0A8J5V0G4_ZIZPA_79-125",
        "A0A4U6T0F1_SETVI_281-326",
        "A0A9R0V3E8_TRITD_254-308",
        "A0A9R0QJY2_TRITD_237-291",
        "A0A452XPA3_AEGTS_281-326",
        "A0A811MIG1_9POAL_281-335",
        "A0A834YPL1_TETSI_268-313",
        "A0A452XP80_AEGTS_271-325",
        "A0A8J5HUC4_ZINOF_279-333",
        "K4AC50_SETIT_281-335",
        "A0A199VV20_ANACO_513-561",
        "A0A3L6TMD6_PANMI_281-330",
        "A0A0E0IRX3_ORYNI_282-336",
        "I1I3S6_BRADI_280-334",
        "Q338F8_ORYSJ_282-336",
        "A0A4U6SY14_SETVI_281-335",
        "A0A3B5XTZ9_WHEAT_281-335",
        "A0A9R0V1Y0_TRITD_281-326",
        "A0A3B5YR83_WHEAT_271-325",
        "A0A8J5WU20_ZIZPA_38-92",
        "A0A9R0V336_TRITD_271-325",
        "B8BGS0_ORYSI_282-329",
        "A0A835EXM3_9POAL_281-328",
        "A0A2T7C6Y3_9POAL_281-335",
        "A0A5J9V6T2_9POAL_281-336",
        "A0A9Q0QVJ8_9MAGN_275-329",
        "A0A0E0QYX2_ORYRU_282-336",
        "A0A452XPE2_AEGTS_154-208",
        "A0A8T0MQ08_PANVG_281-335",
        "A0A0E0EXL9_9ORYZ_282-336",
        "A0A452XPB5_AEGTS_152-206",
        "A0A9R0UP98_TRITD_281-335",
        "A0A6I9RQ05_ELAGV_278-332",
        "C5WM73_SORBI_281-335",
        "A0A1E5VV24_9POAL_281-327",
        "A0A0D9XJJ2_9ORYZ_282-336",
        "A0A452XPA5_AEGTS_100-154",
        "A0A9R0UU26_TRITD_281-329",
        "A0A804J5Z9_MUSAM_277-331",
        "A0A452XPC1_AEGTS_281-329",
        "A0A9D5DBM8_9LILI_281-335",
        "A0A452XPA9_AEGTS_281-328",
        "J3N2J1_ORYBR_185-239",
        "A0A811MUU0_9POAL_152-206",
        "A0A9R0QPH1_TRITD_281-335",
        "A0A8B7BL47_PHODC_278-332",
        "A0A9R0PR92_TRITD_271-325",
        "A0A835EYA7_9POAL_281-328",
        "A0A4U6SXT9_SETVI_281-326",
        "A0A0D3HDI2_9ORYZ_278-332",
        "A0A9E7K5N4_9LILI_164-218",
        "A0A2I0XBY7_9ASPA_279-330",
        "A0A3B5YR91_WHEAT_281-335",
        "A0A3B6TYE6_WHEAT_281-335",
        "A0A0E0EXS3_9ORYZ_289-336",
        "A0A8J5V379_ZIZPA_76-122",
        "A0A0E0BAB5_9ORYZ_282-336",
        "A0A8I7B0D8_HORVV_281-335",
        "A0A0E0M7J4_ORYPU_284-338",
        "A0A2I0A709_9ASPA_277-325",
        "A0A8R7JW65_TRIUA_281-335",
        "A0A5P1FCG8_ASPOF_276-328",
        "A0A9R0UTV5_TRITD_237-291",
        "A0A452XPD2_AEGTS_281-335",
        "A0A3L6S8V6_PANMI_281-335",
        "A0A804J600_MUSAM_278-332",
        "A0A8T3AGX5_DENNO_279-330",
        "A0AAD8RNT5_LOLMU_280-334"
    ],
    "group_b": [
        "A0A3Q7GAA7_SOLLC_274-328",
        "A0A9N7RB71_STRHE_275-325",
        "A0A176VKY6_MARPO_276-329",
        "A0AA88QUX7_9ASTE_278-323",
        "A0A1U8A5U0_NELNU_273-327",
        "A0A7J9H757_9ROSI_310-359",
        "A0A5D2WVN1_GOSMU_274-328",
        "A0A2Z7C956_9LAMI_271-325",
        "A0A834L9M7_RHOSS_275-329",
        "A0A5B6UVY0_9ROSI_28-75",
        "A0A484KR03_9ASTE_275-328",
        "A0AAE1RW66_9SOLA_274-328",
        "S8DVX9_9LAMI_274-332",
        "A0A5D2SID4_GOSMU_274-328",
        "A0A9D3V9S0_9ROSI_274-328",
        "A0A2G2VLU8_CAPBA_274-328",
        "A0A2P5WW35_GOSBA_337-388",
        "A0A9P3JKC5_9VIRI_258-309",
        "A0A7J7GX80_CAMSI_275-328",
        "A0A0B0NYT0_GOSAR_274-328",
        "A0A830BMI7_9LAMI_275-329",
        "A0AA88V837_9ASTE_275-329",
        "A0A9P3J4U7_9VIRI_170-221",
        "A0A1S4AR89_TOBAC_287-341",
        "A0A6P6V758_COFAR_275-320",
        "A0AAE1Y5Z0_9LAMI_275-328",
        "A0A6A3C764_HIBSY_291-335",
        "A0A6A1V0W9_9ROSI_267-320",
        "A0A2G9I2V7_9LAMI_275-329",
        "A0A484KRW2_9ASTE_275-328",
        "A0A7J9C6A1_GOSGO_284-338",
        "A0A9P3KDV9_9VIRI_258-309",
        "A0A1U7ZUD4_NELNU_232-286",
        "A0A7J6VH04_THATH_275-329",
        "A0A166EAQ3_DAUCS_275-329",
        "A0A843UFX9_COLES_381-435",
        "A0A6A2XTW0_HIBSY_274-328",
        "A0A022Q390_ERYGU_139-184",
        "A0A9P1EL94_CUSEU_145-196",
        "A0A6P6V967_COFAR_237-282",
        "A0A4S4EQS4_CAMSI_407-454",
        "A0A7J9LVC1_GOSSC_284-338",
        "A0A6A1V5K5_9ROSI_275-320",
        "A0AA38CEI8_TAXCH_284-329",
        "A0A7J9A2F8_9ROSI_284-338",
        "A0A9P3JKK3_9VIRI_75-126",
        "A0A9W7J2W1_HIBTR_274-328",
        "A0A9P0ZWP8_CUSEU_275-326",
        "A0A328D3L6_9ASTE_275-328",
        "A0A9J5YUQ1_SOLCO_329-383",
        "A0AAF0QSA9_SOLVR_274-328",
        "A0A1U8KSJ0_GOSHI_274-328",
        "D8SRW6_SELML_274-326",
        "A0A9Q1LZ87_9SOLA_274-328",
        "A0A2R6W5Q9_MARPO_276-329",
        "A0A1U7XE61_NICSY_253-307",
        "A0A2G5ENT9_AQUCA_275-329",
        "A0A2Z7AP00_9LAMI_275-324",
        "A0A8J5XUR8_9ROSI_337-388",
        "A0AAE1WUQ8_9LAMI_275-329",
        "A0A1S4AQQ9_TOBAC_253-307",
        "A0A314KM10_NICAT_276-330",
        "A0A5A7QHR1_STRAF_309-347",
        "A0A8S0PI39_OLEEU_275-329",
        "A0A2R6QQY1_ACTCC_275-329",
        "A0A068TY92_COFCA_275-328",
        "A0A6I9SM42_SESIN_275-329",
        "A0A7J8V277_9ROSI_284-338",
        "W1NG27_AMBTC_276-330",
        "A0A0K9NME7_ZOSMR_287-335",
        "A0AAD8I1S0_9APIA_275-329",
        "A0A8X8Z9Q3_SALSN_211-265",
        "A0A835MD87_9MAGN_261-315",
        "A0A1S4AR75_TOBAC_276-330",
        "A0A7J8XQ86_GOSAI_284-338",
        "A0A7I8KVR0_SPIIN_245-292",
        "A0AA88RT18_9ASTE_268-310",
        "A0A1U8EY50_CAPAN_274-328",
        "A0A443NIR2_9MAGN_276-330",
        "A0A6P6V725_COFAR_275-328",
        "M0ZV03_SOLTU_274-328",
        "A0AAD2DLY9_9LAMI_275-329",
        "A0A7J7MYU0_9MAGN_309-363",
        "A0A1Y1IHM4_KLENI_275-328",
        "A0A1U7XAN1_NICSY_276-330",
        "A0A7J9EIS2_9ROSI_340-391",
        "A0A8T2SCT5_CERRI_233-284",
        "A0A8X8WNM9_SALSN_278-332",
        "A0A1U8MRX5_GOSHI_274-328",
        "A0A7J8MFN9_9ROSI_133-187",
        "M0ZV02_SOLTU_28-82",
        "A0AAD4IVN6_PERFH_276-330",
        "A0A7J8TEV0_GOSDV_102-156",
        "A0A8T2SEE0_CERRI_232-283",
        "A0A1S4ABV6_TOBAC_276-330"
    ],
    "folder_path": "/Users/idan_shabo/Documents/Thesis/pipeline_outputs/PF04064_outputs/sequence_embeddings/subfamily_19/significant_splits/rank4"
}