{
    "subfamily": 15,
    "rank": 2,
    "node_name": "0.857",
    "lambda_obs": 30834.66015625,
    "p_adj": 0.000999000999000999,
    "group_a": [
        "A0A317WT98_9EURO_201-260",
        "A0A319D401_9EURO_241-300",
        "A0A395IAY1_ASPHC_246-304",
        "A0A395GMN2_9EURO_248-307",
        "A0A5N7A7U7_9EURO_227-285",
        "A0A401KI81_ASPAW_242-301",
        "A0A5N7ARX0_9EURO_224-282",
        "A2QBR1_ASPNC_214-273",
        "A0A5N6DPW4_ASPPA_245-304",
        "Q2UUY9_ASPOR_137-196",
        "A0A5N6V5E0_ASPTM_246-305",
        "A0A5N6EHI5_9EURO_245-302",
        "A0A1R3RY37_ASPC5_285-344",
        "A0A5N6U521_9EURO_246-302",
        "A0A5N6IYX5_9EURO_245-304",
        "A0A0L1JGX9_ASPN3_246-305",
        "B8NT54_ASPFN_245-303",
        "A0A2I2G7F3_9EURO_249-307",
        "A0A1L9WN19_ASPA1_258-317",
        "A0A1L9VBY2_ASPGL_164-199",
        "A0A319CFW5_9EURO_244-302",
        "A0A0F0I474_ASPPU_245-303",
        "A0A1L9N9Q5_ASPTC_213-265",
        "A0A2G7G702_9EURO_245-304",
        "A0A5N6I112_9EURO_246-305",
        "A0A2V5HG71_ASPV1_254-313",
        "A0A6A6NWB4_9PEZI_238-296",
        "A0A1L9UY86_ASPBC_213-272",
        "A0A317VN29_9EURO_26-82",
        "A0A3F3PZJ9_9EURO_64-123",
        "A0A1F8ABF3_9EURO_244-303",
        "A0A1M3TY85_ASPLC_241-300",
        "A0A319EUA9_ASPSB_248-307"
    ],
    "group_b": [
        "A0A9W9VPJ3_9EURO_259-323",
        "A0A2T4A7R9_TRIHA_252-317",
        "A0A1L9PUE8_ASPVE_228-288",
        "A0A9P4S7Y1_9PEZI_281-347",
        "A0AAD6N748_PENCN_238-298",
        "A0A3M2T8B8_9EURO_226-285",
        "A0AAI9T8P2_PENTH_79-140",
        "A0A6G1KK10_9PLEO_247-321",
        "A0A1L9S572_9EURO_238-299",
        "A0A1V6SQH4_9EURO_235-295",
        "A0A7R7X9K9_9EURO_229-289",
        "A0A397HDB6_ASPTH_802-863",
        "A0A9W9LWI1_9EURO_241-305",
        "A0A2T4BQN8_TRILO_242-307",
        "A0AAD6NCE7_PENCN_64-121",
        "S8AW68_PENO1_230-294",
        "A0A1V6S9J4_9EURO_231-290",
        "G9N3Y7_HYPVG_218-275",
        "A0A1V6SPB2_9EURO_43-92",
        "A0A2I2FPR0_ASPCN_206-266",
        "A0A1Q5U0G3_9EURO_250-309",
        "A0A0G4PMN1_PENC3_272-334",
        "A0AAE1IF64_9HYPO_256-321",
        "A0A1E3BDV5_ASPCR_128-167",
        "A0A9W4NE95_9EURO_234-295",
        "B6H017_PENRW_290-351",
        "A0A395N939_TRIAR_266-331",
        "A0A9W9SGB5_9EURO_246-306",
        "W6QWD8_PENRF_43-68",
        "A0A0F7TVE6_PENBI_248-306",
        "A0A9W9XA60_9EURO_230-288",
        "A0AAD6N828_PENCN_234-293",
        "A0A9W9N558_9EURO_163-225",
        "A0A2T3YXL2_TRIA4_259-324",
        "A0A2P4Z8E6_9HYPO_262-327",
        "A0A9P3BY38_ASPVI_235-296",
        "A0A1V6YG72_PENNA_231-289",
        "A0A229Z0P0_9EURO_241-302",
        "A0A9W9IS89_9EURO_77-140",
        "A0A0M8P0P8_9EURO_37-98",
        "A0A8H6PBU2_9EURO_247-308",
        "A0AAD6BUY6_9EURO_250-310",
        "G9NPZ8_HYPAI_258-323",
        "A0A8H6QTQ9_9EURO_235-284",
        "A0A9W9UVA6_PENBR_60-121",
        "A0A0F7TY34_PENBI_249-279",
        "K9G4C1_PEND2_11-30",
        "Q0CKK3_ASPTN_172-232",
        "A0A1V6NI00_PENPO_273-334",
        "A0A0G0A4Z1_TRIHA_259-324",
        "A0A9W4N3I7_PENOL_230-288",
        "A0AAD6HNL2_9EURO_64-130",
        "A0A8H3IYK4_9LECA_44-109",
        "A0A1L9T9X4_9EURO_229-289",
        "A0AAE0P2P4_SORBR_306-365",
        "A0A2I1C8X2_ASPN1_225-262",
        "A0A0A2LMM1_PENIT_239-300",
        "A0A135LIR5_PENPA_230-288",
        "A0A0A2JMF1_PENEN_245-308",
        "A0A3D8RA65_9EURO_228-289",
        "A0A1L9RRU0_ASPWE_240-301",
        "A0A3D8S4R9_9EURO_239-300",
        "A0A1V6R2H1_9EURO_245-307",
        "A0A2T4BL86_9HYPO_240-305"
    ],
    "folder_path": "/Users/idan_shabo/Documents/Thesis/pipeline_outputs/PF12417_outputs/structure_embeddings/subfamily_15/significant_splits/rank2"
}