{
    "subfamily": 3,
    "rank": 2,
    "node_name": "0.792",
    "lambda_obs": 16249.830078125,
    "p_adj": 0.000999000999000999,
    "group_a": [
        "A0A117UY37_9SPHN_38-124",
        "A0A1W7MBY8_9SPHN_42-128",
        "A0A2N0H3I2_9SPHN_32-118",
        "A0A916Z5B9_9SPHN_36-122",
        "A0A4Q1KDK7_9SPHN_37-123",
        "A0A220WA38_9SPHN_32-118",
        "A0A0N0KG80_9SPHN_37-123",
        "A0A7W6A1T8_9SPHN_36-122",
        "A0A7Y0BP28_9SPHN_39-125",
        "A0A846MGQ8_9SPHN_38-124",
        "A0A1I2S002_9SPHN_34-120",
        "A0A0N1AGJ9_9SPHN_42-128",
        "A0A2Z5UTR0_9SPHN_31-117",
        "A0A102D900_9SPHN_37-123",
        "A0A0N1BIK0_9SPHN_34-120",
        "A0A845B5Y2_9SPHN_31-117",
        "A0A916X6C8_9SPHN_38-124",
        "A0A7X1FXF6_9SPHN_35-121",
        "A0A918VK94_9SPHN_38-124",
        "A0A7W6CKQ2_9SPHN_36-122",
        "A0A2R7J4M8_9SPHN_34-120",
        "A0A3S2Y7N2_9SPHN_37-123",
        "A0A102DD44_9SPHN_40-126",
        "Q2G4H4_NOVAD_43-129",
        "A0A7X1FU56_9SPHN_33-119"
    ],
    "group_b": [
        "A0A2Z6ANE0_9SPHN_38-124",
        "A0A0J8AA58_9SPHN_37-123",
        "A0A3D9FHR5_9SPHN_32-118",
        "A0A2L0A5X6_9SPHN_38-124",
        "N1MSB0_9SPHN_38-124",
        "A0A840HRQ2_9SPHN_32-118",
        "A0A7W9CK41_9CAUL_34-120",
        "A0A1B3MN73_9SPHN_38-124",
        "A0A7W6BQM2_9SPHN_40-126",
        "A0A4U1L915_9SPHN_40-126",
        "A0A1H7DLE5_9SPHN_38-124",
        "W1RQF3_9SPHN_34-120",
        "A0A401J8Q8_SPHXE_38-124",
        "A0A6I5YRD0_9SPHN_38-124",
        "A0A2A4B529_9SPHN_34-120",
        "A0A916SWE5_9SPHN_56-142",
        "A0A518RJQ7_9SPHN_31-117",
        "A0A196MBC3_9SPHN_38-124",
        "A0A4P6XA09_9SPHN_38-124",
        "D9QIU2_BRESC_35-121",
        "A0AA42CRW5_9SPHN_34-120",
        "A0A0N1BV69_9CAUL_34-120",
        "A0A494WFV3_9SPHN_38-124"
    ],
    "folder_path": "/Users/idan_shabo/Documents/Thesis/pipeline_outputs/PF07746_outputs/structure_embeddings/subfamily_3/significant_splits/rank2"
}