{
    "subfamily": 1,
    "rank": 5,
    "node_name": "0.713",
    "lambda_obs": 66756.734375,
    "p_adj": 0.000999000999000999,
    "group_a": [
        "A0A2U1SU34_METSR_149-300",
        "A0A925HEU2_HYPSQ_146-297",
        "F8JBN5_HYPSM_148-300",
        "A0A1W2DJL4_9HYPH_153-304",
        "A0A7W6GLF5_9HYPH_149-300",
        "A0A4U8Z2K5_METTU_149-300",
        "A0A5R8QL88_9HYPH_149-300",
        "A0A271KIZ1_9HYPH_149-300",
        "A0A7C9R6G0_9HYPH_149-300",
        "A0A1I3VMX7_9HYPH_149-300",
        "A0A0D6JAV9_9HYPH_157-308",
        "A0A916W1E8_9HYPH_149-300",
        "Q0G4K5_9HYPH_153-304",
        "A0A6B8KGT7_9HYPH_149-300",
        "A0A2N9VPM0_9HYPH_149-300",
        "A0A6L9MI87_9HYPH_153-304",
        "A0A562CPY9_9HYPH_149-300",
        "A0A1X0T8K9_9HYPH_153-304",
        "A0A3D9ZD12_9HYPH_149-300",
        "A0A2S9JH93_9HYPH_149-300",
        "A0A5B0DQB8_9HYPH_149-300",
        "A0A6I3KLX2_9HYPH_146-297",
        "A0A6I7HKF2_9HYPH_149-300",
        "A0A916Y9U9_9HYPH_149-300",
        "A0A2P7AM78_9HYPH_149-300",
        "A0A1E3VKZ6_9HYPH_146-297",
        "A0A974U1Y7_9HYPH_149-300",
        "A0A1H0WIW1_9HYPH_149-300",
        "A0A095V5B8_9HYPH_149-300",
        "A0A0B1Q3V3_9HYPH_149-300",
        "A0A925PUQ6_9HYPH_149-300",
        "A0A1E3VUC6_9HYPH_149-300",
        "Q1YFY4_AURMS_146-297",
        "A0A371X1U5_9HYPH_153-304",
        "H0HR99_9HYPH_149-300",
        "A0A4U6BH75_9HYPH_149-300",
        "A0A0D6P8D5_9PROT_168-319",
        "A0A135HWH1_9HYPH_149-300",
        "A0A6N0DUV0_9HYPH_149-300",
        "B8EKG2_METSB_149-300",
        "A0A316BZN6_PSESE_149-300",
        "A0A0Q6C388_9HYPH_156-307",
        "A0A2N8MF33_9HYPH_149-300",
        "A0A1E2S2Z4_9HYPH_149-256",
        "A0A3F2U0D1_9HYPH_149-300",
        "A0A1V8RP69_9HYPH_149-300",
        "A0A432V415_9HYPH_149-300",
        "A0A4Y8RWQ5_9HYPH_146-297",
        "D8JYG4_HYPDA_148-299",
        "A0A1E2S2W1_9HYPH_1-39",
        "A0A2P7S6V8_9HYPH_149-300",
        "A0A0Q6EU71_9HYPH_146-297",
        "A0A1A6FN95_9HYPH_149-300",
        "A0A1W6MXR4_9HYPH_149-300",
        "A0A0B4XGM8_9HYPH_149-300",
        "A0A0Q6E228_9HYPH_150-301",
        "A0A1E3VZX5_9HYPH_146-297",
        "A0A942DWY6_9HYPH_149-300",
        "A0A6B8MCG8_9HYPH_149-300",
        "A0A371XC47_9HYPH_149-300",
        "A0A1I7NVB8_9HYPH_148-300",
        "A0A939JWC7_9HYPH_146-297",
        "Q0BU24_GRABC_205-356",
        "A0A109BJ62_HYPSL_146-297",
        "V5SF98_9HYPH_149-300",
        "A0A1I3VU50_9HYPH_148-299"
    ],
    "group_b": [
        "A0A4V6NAW8_9PROT_146-296",
        "A0A1G7GA55_9BURK_146-302",
        "A0A0L0MJA1_9BURK_153-304",
        "A0A172U547_METSD_146-296",
        "A0A2H6BEP6_9HYPH_146-296",
        "A0A517NHB3_9BACT_167-317",
        "A0A1N7RTU6_9BURK_159-310",
        "A7IG96_XANP2_152-303",
        "A0A0B7IU58_9PROT_146-296",
        "H5WKE3_9BURK_151-302",
        "A0A5Q0BHW9_9GAMM_146-296",
        "A0A158EUT2_9BURK_153-304",
        "A0A7Y9R1U9_9BURK_143-294",
        "A0A1H6YPK7_9BURK_164-317",
        "A0A2S9Q9B5_9HYPH_159-310",
        "A0A5C6A6R8_9BACT_169-319",
        "A0A1Z5H700_9GAMM_146-296",
        "A0A5B9QNA3_9BACT_146-296",
        "A0A1A9T4E1_9PROT_150-300",
        "A0A6P1YQ10_9HYPH_146-296",
        "FTR_RHOBA_170-320",
        "A0A1H4A6F3_9BURK_160-311",
        "A0A177NEZ2_9GAMM_146-296",
        "C6WV19_METML_147-297",
        "A0A848K078_9HYPH_152-303",
        "A0A974VWG4_9GAMM_146-296",
        "A0A4Q9GRW9_9HYPH_146-296",
        "C6XDX8_METGS_146-296",
        "A0A0L6T3W5_9BURK_149-300",
        "Q3JF31_NITOC_129-279",
        "A0A1Z4BTN4_9GAMM_146-296",
        "A0A255QJ87_9BACT_165-315",
        "A0A1X7E2I7_TRICW_157-308",
        "A0A090ABD1_9GAMM_146-296",
        "M5RCX0_9BACT_155-306",
        "A0A149PDF2_9BURK_163-314",
        "A0A848H530_9BURK_146-295",
        "A0A0Q6MLQ4_9BURK_146-297",
        "A0A5P8MUR5_9HYPH_146-296",
        "FTR_METFK_150-300",
        "A0A931N1A5_9HYPH_150-301",
        "A0A848FCD6_9BURK_150-301",
        "B2JX59_PARP8_153-302",
        "A0A937CTG4_9BURK_146-297",
        "A0A5M6DHX6_9BACT_156-306",
        "A0A9U5FY52_9BURK_151-302",
        "A0A5B8CSB2_9PROT_151-301",
        "A0A0Q7APP6_9BURK_150-301",
        "A0A5C7EZK7_9PROT_146-296",
        "A0A3N0UXT9_9PROT_150-300",
        "A0A2N7X8K1_9BURK_157-308",
        "M7P421_9GAMM_148-298",
        "A0A1V8M2Y3_9GAMM_146-296",
        "A0A7Z0VIU4_9GAMM_146-296",
        "A0A6H9YAI0_9PROT_146-296",
        "A0A2U8WKS5_9HYPH_154-305",
        "A0A1Q2SJS6_9GAMM_145-295",
        "A0A1R4HFE4_9GAMM_146-296",
        "A0A858WZ55_9HYPH_146-296",
        "A0A4Q7LDX4_9BURK_164-319",
        "A0A512JFD2_9HYPH_163-314",
        "H0Q560_9RHOO_152-307",
        "H8GMM6_METAL_146-296",
        "A0A7T0JM24_9GAMM_146-296",
        "A0A6N1Y9S8_9GAMM_146-296",
        "A0A840ZIX2_9HYPH_154-305",
        "A0A250KZY0_9GAMM_146-296",
        "A0A5B1CEX2_9BACT_171-321",
        "A0A8S0XI16_9GAMM_146-296",
        "A0A2K8UIQ7_9GAMM_146-296",
        "A0A975DN33_9HYPH_150-301",
        "A0A2U3IE42_9BURK_153-304",
        "A0A4U8V4Z8_9BURK_149-300",
        "A0A5C6EKT0_9BACT_158-308",
        "A0A839HID1_9BURK_160-311",
        "A0A6N6MPP4_9HYPH_154-305",
        "A0A0Q4XAJ5_9HYPH_155-306",
        "A0A7W5E4J9_9BACT_179-329",
        "A0A8D5FZ66_9PROT_150-300",
        "C0N5C8_9GAMM_149-299",
        "A0A212S013_9PROT_146-296",
        "A0A1I2TYA5_9HYPH_155-306",
        "A0A916N0C6_UNCPA_146-296",
        "A0A1Q8IXR0_9BURK_159-310",
        "A0A518G0N5_9BACT_146-296",
        "A0A975DWT0_9BURK_146-297",
        "A0A6J5D484_9BURK_153-301",
        "A0A126T5W8_9GAMM_146-296",
        "A0A7W6CXT7_9HYPH_146-296",
        "F5SYI8_9GAMM_147-297",
        "B1FSG4_PARG4_177-328",
        "N6Y0J3_9RHOO_157-308",
        "A0A1A9NMX7_9PROT_146-296",
        "A0A1S1Y736_9GAMM_146-296",
        "A0A517SX13_9BACT_164-314",
        "A0A1I4LWN7_9BURK_150-301",
        "A0A5C6C793_9BACT_155-306",
        "A0A940YMM2_9BURK_148-299",
        "A0A4R3LR17_9HYPH_146-297",
        "F5RAV7_METUF_146-296",
        "A0A1E3GY83_9GAMM_148-298",
        "B8ITW7_METNO_154-305",
        "A0A5C5XRA0_9BACT_147-297",
        "A0A940SB75_9BURK_164-317",
        "A0A2U8VZ69_9HYPH_154-305",
        "A0A5C6B8D1_9BACT_155-317",
        "A2SJ40_METPP_146-298",
        "G0A464_METMM_146-296",
        "FHCD_METEA_154-305",
        "A0A509EDK0_9HYPH_157-308",
        "A0A1E3H6D5_9HYPH_153-307",
        "I1YJL0_METFJ_148-298",
        "A0A0N8GES7_9HYPH_149-300",
        "A0A5C6TYV6_9BURK_148-299",
        "A0A429WQC0_9BURK_157-314",
        "A0A142Y384_9BACT_146-296",
        "A0A5C5WYL5_9BACT_164-314",
        "A0A4Q0MMC1_9HYPH_146-296",
        "A0A3L7A4G4_9HYPH_152-303",
        "A0A5S9NFG3_9HYPH_146-296",
        "A0A916M5B8_9PROT_150-300",
        "A0A1B3LKQ4_9PROT_146-296",
        "A0A257LNA9_9BURK_148-299",
        "A0A1Y6DAM5_9GAMM_146-296",
        "A0A4R6F6K1_9BURK_153-304",
        "A0A290ZUH3_9RHOO_150-301",
        "A0A0V7ZAH4_9HYPH_154-305",
        "A0A923MNF3_9BURK_146-297",
        "A0A2P5NGC9_METSP_146-296",
        "A0A512L621_9PROT_146-296",
        "A0A512IV24_9HYPH_154-305",
        "A0A2U8WAY9_9HYPH_154-305",
        "A0A924VA63_9PROT_151-301",
        "A0A6J5DM82_9BURK_153-301",
        "A0A658R0F4_9BURK_156-307",
        "A0A372KAN7_9BURK_159-310",
        "A0A5C6E8S2_9BACT_155-311",
        "A0A6J5G3S0_9BURK_159-310",
        "B1Y0X7_LEPCP_155-306",
        "A0A974PS54_9HYPH_156-307",
        "A0A3S3U871_9HYPH_158-309",
        "A0A4R6RM81_9HYPH_149-300",
        "A0A069PP81_9BURK_150-301",
        "A0A5C5YZZ7_9BACT_155-306",
        "A0A975MPL7_9GAMM_146-296",
        "A0A1G4THA4_9HYPH_151-301",
        "A0A5C8WZ79_9HYPH_154-305",
        "A0A7G1Q6X3_9GAMM_146-296",
        "A0A0Q4X7E0_9HYPH_155-306",
        "A0A7R6W9L7_9GAMM_146-296",
        "A0A839Z4J7_9HYPH_146-296",
        "V5BD94_9GAMM_146-296",
        "A0A5B2VFX2_9HYPH_151-302",
        "A0A940SGK5_9BURK_153-302",
        "A0A9E6UMD9_9HYPH_146-296",
