{
    "subfamily": 7,
    "rank": 2,
    "node_name": "0.844",
    "lambda_obs": 4347.0810546875,
    "p_adj": 0.000999000999000999,
    "group_a": [
        "A0A8C1Q2W4_CYPCA_546-718",
        "A0A8C1D4U4_CYPCA_488-558",
        "A0A672ML31_SINGR_477-599",
        "A0A8C1Q2X4_CYPCA_536-644",
        "A0A673H405_9TELE_540-652",
        "A0A671LKZ9_9TELE_516-688",
        "A0A672MLC4_SINGR_536-644",
        "A0A8C1Q6N6_CYPCA_560-732",
        "A0A672MS60_SINGR_536-708",
        "A0A9J8BM72_CYPCA_488-610",
        "A0A8C1RIF9_CYPCA_548-656",
        "A0A9R1SK84_CYPCA_536-644",
        "A0A9J8CNG8_CYPCA_546-718",
        "A0A673H593_9TELE_544-712",
        "A0A8C1HK77_CYPCA_487-609",
        "A0A8C1RII0_CYPCA_487-609",
        "A0A8C1RIJ7_CYPCA_488-558",
        "A0A671LMJ3_9TELE_528-700",
        "A0A9R1SQF5_CYPCA_569-741",
        "A0A672ML92_SINGR_560-732",
        "A0A8C1RII4_CYPCA_488-610",
        "A0A672MN63_SINGR_512-685",
        "A0A9J8AG86_CYPCA_548-656",
        "A0A673H622_9TELE_560-732",
        "A0A8C1Q2K4_CYPCA_569-741",
        "A0A672MIF0_SINGR_503-625"
    ],
    "group_b": [
        "A0A8C1D491_CYPCA_569-741",
        "A0A673LZE6_9TELE_443-615",
        "A0A8C1D058_CYPCA_560-732",
        "A0A9R1SEN2_CYPCA_527-699",
        "A0A671NQG3_9TELE_507-675",
        "A0A9R1SI15_CYPCA_556-728",
        "A0AA88PDH8_9TELE_569-741",
        "A0A8C2CK62_CYPCA_556-728",
        "A0A9W7TK03_TRIRA_569-741",
        "A0A8C1GUW0_CYPCA_543-715",
        "A0A5A9NKE9_9TELE_569-741",
        "A0A8C1DIC1_CYPCA_531-643",
        "A0A6P6NEJ1_CARAU_569-741",
        "A0A8C1IC31_CYPCA_531-643",
        "A0A8M2B7D6_DANRE_569-741",
        "A0A8M3AW62_DANRE_567-739",
        "A0A9R1SAZ1_CYPCA_543-715",
        "A0A8C1GV18_CYPCA_527-699",
        "A0A671NSK3_9TELE_549-721",
        "A0A6P6LZG7_CARAU_569-741",
        "Q5PR93_DANRE_560-732",
        "A0A8C1GV86_CYPCA_492-609",
        "A0A7J6BX97_9TELE_569-742",
        "A0A671NVK0_9TELE_468-623",
        "A0A672QLI2_SINGR_528-700",
        "A0A671NP54_9TELE_569-741",
        "A0A671NPW3_9TELE_463-618",
        "A0A671NNR9_9TELE_552-720"
    ],
    "folder_path": "/Users/idan_shabo/Documents/Thesis/pipeline_outputs/PF23405_outputs/sequence_embeddings/subfamily_7/significant_splits/rank2"
}