{
    "subfamily": 6,
    "rank": 2,
    "node_name": "0.807",
    "lambda_obs": 11085.7578125,
    "p_adj": 0.000999000999000999,
    "group_a": [
        "A0A0N1BV69_9CAUL_34-120",
        "T0IU51_9SPHN_35-121",
        "A0A0Q4BYE2_9SPHN_38-124",
        "A0AA42CRW5_9SPHN_34-120",
        "A0A285R277_9SPHN_34-120",
        "A0A514WK96_9SPHN_30-116",
        "A0A0Q4C8E2_9SPHN_34-120",
        "A0A6M5JBQ0_9SPHN_39-125",
        "A0A437J5B4_9SPHN_34-120",
        "W0AHQ1_9SPHN_35-121",
        "A0A0Q8R714_9SPHN_34-120",
        "A0A2P7QVR2_9SPHN_34-120",
        "A0A2A4B529_9SPHN_34-120",
        "A0A4U1L915_9SPHN_40-126",
        "A0A0N1BKD8_9PROT_32-118",
        "D9QIU2_BRESC_35-121",
        "A0A838LC37_9SPHN_39-125",
        "A0A0Q8QZ44_9SPHN_34-120",
        "A0A927JFB2_9SPHN_38-124",
        "A0A916SWE5_9SPHN_56-142",
        "A0A2L0ACY0_9SPHN_38-124",
        "A0A518RJQ7_9SPHN_31-117",
        "A0A4R1UR56_9SPHN_43-129",
        "A0A7W6BQM2_9SPHN_40-126",
        "A0A4P6XA09_9SPHN_38-124",
        "A0A5C6TQB7_9SPHN_34-120",
        "A0A916WUE2_9SPHN_34-120",
        "A0A2L0A5X6_9SPHN_38-124",
        "A0A0Q8Q7T9_9SPHN_32-118",
        "A0A975GUE6_9CAUL_36-122",
        "A0A840HRQ2_9SPHN_32-118",
        "A0A0Q8Q352_9SPHN_34-120",
        "A0A7W9CK41_9CAUL_34-120",
        "A0A0N0LXU7_9SPHN_30-116",
        "A0A3D9FHR5_9SPHN_32-118",
        "A0A6N0WYD0_9SPHN_34-120",
        "J2FUJ2_9SPHN_34-120",
        "A0A4Q5S102_9SPHN_34-120"
    ],
    "group_b": [
        "A0A4T3F0R1_9SPHN_32-118",
        "A0A829YNS3_9GAMM_24-110",
        "A0A1A8T2T7_9GAMM_28-114",
        "V4PUG6_9CAUL_27-113",
        "A0A0F7KX30_9SPHN_31-117",
        "G2IJI4_SPHSK_31-117",
        "A0A927C521_9GAMM_27-113",
        "A0A543J4E2_9ACTN_27-113",
        "A0A255XXW7_9PROT_27-113",
        "A0A0T2Q975_9SPHN_31-117",
        "A0A7W3PP24_9MICO_28-114",
        "A0A9X1D8M0_9SPHN_31-117",
        "A0A501PFQ8_9PROT_27-113",
        "A0A844XFR7_9SPHN_32-118",
        "A0A3A1P6Z5_9SPHN_32-118",
        "A0A395JHP0_9GAMM_27-113",
        "A0A2S7K583_9PROT_27-113",
        "A0A2Z5YVH8_9SPHN_31-117",
        "A0A1T4W2N2_9GAMM_26-112",
        "A0A844YW24_9SPHN_32-118",
        "I2JIF1_9GAMM_27-113",
        "A0A2Z3RZ94_9MICO_28-114",
        "A0A370U7J0_9GAMM_28-114",
        "A0A1P8U725_9MICO_29-115",
        "A0A8H2KAB8_9MICO_28-114",
        "A0A501PFW2_9PROT_27-113",
        "A0A6I4TNZ0_9SPHN_33-119",
        "A0A844ZHN0_9SPHN_32-118",
        "A0A7W4W9N7_9GAMM_27-113",
        "A0A239HH04_9PROT_27-113",
        "A0A7Y6ZYV1_9ALTE_27-113",
        "A0A1A8T3A1_9GAMM_28-114",
        "A0A940FSS1_9SPHN_32-118",
        "A0A6I4STW5_9SPHN_31-117",
        "A0A0P6WN02_9SPHN_18-104",
        "A0A4Y8UP59_9GAMM_27-113",
        "A0A3F2UXT0_9GAMM_27-113",
        "A0A6I4UTE6_9SPHN_31-117",
        "A0A6P2BWF6_9ACTN_28-114",
        "A0A939ILF8_9GAMM_27-113",
        "A0A9E5MMI6_9GAMM_27-113"
    ],
    "folder_path": "/Users/idan_shabo/Documents/Thesis/pipeline_outputs/PF07746_outputs/sequence_embeddings/subfamily_6/significant_splits/rank2"
}