{
    "subfamily": 8,
    "rank": 1,
    "node_name": "0.052",
    "lambda_obs": 11714.5400390625,
    "p_adj": 0.000999000999000999,
    "group_a": [
        "Q8A026_BACTN_4-54",
        "I9RQ75_9BACE_5-54",
        "E7RR71_9BACT_5-54",
        "R5UR22_9BACE_5-54",
        "A0A264Y742_9BACT_6-54",
        "A6L1V6_PHOV8_4-53",
        "R5JS09_9BACE_11-60",
        "R6Y8W1_9BACE_6-53",
        "A0A374W9P9_9BACE_5-54",
        "U2MJK5_9BACT_4-54",
        "R6C8Y7_9BACE_5-54",
        "W4URI0_9BACE_5-54",
        "A0A926IPS1_9FIRM_4-54",
        "A0A174NPF4_9BACE_4-54",
        "A0A1Y4HNS5_9BACT_5-54",
        "A0A069D654_9BACE_4-54",
        "A0A1Y4AD99_9BACE_5-54",
        "A0A416GJ56_9BACE_5-54",
        "A0A5C6HPK0_9BACT_3-53",
        "A0A1Y4CAM1_9BACT_5-53"
    ],
    "group_b": [
        "A0A396MEW9_9BACT_5-53",
        "A0A0F5JNL6_9BACT_5-54",
        "F8WZW0_9BACT_17-67",
        "A0A3R6IF92_9BACT_8-56",
        "A0A2P8DCV5_9BACT_2-51",
        "A0A1G4G8T0_9BACT_5-54",
        "F5J406_9BACT_7-56",
        "A0A934TFT2_9BACT_7-55",
        "A0A249SVJ6_9BACT_1-50",
        "A0A8G2BYE0_9BACT_5-54",
        "S8GS71_9BACT_4-53",
        "A0A1R3T4S9_9BACT_5-54",
        "A0A098BZA6_9BACT_5-54",
        "K5ZBK7_9BACT_8-56",
        "A0A1T5BC92_9BACT_5-54",
        "A0A099WVZ2_PORCN_2-53",
        "A0A3R6LXW7_9BACT_8-56",
        "A0A060R606_9BACT_2-51",
        "A0A927PHS4_9BACT_7-56",
        "R5PAX8_9BACT_5-54",
        "A0A840CIS4_9BACT_7-56"
    ],
    "folder_path": "/Users/idan_shabo/Documents/Thesis/pipeline_outputs/PF03869_outputs/sequence_embeddings/subfamily_8/significant_splits/rank1"
}