{
    "subfamily": 6,
    "rank": 1,
    "node_name": "0.742",
    "lambda_obs": 15151.8720703125,
    "p_adj": 0.000999000999000999,
    "group_a": [
        "A0A257H9J0_9HYPH_11-67",
        "A0A8J3H1F7_9RHOB_11-67",
        "F2IVW1_POLGS_12-67",
        "A0A419A3D9_9RHOB_13-67",
        "A0A2S0MNA7_9RHOB_136-202",
        "A0A1H8RM43_9RHOB_15-71",
        "A0A5B8JAN1_9RHOB_12-66",
        "A0A1L9BMZ9_9RHOB_13-68",
        "K2IXN3_9PROT_11-67",
        "A0A0U3PE21_9HYPH_10-66",
        "A0A422QTG1_9RHOB_12-67",
        "A0A6A7Y7I5_9HYPH_11-67",
        "A0A101K432_9HYPH_13-69",
        "A0A916XBZ0_9HYPH_15-71",
        "A0A4S4N843_9RHOB_11-67",
        "A0A2H5F4Z4_9RHOB_12-67",
        "A0A7Z0I2G2_9RHOB_13-69",
        "A0A934SEN2_9RHOB_14-69",
        "A0A238L7I7_9RHOB_13-68",
        "A0A926GCI1_9RHOB_15-69",
        "A0A239PTN6_9RHOB_11-67"
    ],
    "group_b": [
        "A0A0M6YAM8_9HYPH_2-37",
        "A0A917QJQ0_9HYPH_12-71",
        "A0A2R8BZC9_9RHOB_12-67",
        "A0A2R8AG48_9RHOB_7-68",
        "A0A8J3HBT5_9RHOB_10-66",
        "A0A6N7ZPX7_9HYPH_13-68",
        "A0A3D8PAT9_9RHOB_13-67",
        "A0A5D0W006_9RHOB_14-68",
        "A1BBC9_PARDP_13-67",
        "A0A1H8JWZ0_9RHOB_18-72",
        "A0A3S1AY06_9RHOB_15-71",
        "A0A0B3SHY3_9RHOB_13-67",
        "A0A4Q5XU64_9PROT_14-69",
        "A0A1H4GF03_9RHOB_12-67",
        "A0A1N6H0Y5_9RHOB_1-58",
        "A0A2T7H9Z2_9HYPH_14-68",
        "A0A4U6CBP9_9HYPH_11-66",
        "A0A1X7J5K1_9RHOB_13-67",
        "A0A844H734_9RHOB_12-66",
        "A0A2T8HPP4_9RHOB_9-66",
        "E2CC81_9HYPH_14-68",
        "A0A2C9CRR0_9RHOB_14-68",
        "A0A4Q5Y0V3_9PROT_14-69",
        "A0A6P1SYU9_9RHOB_11-71",
        "A0A2T4JB23_FUSBL_11-68",
        "A0A0N0JS59_9HYPH_14-69"
    ],
    "folder_path": "/Users/idan_shabo/Documents/Thesis/pipeline_outputs/PF20586_outputs/structure_embeddings/subfamily_6/significant_splits/rank1"
}