{
    "subfamily": 14,
    "rank": 3,
    "node_name": "0.707",
    "lambda_obs": 16983.455078125,
    "p_adj": 0.000999000999000999,
    "group_a": [
        "A0A402A209_9CHLR_9-68",
        "A0A7J9W9Q0_9ACTN_32-96",
        "A0A8J6WSL3_9CYAN_43-114",
        "A0A402B9J5_9CHLR_2-62",
        "A0A4P6K2P9_KTERU_1-61",
        "A0A4R8GHN3_9FIRM_3-96",
        "A0A346XTY7_9ACTN_19-97",
        "A0A5J4KQF3_9CHLR_2-62",
        "A0A5B2YZ07_9ARCH_136-208",
        "A0A5A5TCW1_9CHLR_2-62",
        "A0A928VFL1_9CYAN_55-126",
        "A0A484IF61_9ARCH_6-60",
        "A0A5B2Z6M2_9ARCH_159-224",
        "A0A8J3I296_9CHLR_2-61",
        "A0A8J7BNM0_9CYAN_14-116",
        "A0A5B2Z8J5_9ARCH_76-138",
        "A0A654LWP6_9ARCH_159-224",
        "A0A5B2YVV0_9ARCH_25-99",
        "A0A1Z4JS84_LEPBY_18-110",
        "G7WR50_METH6_12-99",
        "A0A5B2Z5E5_9ARCH_51-113",
        "D6TIX2_KTERA_1-61",
        "A0A8J3IF51_9CHLR_1-61",
        "A0A098TL43_9CYAN_140-198",
        "K9TCB3_9CYAN_500-558",
        "A0A0S3UF45_9CYAN_54-126",
        "A0A926ZJR4_9CYAN_12-107",
        "A0A1C0A4P8_9FIRM_29-101",
        "F4BVS0_METSG_43-108",
        "A0A098TJM2_9CYAN_223-287",
        "A0A7I8ELZ5_9CHLR_2-62",
        "D0MKR2_RHOM4_52-115",
        "A0A401ZHZ2_9CHLR_1-62",
        "A0A926U0E3_9CYAN_19-114",
        "A0A6L5F428_9ACTN_4-86",
        "A0A402AN33_9CHLR_1-61"
    ],
    "group_b": [
        "A0A926PUL4_9CYAN_38-118",
        "J1H5Q4_CLOS9_209-276",
        "A0A926Y4D2_9CYAN_6-118",
        "A0A926SIX8_9CYAN_2-60",
        "B4WV99_SYNS7_1-108",
        "A0A928VS52_9CYAN_19-93",
        "A0A0V7ZIX9_9CYAN_32-112",
        "A0A926PJ56_9CYAN_49-120",
        "D7BA47_ALLS1_20-93",
        "A0A0P9D9N5_9CHLR_16-103",
        "A0A0S3UED5_9CYAN_23-113",
        "A0A251W7R5_9CYAN_88-163",
        "A0A926W6P4_9CYAN_24-107",
        "A0A518H991_9BACT_3-38",
        "A0A926TKS6_9CYAN_8-113",
        "A0A8J6VSU1_9CYAN_11-120",
        "K9R8D5_9CYAN_34-110",
        "A0A926U3V9_9CYAN_6-79",
        "A0A8J6XIU8_9CYAN_7-111",
        "A0A928Z074_9CYAN_19-113",
        "A0A926ZE71_9CYAN_17-117",
        "A0A0S3UFC0_9CYAN_39-135"
    ],
    "folder_path": "/Users/idan_shabo/Documents/Thesis/pipeline_outputs/PF20586_outputs/sequence_embeddings/subfamily_14/significant_splits/rank3"
}