{
    "subfamily": 13,
    "rank": 1,
    "node_name": "0.647",
    "lambda_obs": 233.3182373046875,
    "p_adj": 0.000999000999000999,
    "group_a": [
        "A2WKA8_ORYSI_69-94",
        "A0A0E0FFS6_ORYNI_69-92",
        "A0A0D3EJ94_9ORYZ_69-94",
        "A0A6G1E1K0_9ORYZ_69-94",
        "IBBWP_MAIZE_70-98",
        "Q7FU57_MAIZE_70-98",
        "A0A6G1DZZ1_9ORYZ_64-89",
        "I1HBP1_BRADI_68-93",
        "A0A811QYK9_9POAL_147-172",
        "A0A8J5RGW7_ZIZPA_72-97",
        "A0A811R260_9POAL_367-392",
        "A0A0E0JDN9_ORYPU_70-95",
        "A0A0D9Y2T7_9ORYZ_69-94",
        "A0A0E0MQZ2_ORYRU_69-92",
        "A0A0E0BWJ1_9ORYZ_69-94",
        "J3KW43_ORYBR_69-94",
        "A0A811R1S5_9POAL_138-163",
        "A0A0E0JDP0_ORYPU_69-94",
        "Q9LGB2_ORYSJ_69-94",
        "A0A0D9UWE9_9ORYZ_69-94"
    ],
    "group_b": [
        "A0A9D5AY87_PEA_63-86",
        "A0A6P3ZT07_ZIZJJ_80-105",
        "A0A5J9VLW6_9POAL_39-62",
        "Q9M3X3_PEA_50-73",
        "A0A834ZRC5_TETSI_76-98",
        "A0A811QRW4_9POAL_147-169",
        "A0A8T0Q3D8_PANVG_46-71",
        "C0PNX6_MAIZE_141-166",
        "A0A9D5B3C2_PEA_68-91",
        "A0A9D5B3D4_PEA_67-90",
        "K3YAC0_SETIT_140-163",
        "A0A804MEM9_MAIZE_139-161",
        "A0A834ZIK7_TETSI_76-98",
        "A0A9D4XZ15_PEA_57-80",
        "A0A835DL25_TETSI_72-94",
        "A0A8K0DZE0_9ROSA_97-122",
        "A0AAD4SNB8_9MAGN_78-101",
        "G7L4L0_MEDTR_57-80",
        "A0A4U6TW02_SETVI_140-163",
        "A0A8B8L586_ABRPR_83-106",
        "A0A978VDW3_ZIZJJ_89-114",
        "A0A804MEN1_MAIZE_167-192",
        "A0A811R0T5_9POAL_147-172",
        "A0A834ZRC5_TETSI_142-164"
    ],
    "folder_path": "/content/drive/MyDrive/Thesis/protein_data/PF00228_outputs/sequence_embeddings/subfamily_13/significant_splits/rank1"
}