{
    "subfamily": 14,
    "rank": 1,
    "node_name": "0.724",
    "lambda_obs": 639.601806640625,
    "p_adj": 0.000999000999000999,
    "group_a": [
        "A0A978VDX2_ZIZJJ_94-116",
        "I1MAC4_SOYBN_81-104",
        "A0A0B2NX54_GLYSO_81-104",
        "I1L3Q3_SOYBN_81-104",
        "A0A8B8LN95_ABRPR_73-96",
        "A0A6P3ZPT1_ZIZJJ_94-116",
        "A0A0L9T803_PHAAN_75-98",
        "A0A0S3TBS2_PHAAN_106-129",
        "A0A151RI37_CAJCA_66-89",
        "V7C519_PHAVU_84-106",
        "A0A0R0IF61_SOYBN_75-98",
        "A0A835D7W4_TETSI_49-70",
        "A0A978VDX5_ZIZJJ_94-116",
        "A0A978U9B0_ZIZJJ_94-116",
        "B3W6M4_PHAVU_84-106",
        "IBB1_SOYBN_74-97",
        "A0A6P3ZT26_ZIZJJ_93-115",
        "A0A978VDW8_ZIZJJ_100-122",
        "A0A8B8LSA3_ABRPR_74-97",
        "A0A978VJT4_ZIZJJ_94-116",
        "A0A6P3ZSE5_ZIZJJ_94-116"
    ],
    "group_b": [
        "A0A4Y7JN52_PAPSO_83-105",
        "A0A4S8KES6_MUSBA_47-71",
        "A0AAD4SNB8_9MAGN_51-74",
        "A0A3S3NMN2_9MAGN_42-63",
        "A0A4S8JUM1_MUSBA_51-75",
        "A0A151TBJ9_CAJCA_53-76",
        "A0A443NW49_9MAGN_43-63",
        "A0A978VDY9_ZIZJJ_54-77",
        "I1L6K7_SOYBN_79-102",
        "A0A843W4S1_COLES_71-94",
        "A0A1U8A6S5_NELNU_75-98",
        "IBBC2_SOYBN_48-71",
        "A0A0B2REY2_GLYSO_74-97",
        "G7L4L7_MEDTR_58-81",
        "A0A9D4XZ26_PEA_101-124",
        "A0A9D5B410_PEA_88-110",
        "A0AAE1N4Q6_9FABA_76-99",
        "A0A6P4AAH2_ZIZJJ_47-70",
        "A0A443NW81_9MAGN_69-91",
        "A0A6P4BNC4_ARADU_81-105",
        "IBBD2_SOYBN_52-74",
        "A0AAE1TFB6_9FABA_51-74",
        "A0AAD7M5M9_QUISA_126-149",
        "A0AAD4XUM8_9MAGN_82-106",
        "A0AAD4XUM8_9MAGN_109-131",
        "A0A0L9TBR6_PHAAN_81-104",
        "D8SCF9_SELML_99-114",
        "A0AA41UZM2_PAPNU_157-175",
        "A0A978VDW4_ZIZJJ_73-98",
        "A0A2K3JZL4_TRIPR_54-77",
        "A0AAD4TCT5_9MAGN_54-76",
        "A0A4S8KES6_MUSBA_75-98",
        "Q8RU22_GLYSO_74-97",
        "A0A6A4QZM1_LUPAL_58-81",
        "A0A2G5F3Y4_AQUCA_46-69",
        "A0A4Y7L936_PAPSO_64-86",
        "A0A9D5B410_PEA_61-84",
        "A0AAD4TES4_9MAGN_79-103",
        "A0A151TBK5_CAJCA_80-103",
        "A0A0L9T819_PHAAN_72-95",
        "G7L4L7_MEDTR_84-107",
        "A0A804ITL1_MUSAM_75-98",
        "I1L3Q2_SOYBN_74-97",
        "G7L3N0_MEDTR_58-81",
        "A0A978VDZ0_ZIZJJ_54-77",
        "A0AAD4XKG9_9MAGN_83-105",
        "A0A9E7JZ56_9LILI_49-72",
        "A0AAD4XXN5_9MAGN_58-80",
        "A0AAD4TCM5_9MAGN_23-46",
        "G7L4L3_MEDTR_74-97",
        "A0A804ITL1_MUSAM_47-71",
        "A0A445J6B2_GLYSO_54-77",
        "A0AAE1N603_9FABA_53-76",
        "A0AA41VVU6_PAPNU_79-103",
        "A0A9D5B059_PEA_67-90",
        "IBB_VIGRR_39-62",
        "A0A2Z6MJG6_TRISU_75-98",
        "A0A834YUB7_TETSI_77-100",
        "A0A978VDW4_ZIZJJ_47-70",
        "A0AA42B507_PAPNU_58-81",
        "A0A1S2XQ25_CICAR_56-79",
        "A0A2G5D6P5_AQUCA_23-46",
        "K7LE73_SOYBN_74-97",
        "A0A0L9TBI5_PHAAN_74-97",
        "A0AAE1N629_9FABA_50-73",
        "A0A4Y7JN52_PAPSO_56-79",
        "A0A443NW49_9MAGN_69-91",
        "I1MQD2_SOYBN_77-99",
        "A0A7J6XGN6_THATH_46-69",
        "A0A7J6XGM2_THATH_43-66",
        "A0AA41UZM2_PAPNU_124-144",
        "A0A2G5CJ05_AQUCA_46-69",
        "A0A6A4QZM1_LUPAL_84-107",
        "C6SVG7_SOYBN_82-105",
        "A0A1S2XQ25_CICAR_82-105",
        "A0AA41VVU6_PAPNU_106-128",
        "A0A9D5B059_PEA_94-116",
        "A0A151TBM1_CAJCA_51-74",
        "I1L6K7_SOYBN_53-76",
        "A0A2K3JZL0_TRIPR_80-103",
        "A0A151TBJ9_CAJCA_79-102",
        "A0A9D4XXC5_PEA_101-118",
        "A0A9E7FR01_9LILI_62-86",
        "A0AA88AL77_FICCA_70-91",
        "Q9AVS0_PEA_50-73",
        "A0AAD4SNB8_9MAGN_221-241",
        "A0AAD7M5D6_QUISA_71-94",
        "A0A9E7FPJ4_9LILI_48-72",
        "A0AA41S499_PAPNU_54-78",
        "A0A0S3RSV6_PHAAN_74-97",
        "G7L3N0_MEDTR_32-55",
        "A0A2K3JZL4_TRIPR_80-103",
        "A0A6P4AAH2_ZIZJJ_73-98",
        "A0AAE1N4Q6_9FABA_50-73",
        "A0A978VDZ6_ZIZJJ_54-77",
        "A0A6P3ZT20_ZIZJJ_54-77",
        "A0AAD4XKG9_9MAGN_56-79",
        "A0AAD7PX00_QUISA_45-69",
        "A0A2G5F414_AQUCA_51-74",
        "A0A9D4XXC5_PEA_116-136",
        "A0A445FXM4_GLYSO_56-79",
        "A0AA42B3V1_PAPNU_64-86",
        "A0AA41S499_PAPNU_82-104",
        "A0A804J2M3_MUSAM_51-75",
        "A0AAD7M5D6_QUISA_45-68",
        "A0AA42B507_PAPNU_85-107",
        "A0A9E7JXU9_9LILI_75-98",
        "A0A444XPQ9_ARAHY_56-80",
        "A0AAD4TES4_9MAGN_106-128",
        "Q9AVS0_PEA_76-99",
        "A0A9D4XYJ2_PEA_101-124",
        "A0A9D4Y1V2_PEA_127-150",
        "A0A9E7JXU9_9LILI_47-71",
        "A0A151TBK5_CAJCA_54-77",
        "A0A9D4XZ26_PEA_75-98",
        "A0A6P3ZT20_ZIZJJ_80-105",
        "A0AA41UZM2_PAPNU_58-82",
        "A0A9D4Y1V2_PEA_75-98",
        "A0A843UDG3_COLES_93-115",
        "A0AA41S499_PAPNU_153-171",
        "A0AA41UZM2_PAPNU_86-108",
        "A0A9D4XXC5_PEA_75-98",
        "A0AAD7M5M9_QUISA_100-123",
        "A0AAD4SG55_9MAGN_6-29",
        "A0A8K0GU43_9ROSA_84-106",
        "A0A8K0DTH8_9ROSA_84-106",
        "A0AAD4SG55_9MAGN_33-55",
        "A0AAE1N629_9FABA_76-99",
        "A0A072U1U8_MEDTR_82-105",
        "A0A978VE02_ZIZJJ_54-71",
        "A0A8K0DUY0_9ROSA_49-72",
        "A0AAD7M6Z9_QUISA_41-65",
        "A0AAE1N4X6_9FABA_78-101",
        "A0A1U7ZTE2_NELNU_74-97",
        "A0AA41S499_PAPNU_120-140",
        "A0A2K3JZL0_TRIPR_54-77",
        "A0AA42B507_PAPNU_126-144",
        "A0A443NW81_9MAGN_42-63",
        "A0A445FXM4_GLYSO_82-105",
        "C6SVG7_SOYBN_56-79",
        "A0A9D4XYJ2_PEA_75-98",
        "A0A9E7FSS3_9LILI_51-75",
        "A0A0S3RSQ7_PHAAN_81-104",
        "A0A3S3NMN2_9MAGN_69-91",
        "A0A804ITL2_MUSAM_49-73",
        "A0A978VDZ5_ZIZJJ_54-77",
        "A0AAE1N4Q8_9FABA_76-99",
        "A0A0L9TBR6_PHAAN_55-78",
        "A0A6P6FN00_ZIZJJ_54-77",
        "A0A2Z6MJG6_TRISU_49-72",
        "A0AAE1TFB6_9FABA_77-100",
        "A0AAE1N4X6_9FABA_52-75",
        "A0AAD4SNB8_9MAGN_124-143",
        "A0A443NW50_9MAGN_42-65",
        "A0A151TBM1_CAJCA_77-100",
        "A0AAE1N5L4_9FABA_51-74",
        "D8SCF7_SELML_98-114",
        "V7C6C3_PHAVU_72-95",
        "A0A2K3JMA4_TRIPR_24-47",
        "A0A6P4AAK9_ZIZJJ_54-77",
        "A0A072U1U8_MEDTR_56-79",
        "A0A9D4Y1V2_PEA_101-124",
        "A0A4S8KEM4_MUSBA_48-72",
        "A0A9E7JZ56_9LILI_21-45",
        "D8SGN6_SELML_98-114",
        "A0A443NW50_9MAGN_69-91",
        "A0AAD4XKG9_9MAGN_127-147",
        "A0AAD4TCT5_9MAGN_27-50",
        "A0A392PXV1_9FABA_54-77",
        "A0A0S3RSQ7_PHAAN_55-78",
        "A0AAE1N4Q8_9FABA_50-73",
        "A0AAE1N603_9FABA_79-102",
        "A0AAE1N5L4_9FABA_77-100"
    ],
    "folder_path": "/content/drive/MyDrive/Thesis/protein_data/PF00228_outputs/structure_embeddings/subfamily_14/significant_splits/rank1"
}