{
    "subfamily": 9,
    "rank": 2,
    "node_name": "0.865",
    "lambda_obs": 18142.26953125,
    "p_adj": 0.000999000999000999,
    "group_a": [
        "A0A223CY05_9BACL_1-50",
        "A0A1H0JLW0_9BACL_1-50",
        "W1SMN3_9BACI_1-50",
        "Q8CV73_OCEIH_1-50",
        "A0A317L316_9BACI_1-50",
        "A0A2B2CB35_9BACI_1-50",
        "A0A0U1NQW3_9BACI_1-50",
        "A0A268E070_9BACI_1-50",
        "A0A8E2I7U6_9BACI_1-50",
        "A0A1C1A7N3_9BACL_1-50",
        "A0A1I0GM07_9BACI_1-50",
        "K6D3X9_SCHAZ_1-50",
        "A0A6L8V2V0_9BACL_1-50",
        "A0A8J2TNM0_9BACI_1-50",
        "A0A1V4HQ39_9BACL_1-50",
        "A0A417YAL5_9BACI_1-50",
        "A0A5B8Z967_BACDA_1-50",
        "A0A919WWL5_9BACI_1-50",
        "A0A6I4VZ97_9BACL_1-50",
        "A0A024QJG1_9BACI_1-50",
        "A0A7W0C100_9BACI_1-50",
        "A0A371SHU9_9BACI_1-50",
        "A0A1I0YUZ9_9BACI_1-50",
        "Q3AFW9_CARHZ_1-50",
        "A0A5C8LMM4_9BACL_1-50",
        "K6DRK9_9BACI_1-50",
        "A0A263BUL3_9BACI_1-50",
        "A0A2N5H8N3_9BACI_1-50",
        "A0A2U1JZP8_9BACI_1-50",
        "A0A292YPB8_9BACL_1-50",
        "A0A7I8D7F9_9BACL_1-50"
    ],
    "group_b": [
        "A0A841U811_9BACL_2-51",
        "A0A6V8LVX3_9BACL_2-51",
        "A0A7Z2VQM7_9BACL_2-51",
        "A0A3Q9I6A9_9BACL_1-50",
        "A0A6B3TS14_9BACI_1-50",
        "A0A399ERI4_9DEIN_1-50",
        "I0AG06_IGNAJ_1-50",
        "A0A925UVJ5_9BACT_1-47",
        "A0A089M4L1_9BACL_1-50",
        "A0A1H1QQT8_9BACL_2-51",
        "A0A1I6C3B9_9BACI_1-50",
        "A0A7G5C2E1_9BACL_2-51",
        "A0A5D0CP45_9BACL_1-50",
        "A0A380LKV3_9FIRM_35-80",
        "A0A0F5RAN4_9BACL_2-51",
        "A0A1A5YAD1_9BACL_2-51",
        "A0A268JKZ1_9BACI_1-50",
        "A0A2V2YAN4_9BACL_2-51",
        "A0A6H2GUU6_9BACL_2-51",
        "A0A942U833_9BACI_1-50",
        "A0A1I2HRS9_9BACL_2-51",
        "A0A231RG67_9BACL_2-51",
        "A0A1H0DXY0_9BACI_1-50",
        "A0A917E520_9BACL_2-51",
        "A0A0D5NK97_9BACL_2-51",
        "A0A920CZA1_9BACL_2-51",
        "A0A7W2AH31_9BACL_1-51",
        "A0A942GHC1_9BACT_1-50",
        "A0A7X0SSY0_9BACL_2-51"
    ],
    "folder_path": "/Users/idan_shabo/Documents/Thesis/pipeline_outputs/PF03869_outputs/sequence_embeddings/subfamily_9/significant_splits/rank2"
}