{
    "subfamily": 8,
    "rank": 1,
    "node_name": "0.938",
    "lambda_obs": 213.40057373046875,
    "p_adj": 0.000999000999000999,
    "group_a": [
        "A2YDG9_ORYSI_28-72",
        "A0A0P0WX99_ORYSJ_41-85",
        "A0A0E0AA84_9ORYZ_28-72",
        "A0A0E0PYI6_ORYRU_156-200",
        "A0A0E0PYH0_ORYRU_28-72",
        "A0A0E0LC31_ORYPU_29-73",
        "Q5Z4W6_ORYSJ_28-72",
        "A0A0E0LC23_ORYPU_28-72",
        "A0A0E0AA98_9ORYZ_33-77",
        "A0A0E0HRJ6_ORYNI_26-70",
        "A0A0D9WQR8_9ORYZ_30-74",
        "A0A0E0HRI5_ORYNI_28-72",
        "A0A0D9WQR6_9ORYZ_28-72",
        "A0A0E0LC22_ORYPU_28-72",
        "A2YDI1_ORYSI_28-72",
        "A0A0E0HRJ8_ORYNI_28-72",
        "A0A0E0PYI7_ORYRU_28-72",
        "A0A0D3GH80_9ORYZ_28-72",
        "A0A0E0LC25_ORYPU_28-72",
        "A0A0E0PYI6_ORYRU_28-72"
    ],
    "group_b": [
        "K3YK38_SETIT_34-79",
        "K3YJV8_SETIT_65-110",
        "K3YK37_SETIT_34-79",
        "A2YDH5_ORYSI_28-72",
        "K3YK46_SETIT_34-79",
        "A0A0E0LC30_ORYPU_28-72",
        "A0A0E0LC28_ORYPU_28-72",
        "B8B341_ORYSI_28-72",
        "K3YK39_SETIT_34-79",
        "A0A0E0HRI7_ORYNI_28-72",
        "A0A0D3GH82_9ORYZ_28-72",
        "A0A0D3GH81_9ORYZ_20-64",
        "A0A4U6U3L4_SETVI_34-79",
        "A0A0E0LC29_ORYPU_28-72",
        "A0A0E0PYH3_ORYRU_28-72",
        "A0A4U6U3F4_SETVI_34-79",
        "A0A0D3GH87_9ORYZ_28-72",
        "A0A0E0PYH4_ORYRU_28-72",
        "A0A4U6U3H5_SETVI_34-79",
        "A0A0D3GH83_9ORYZ_28-72",
        "A0A0E0G6X0_ORYNI_28-65",
        "A2YDH3_ORYSI_28-72",
        "A0A4U6U9G0_SETVI_34-79",
        "K3YK47_SETIT_34-79"
    ],
    "folder_path": "/content/drive/MyDrive/Thesis/protein_data/PF00321_outputs/structure_embeddings/subfamily_8/significant_splits/rank1"
}