{
    "subfamily": 11,
    "rank": 1,
    "node_name": "0.923",
    "lambda_obs": 9749.6015625,
    "p_adj": 0.000999000999000999,
    "group_a": [
        "A0A670JA62_PODMU_523-687",
        "A0A8D0BCZ4_SALMN_570-740",
        "A0A8D2JJQ4_VARKO_553-723",
        "A0AA35KSW5_9SAUR_570-740",
        "A0A8D2JIA2_VARKO_540-710",
        "A0A9F2R5Y7_PYTBI_570-740",
        "V8N9Z6_OPHHA_320-466",
        "A0A6P9CGY7_PANGU_570-740",
        "A0A8D2J5B6_VARKO_539-709",
        "A0A670JBK7_PODMU_518-682",
        "A0A803TE43_ANOCA_488-657",
        "A0AA35KU49_9SAUR_546-716",
        "A0A6J1VN55_9SAUR_570-740",
        "A0A9Q0XTI6_9SAUR_570-738",
        "A0A803SNM9_ANOCA_509-679",
        "H9GKA5_ANOCA_528-689",
        "A0A8D2JCU0_VARKO_546-716",
        "A0A670J8G9_PODMU_519-683",
        "A0A6J0SIC7_9SAUR_570-734",
        "A0A6J0SMK8_9SAUR_570-634",
        "A0A670J8N0_PODMU_492-656",
        "A0A670J8H8_PODMU_519-683",
        "A0A670JBA0_PODMU_519-681"
    ],
    "group_b": [
        "A0A8C4YIM7_9SAUR_555-725",
        "A0A452J1F9_9SAUR_465-628",
        "A0A2G9QFP8_AQUCT_1-137",
        "A0A4W3I3U3_CALMI_528-566",
        "A0A452J179_9SAUR_450-620",
        "A0AAD1SIH0_PELCU_463-633",
        "A0A7M4ECK2_CROPO_570-739",
        "A0A6P8R2B5_GEOSA_596-765",
        "A0A8T2KBB1_9PIPI_567-737",
        "F6VID4_ORNAN_570-740",
        "A0A8J1J3R7_XENTR_86-198",
        "A0A8C5P886_9ANUR_568-738",
        "G3VL08_SARHA_570-740",
        "A0A6P5KWV1_PHACI_465-635",
        "A0A6I8PK77_ORNAN_546-716",
        "A0A1L8HTH1_XENLA_568-738",
        "A0A8C3PGA3_CHRPI_570-740",
        "A0A6P8R1I7_GEOSA_576-745",
        "A0A4D9FA95_9SAUR_570-740",
        "A0A8J7NSC0_ATRSP_568-736",
        "A0A8X7XD49_POLSE_363-500",
        "A0A8J1J3S9_XENTR_1-166",
        "Q6NU36_XENLA_568-738",
        "A0A8C8S6Z4_9SAUR_570-740",
        "A0A151PA10_ALLMI_570-739",
        "A0A8C5LYS8_9ANUR_568-731",
        "A0A8J1JRB2_XENTR_6-169",
        "A0A452J188_9SAUR_446-609",
        "A0A8C0G5G7_CHEAB_570-740",
        "A0A8D0L9C3_SPHPU_432-602",
        "A0A8C4YI44_9SAUR_551-721",
        "A0A9D3RZM5_ANGAN_575-740",
        "A0A452J176_9SAUR_526-696",
        "A0AA97LGT5_EUBMA_570-739",
        "B4F754_XENTR_568-738",
        "W5N9M5_LEPOC_568-737",
        "A0A4X2KA73_VOMUR_570-740",
        "A0A6I8NZC3_ORNAN_551-721",
        "A0A8C0G4P3_CHEAB_560-730",
        "A0AAD7S860_9TELE_569-734",
        "A0A8T2MU77_9TELE_569-755",
        "A0A8J0SRF5_XENTR_4-145",
        "A0A8C4YGV5_9SAUR_570-740",
        "A0AAD1SG02_PELCU_568-738",
        "A0A7M4EB70_CROPO_570-739",
        "A0A8C4SEU7_ERPCA_568-734",
        "A0A674I3E5_9SAUR_561-731",
        "A0AAD1SHG7_PELCU_411-581",
        "A0A4W3IVA7_CALMI_551-721",
        "A0A444U554_ACIRT_540-707",
        "A0A3Q0GT50_ALLSI_617-786",
        "A0A7M4ECH0_CROPO_530-699",
        "A0A9Q1DTB9_CONCO_571-737",
        "A0A8C3SSS3_CHESE_570-740",
        "A0A8J1J3R6_XENTR_86-211",
        "A0A6P5KWU6_PHACI_570-740",
        "A0A9D3TIW0_MEGAT_569-735",
        "A0A8C3IY28_CHRPI_570-745",
        "A0A6P7X162_9AMPH_566-735",
        "A0A8T3CZB5_9TELE_552-716",
        "A0A6P8RHA6_GEOSA_587-756",
        "A0A9Q1G9H2_SYNKA_569-735",
        "A0A4W3IAT3_CALMI_518-688",
        "A0A8J1J646_XENTR_86-246",
        "A0A4W3I3U3_CALMI_561-674",
        "A0A6I8NT99_ORNAN_561-731",
        "A0A8J6EFD7_ELECQ_439-609",
        "A0A7M4EB96_CROPO_570-629",
        "A0A674I3D5_9SAUR_570-740",
        "A0A0P7XXT5_SCLFO_593-774",
        "K7GBX0_PELSI_570-740",
        "A0A452J185_9SAUR_533-703",
        "A0A8C3PG81_CHRPI_561-731",
        "A0AAD8GKG7_ACIOX_597-764",
        "A0A452J177_9SAUR_546-716",
        "A0A452J1A2_9SAUR_441-611",
        "A0A401P2D3_SCYTO_579-749",
        "A0A6P8R2E8_GEOSA_566-735",
        "A0A8J1J651_XENTR_86-195",
        "A0A7M4EB96_CROPO_621-683",
        "M7BNV3_CHEMY_496-666",
        "B5DEU5_XENTR_568-738",
        "A0A9D3WZD8_9SAUR_570-740",
        "A0A4W3IAS8_CALMI_551-721"
    ],
    "folder_path": "/Users/idan_shabo/Documents/Thesis/pipeline_outputs/PF23405_outputs/sequence_embeddings/subfamily_11/significant_splits/rank1"
}