{
    "subfamily": 1,
    "rank": 4,
    "node_name": "0.990",
    "lambda_obs": 34203.01953125,
    "p_adj": 0.001998001998001998,
    "group_a": [
        "A0A937CNP2_9HYPH_50-243",
        "A0A021WX48_9HYPH_42-243",
        "Q2K7Y5_RHIEC_43-240",
        "C3MCK8_SINFN_43-243",
        "A0A1W2C941_9HYPH_45-246",
        "A0A0T1WV10_9HYPH_42-241",
        "A0A6N7LIK9_SINTE_43-244",
        "A0A974TXE3_9HYPH_43-242",
        "A0A1U9Z515_9HYPH_42-237",
        "A0A4R3NVK2_9HYPH_44-239",
        "A0A0D5LS09_MAREN_42-235",
        "A0A1Q8ZPI9_9HYPH_40-240",
        "A0A7W6D6J5_9HYPH_24-223",
        "A0A317PXZ0_9HYPH_48-245",
        "A0A6I7HUC4_9HYPH_43-243",
        "A0A4R5PQ30_9HYPH_39-239",
        "A0A7W7YSN0_9HYPH_42-242",
        "A0A0M3BQB5_9HYPH_42-242",
        "A0A095VGE9_9HYPH_42-242",
        "A0A178YPF4_SINSA_43-244",
        "A0A068SNR1_NEOGA_42-242",
        "A0A0Q6SBI6_9HYPH_43-242",
        "A0A1C1YYY7_9HYPH_42-241",
        "A0A372NKL8_9HYPH_40-241",
        "A0A939QRE6_9HYPH_33-234",
        "A0A127CJF1_9HYPH_38-234",
        "A0A1N6PS91_9HYPH_44-245",
        "W8I274_ENSAD_43-244",
        "A0A292E7A0_9HYPH_21-222",
        "B9JWU7_ALLAM_33-233",
        "A0A376AFE5_9HYPH_27-227",
        "A0A285UPJ7_9HYPH_36-235",
        "Q92KB0_RHIME_41-242",
        "A0A2T5AU16_MYCDI_33-232",
        "A0A927QC62_9HYPH_43-242",
        "A0A4R3X455_9HYPH_42-242",
        "A0A1E3VEZ3_9HYPH_43-243",
        "A0A7W5PRP5_9HYPH_43-241",
        "A0A346YLT4_9HYPH_45-245",
        "A0A7W8U8K4_9HYPH_42-242"
    ],
    "group_b": [
        "A0A7C9LM97_9DEIO_43-234",
        "A0A172T9H4_9DEIO_38-231",
        "A0A7X3S694_9HYPH_42-242",
        "A0A2P7AWZ9_9HYPH_40-241",
        "A0A4R3MI01_9HYPH_41-243",
        "A0A327JS04_9HYPH_46-243",
        "A0A1W9N7B5_9SPIO_41-231",
        "A0A072N9X2_9DEIO_36-228",
        "A0A348FX52_9HYPH_44-235",
        "A0A2S9Q6K5_9HYPH_43-250",
        "A0A2T5V185_9HYPH_48-245",
        "Q1YJD9_AURMS_46-245",
        "A0A5B8KVM4_9HYPH_42-241",
        "A0A934IWR9_9HYPH_48-245",
        "A0A7R7T7P5_9HYPH_40-233",
        "A0A926XFH5_9CYAN_54-233",
        "A0A0Q7ZXM2_9HYPH_42-240",
        "A0A098QW82_9SPIO_37-229",
        "I3CG60_9GAMM_37-285",
        "H7EH60_9SPIR_38-237",
        "A0A562CMB4_9HYPH_41-241",
        "A0A838XTY1_9HYPH_43-246",
        "A0A926ST64_9CYAN_52-239",
        "A0A1I5GSK7_9HYPH_23-221",
        "A0A0N0E6L9_9HYPH_41-245",
        "A0A0Q6F5X2_9HYPH_47-247",
        "A0A6G6X2D3_9HYPH_38-237",
        "A0A135HXB2_9HYPH_39-240",
        "A0A1H8ZD49_9HYPH_48-245",
        "A0A1H6FAD4_9GAMM_43-248",
        "A0A5D0VE12_9RHOB_57-260",
        "C1CW87_DEIDV_38-228",
        "A0A418VAX9_9DEIO_37-223",
        "A0A285R4P5_9HYPH_53-257",
        "A0A8J6PY89_9HYPH_48-247",
        "A0A7W9VU96_9HYPH_41-240",
        "A0A7G9FHQ0_9SPIR_39-232",
        "A0A1W2AZD0_9HYPH_65-265",
        "A0A1K2HYI6_9HYPH_49-251",
        "A0A7C9V4K6_9HYPH_39-236",
        "A0A841I0E8_9DEIO_36-227",
        "A0A370AZ58_9SPIO_40-228",
        "A0A1I3Z0N1_9HYPH_41-239",
        "J2VNQ5_9HYPH_43-244",
        "A0A084UBE6_9HYPH_45-243",
        "A0A401FWB3_9BACT_59-220",
        "A0A5C1QNJ0_9SPIO_40-228",
        "A0A1G7SMT3_9HYPH_43-237",
        "A0A2S9JY04_9HYPH_44-244",
        "A0A0F5QB05_9HYPH_35-234",
        "A0A432V7B7_9HYPH_42-241",
        "A0A511MWX0_DEIC1_36-208",
        "X6D5Y0_9HYPH_42-236",
        "A0A916XXX0_9HYPH_41-240",
        "A0A0M6ZAF9_9HYPH_53-255",
        "O83967_TREPA_37-221",
        "A0A942EG02_9HYPH_52-249",
        "E2CMC0_9HYPH_39-240",
        "A0A2N5XNY0_9HYPH_90-288",
        "H0HS21_9HYPH_38-237",
        "A0A251XBW8_9GAMM_41-236",
        "A0A923SU61_9SPIR_39-233",
        "A0A977SHH2_9HYPH_1-73",
        "A0A1T4PSY5_9SPIR_39-231",
        "H9UMS8_SPIAZ_42-230",
        "A0A0M6Y072_9HYPH_57-259",
        "A0A0F5FFL8_9HYPH_50-247",
        "A0A1Y1RWS0_9SPIO_60-248",
        "K9VJD2_9CYAN_50-225",
        "A0A1L3SSU7_9HYPH_41-239",
        "A0A2S0XMT0_9HYPH_42-239",
        "A0A318SEC5_9DEIO_35-223",
        "A0A6M1SK62_9HYPH_51-248",
        "Q0G1A0_9HYPH_37-236",
        "A0A2R4M9U9_9HYPH_45-244",
        "A0A562FHS7_9HYPH_41-240",
        "F5YIW3_TREPZ_42-234",
        "Q73MI9_TREDE_38-222",
        "A0A968KXX4_9SPIO_41-234",
        "A0A5C1QCL8_9SPIO_38-226",
        "A0A7T8B9E9_9SPIR_42-234",
        "S3KGA8_TREMA_39-232",
        "A0A271KBL8_9HYPH_30-248",
        "A0A2W2C5P8_9HYPH_38-244",
        "A0A927FX68_9HYPH_54-250",
        "A0A0Q5KCF0_9DEIO_15-203",
        "L0KRM1_MESAW_41-239",
        "V7FQS8_9HYPH_44-263",
        "A0A918C397_9DEIO_40-221",
        "G4R8L0_PELHB_49-246",
        "A0A7S8EJ71_9HYPH_42-240",
        "A0A316C9Q6_PSESE_49-248",
        "A0A7R7CM40_9HYPH_41-240",
        "A0A2Z3JCZ0_9DEIO_37-218",
        "F8EZG1_GRAC1_42-234",
        "V7FNP3_9HYPH_42-240",
        "A0A429YXX8_9HYPH_43-241",
        "A0A926XAL9_9CYAN_50-221",
        "A0A285M4E9_9HYPH_50-248",
        "A0A8J6V0A7_9CYAN_48-235",
        "A0A0B7GSA4_TREPH_38-222",
        "V4RRR4_9HYPH_39-242",
        "A0A7W8G8I5_9SPIR_38-231",
        "A0A926TE78_9CYAN_114-287",
        "A0A1I2DN20_9BACT_76-268",
        "A0A163Y7N4_9BRAD_47-258",
        "S3LCC6_9SPIR_38-221",
        "F2NX35_TRES6_39-231",
        "Q9RZL0_DEIRA_69-237",
        "F5Y8Q1_LEAAZ_40-230",
        "F4LPT5_TREBD_39-228",
        "A0A285PJF1_9HYPH_52-251",
        "A0A5D4GWZ6_9HYPH_41-240",
        "A0A6N8A377_9HYPH_46-248",
        "A0A968KTS1_9SPIO_40-233",
        "A0A0P6VV35_9HYPH_47-244",
        "A0A973WWE6_RHOSP_44-255",
        "A0A0F5L2E8_9HYPH_39-232",
        "A0A1C2DIE8_9HYPH_42-240",
        "A0A2L1SBL2_9HYPH_51-248",
        "A0A1N6RYA8_9SPIO_43-232",
        "A0A0Q6MHQ4_9HYPH_42-240",
        "M5F7Z0_9HYPH_42-240",
        "A0A4R4BLI6_9SPIR_40-230",
        "G0GBF4_SPITZ_38-226",
        "S5ZP73_9SPIR_38-222",
        "A0A2N9VVU6_9HYPH_39-240",
        "A0A1M7G933_9HYPH_42-243",
        "A0A7T3REP8_9SPIR_39-233",
        "A0A841RIK5_9SPIO_38-225",
        "K9WIU5_9CYAN_50-231",
        "A0A0Q7EP40_9HYPH_46-247",
        "A0A2P7SSZ3_9HYPH_39-239",
        "A0A1X7PFA7_9HYPH_40-239",
        "A0A1T4LQQ7_TREPO_39-233",
        "A0A2K3V2M8_9DEIO_15-206",
        "A0A085FBK8_9HYPH_48-245",
        "A0A2T1DXG3_9CYAN_176-348",
        "A0A1I3KZD9_9HYPH_41-240",
        "A0A926ZG14_9CYAN_50-232",
        "E1RAC5_SEDSS_40-230",
        "A0A2K8KLB0_9RHOB_98-306",
        "G6YJT0_9HYPH_42-240",
        "E8U6S4_DEIML_38-224",
        "A0A0H5B6V5_BLAVI_39-230",
        "A0A4D7QQW5_9HYPH_307-499",
        "Q1IZU3_DEIGD_38-229",
        "A0A433X854_9HYPH_56-260",
        "A0A271K7K7_9HYPH_42-240",
        "A0A369W441_9HYPH_57-255",
        "A0A916TM33_9HYPH_44-246",
        "A0A840SF42_9SPIR_38-229",
        "V5WD40_9SPIO_47-235",
        "A0A916R5V5_9HYPH_46-243",
        "A0A4P6V2K8_9HYPH_51-250",
        "A0A5B9DWS7_9HYPH_54-255",
        "K8GL18_9CYAN_88-268",
        "A0A1H9EU67_9SPIR_39-233",
        "A0A978SIS4_9CYAN_84-262",
        "A0A0A1Q195_UNCXX_42-248",
        "A0A2T7HBY1_9HYPH_42-249",
        "A0A4U6C1M8_9HYPH_42-241",
        "Q9RUG1_DEIRA_15-204",
        "A0A1W1VEF6_9DEIO_38-228",
        "A0A926TQG7_9CYAN_131-304",
        "A0A1G6DIM3_9HYPH_42-241",
        "A0A8T9AP70_9HYPH_42-240",
        "A0A0A7KKV7_9DEIO_36-253",
        "A0A202DKN5_UNCXX_41-228",
        "A0A1H0PGQ5_9HYPH_43-244",
        "A0A0F7JIF7_9DEIO_40-228",
        "F0RM25_DEIPM_39-231",
        "A0A1H2GU01_9HYPH_52-256",
        "A0A2P8NJC6_9HYPH_42-241",
        "A0A937RYV9_9CYAN_97-278",
        "A0A6P1T968_9RHOB_45-235",
        "A0A7W9FPH4_9HYPH_39-231",
        "I0XC47_9SPIR_39-233",
        "A0A221SSS0_9DEIO_46-241",
        "A0A2K8UFF8_9GAMM_113-313",
        "K2N5Q3_9HYPH_46-245",
        "O51364_BORBU_22-208",
        "A0A562T9X2_9HYPH_45-247",
        "A0A327K5D7_9HYPH_6-96",
        "A0A447I7C2_9HYPH_57-255",
        "A0A6N1VBW9_9HYPH_40-239",
        "A0A0M7AP69_9HYPH_42-244",
        "A0A975IE51_9SPIR_39-233",
