{
    "subfamily": 2,
    "rank": 5,
    "node_name": "",
    "lambda_obs": 41667.16796875,
    "p_adj": 0.000999000999000999,
    "group_a": [
        "A0A518H6J3_9BACT_163-309",
        "A0A432MJ06_9BACT_149-295",
        "A0A133UKB0_9EURY_152-300",
        "A0A4V6M0P5_9BACT_149-296",
        "A0A5C5XE19_9PLAN_154-301",
        "M5DYM8_9FIRM_146-292",
        "A0A925RB24_9PLAN_148-295",
        "A0A133UC66_9EURY_152-300",
        "A0A368ZF09_9FIRM_146-293",
        "A0A0M2U0Q8_9FIRM_144-290",
        "A0A517XZE4_9BACT_149-295",
        "A0A517SDQ9_9PLAN_150-297",
        "E8QZI9_ISOPI_156-305",
        "A0A942ENL7_UNCSY_146-292",
        "A0A517Z9Q8_9PLAN_159-306",
        "A0A5C6M2X8_9PLAN_155-291",
        "D5SRS8_PLAL2_187-335",
        "A0A7V8VCN9_9BACT_166-312",
        "A0A1J5N2P0_9BACT_150-297",
        "A0A5C5WWG6_9PLAN_158-305",
        "A0A1Q8QLW2_9FIRM_152-300",
        "A0A518IQB8_9BACT_148-294",
        "A0A1U7CIK0_9BACT_147-295",
        "A0A6M5YY38_9BACT_131-278",
        "A0A1D2RBY8_9ARCH_155-303",
        "A0A564ZLZ9_9BACT_154-300",
        "A0A133VCA9_9EURY_152-300",
        "A0A518B852_9BACT_147-293",
        "A0A142YCI4_9PLAN_147-295",
        "A0A133VEU3_9EURY_152-300",
        "A0A1I3EJ11_9PLAN_160-307",
        "A0A177RF09_9PLAN_150-297",
        "A0A8E6B3V7_9BACT_148-294",
        "A0A925LWM3_9PLAN_1-27",
        "A0A0D2GB85_9BACT_147-293",
        "A0A5C1AP95_9BACT_149-295",
        "A0A5Q3L5Y0_9BACT_154-300",
        "A0A142XG19_9BACT_147-294",
        "A0A1P8WM02_9PLAN_148-295",
        "A0A6V8Q4C3_9ACTN_146-292",
        "A0A133ULK9_9EURY_152-300",
        "A0A6L9M0J7_9BACT_150-297",
        "A0A518CQE9_9PLAN_152-299",
        "A0A2H6ADA7_UNCXX_179-325",
        "I4BWV4_ACEMN_146-292",
        "A0A1D2RBU8_9ARCH_14-73",
        "E4RM60_HALHG_146-292",
        "A0A133VSH5_9EURY_110-258",
        "F0SSN0_RUBBR_164-311",
        "A0A517NSH7_9BACT_170-317",
        "A0A517ZVS9_9PLAN_155-302",
        "A0A8J8BQ55_9EURY_151-298",
        "L0D9W5_SINAD_149-295",
        "A0A5B9W9Y3_9BACT_147-295",
        "A0A6C2YJ53_9BACT_148-294",
        "A0A2H5W4T9_UNCXX_146-294",
        "A0A517QVI6_9PLAN_153-300",
        "A0A133UB01_9EURY_152-300",
        "A0A225DRB3_9BACT_149-295",
        "A0A517WYC7_9PLAN_155-302",
        "A0A142X330_9PLAN_158-305",
        "A0A2Z3HKF1_9BACT_148-295"
    ],
    "group_b": [
        "A0A6C2YLD9_9BACT_162-310",
        "A0A1V6N3I2_METAZ_149-299",
        "A0A517MF18_9BACT_155-304",
        "A0A2V3JPI6_9EURY_147-296",
        "U6EE53_9EURY_155-302",
        "A0A2U0RZY7_9ARCH_157-304",
        "A0A225EBX5_9BACT_155-303",
        "A0A5C6FLC9_9BACT_156-305",
        "R9SL95_9EURY_146-293",
        "A7I700_METB6_150-300",
        "F0T6Z4_METLA_151-298",
        "A0A518DR60_9BACT_147-293",
        "A0A0F7IHA4_9EURY_151-297",
        "A0A5C6B0P7_9BACT_156-305",
        "A0A517MPN1_9BACT_152-298",
        "A0A5C6A6V9_9BACT_143-289",
        "A0A177QV52_9PLAN_153-301",
        "A0A142XA94_9BACT_162-310",
        "A0A1Q6DXV1_METT1_148-294",
        "A0A1F2P3V5_9EURY_147-296",
        "A0A2V3JMM6_UNCME_144-293",
        "A0A925D9K5_9BACT_1-78",
        "A0A328PAF4_9EURY_147-296",
        "A0A366MD94_9EURY_148-298",
        "A0A517R2X7_9BACT_153-297",
        "H1Z1J7_9EURY_144-294",
        "Q6LWU5_METMP_150-301",
        "A0A517YJ02_9BACT_147-293",
        "B8GE36_METPE_145-294",
        "A0A5C5YEH4_9BACT_162-313",
        "A0A142Y8V1_9BACT_171-319",
        "A0A8T8K8N8_9EURY_147-296",
        "H8I4R1_METCZ_152-300",
        "A0A4V0I084_9BACT_149-297",
        "A0A133VAX2_9EURY_152-299",
        "A0A1D3L4W6_9EURY_189-338",
        "F2KML2_ARCVS_147-295",
        "A0A2Z3GVZ7_9BACT_162-310",
        "A0A166EK18_9EURY_147-296",
        "A0A328SEH6_9EURY_146-293",
        "A0A133VP06_9EURY_152-299",
        "A0A133UE77_9EURY_154-301",
        "FTRL_ARCFU_150-296",
        "A0A0F7IFW0_9EURY_147-296",
        "A0A964DD41_9EURY_147-296",
        "E3GWC5_METFV_148-295",
        "A0A5C5ZNS3_9BACT_145-291",
        "G7WRA5_METH6_147-294",
        "A0A8J7T386_UNCAL_141-283",
        "E1REI3_METP4_145-292",
        "A0A8J7NCI0_UNCAL_150-296",
        "A0A328SLG0_9EURY_145-292",
        "A0A5B9DC05_9ARCH_149-286",
        "A0A328PGS5_9EURY_148-295",
        "A0A166AXK2_9EURY_147-294",
        "A0A1F2P8W2_9EURY_149-295",
        "A0A315XLS6_9EURY_147-294",
        "A0A1Y3GGH6_9EURY_149-295",
        "R9SM03_9EURY_147-294",
        "A0A1F2P8T5_9EURY_147-296",
        "Q2FKY6_METHJ_144-294",
        "L0HE28_METFS_144-294",
        "A0A2V2MYQ0_9EURY_144-294",
        "I7KDA7_METBM_148-297",
        "A0A517NS98_9BACT_156-305",
        "L0L2E9_METHD_147-297",
        "A0A8T8K3H5_9EURY_147-294",
        "Q2NI77_METST_145-292",
        "A0A315XMI6_9EURY_146-293",
        "A0A1D2W5P4_9EURY_147-296",
        "A0A8T4EDG0_THOAR_148-296",
        "F7XL43_METZD_147-296",
        "W9DXD9_METTI_147-296",
        "A0A925HZ49_9BACT_147-293",
        "A0A8T4D9C5_9EURY_145-291",
        "A0A517SCH1_9PLAN_153-301",
        "A0A8T4DB59_9EURY_144-292",
        "A0A2U1S9P4_9EURY_147-294",
        "A0A0E3STX7_METMT_147-296",
        "A0A517ZEV8_9PLAN_155-304",
        "A0A2H5VG14_UNCAD_151-299",
        "Q2NE82_METST_145-293",
        "A0A517NGZ3_9BACT_151-300",
        "A0A518IQZ9_9BACT_156-305",
        "A0A8J8B5X1_9EURY_142-292",
        "A0A5C6CZM8_9BACT_152-298",
        "A0A2U0RVI1_9ARCH_166-315",
        "FTRL_METTH_148-295",
        "A0A925LPI6_9PLAN_153-277",
        "A0A328SGW7_9EURY_145-293",
        "FTR_ARCFU_147-296",
        "A0A1D2W5Z7_9EURY_143-290",
        "A0A328S129_9EURY_145-292",
        "A0A483CVR1_9EURY_144-293",
        "N0B9G6_9EURY_151-297",
        "FTR_METAC_147-296",
        "A0A133U441_9EURY_154-301",
        "A0A517PAA9_9PLAN_152-299",
        "A0A166ELP4_9EURY_147-296",
        "A0A5C6EH19_9BACT_151-300",
        "A0A2H5W997_UNCXX_151-300",
        "D2RG06_ARCPA_144-290",
        "F0T892_METLA_147-296",
        "A0A142X405_9PLAN_156-304",
        "A0A517T472_9PLAN_153-297",
        "D7EBE7_METEZ_147-296",
        "A0A2U1S6T3_9EURY_147-296",
        "F2KPD8_ARCVS_150-296",
        "A0A062VAN8_9EURY_165-315",
        "A0A166EW40_9EURY_148-295",
        "D3E3Y2_METRM_146-293",
        "E1RKI3_METP4_145-295",
        "D3S3J5_FERPA_151-297",
        "A0A133U5A4_9EURY_146-295",
        "A0A2R6T6E6_UNCAD_149-295",
        "D3RYB3_FERPA_147-296",
        "A0A5C5WU59_9BACT_156-305",
        "A0A401HPW7_9EURY_148-299",
        "U6ECK5_9EURY_147-296",
        "A7I5V0_METB6_144-293",
        "A0A5C1A654_9BACT_149-298",
        "A0A6M5YUQ1_9BACT_162-310",
        "A0A2V3JIB6_UNCME_147-293",
        "A0A0X3BNN9_9EURY_148-297",
        "A0A5C5UZF8_9BACT_130-276",
        "A0A165ZWL0_9EURY_147-296",
        "A0A517XL87_9BACT_149-297",
        "Q0W8U1_METAR_152-302",
        "A0B9N6_METTP_147-294",
        "A0A328RX94_9EURY_145-292",
        "A0A8J8B5L8_9EURY_143-292",
        "A2SPY5_METLZ_150-299",
        "A0A8G1A254_9EURY_144-293",
        "A0A5C5WCF5_9BACT_121-267",
        "D7DQM5_METV3_149-299",
        "FTR_METFV_147-296",
        "A0A133UUF1_9EURY_154-301",
        "FTR_METKA_150-295",
        "F4BTC4_METSG_147-294",
        "A0A518AHK5_9BACT_151-297",
        "A0A366M9Y6_9EURY_147-296",
        "A0A166EF43_9EURY_156-303",
        "F6BCN6_METIK_148-299",
        "H1YY35_9EURY_145-292",
        "A0A5K7X345_9BACT_147-293",
        "FTRL_METKA_151-297",
        "A0A5C5Y0P6_9PLAN_151-300",
        "A0A518CHD6_9PLAN_157-305",
        "A0A518G9U3_9BACT_156-304",
        "D2R5E2_PIRSD_147-293",
        "A0A8J7NBE4_UNCAL_90-230",
        "A0A328SFM9_9EURY_145-293",
        "A0A4E0Q593_9EURY_147-296",
        "A0A328S4C8_9EURY_113-260",
        "A0A328SFK9_9EURY_145-292",
        "A0A517TGT9_9BACT_144-290",
        "A0A1V6N5M8_METAZ_147-296",
        "A0A498GZ36_9EURY_148-297",
        "A0A518DHB3_9BACT_147-293",
        "L0HHT6_METFS_144-293",
        "A0A517TSR1_9BACT_147-293",
        "A0A5B9PH53_9BACT_160-311",
