{
    "subfamily": 31,
    "rank": 1,
    "node_name": "0.000",
    "lambda_obs": 6362.837890625,
    "p_adj": 0.000999000999000999,
    "group_a": [
        "A0A8B9ZSA1_9AVES_5-59",
        "A0A8B9Q921_APTOW_30-84",
        "A0A6J3CJT7_AYTFU_262-316",
        "A0A7L3J8U3_THACH_1-53",
        "U3IPK9_ANAPP_30-84",
        "A0A7L4AE36_9AVES_259-304",
        "A0A8C4UR69_FALTI_273-327",
        "A0A8B9VJF0_9AVES_30-84",
        "A0A8B9NK08_9AVES_269-317",
        "A0A8B9ERL5_ANSCY_5-59",
        "A0A8C3CR94_CAIMO_282-336",
        "R0LC98_ANAPL_99-154",
        "A0A8B9I4L5_9AVES_389-433",
        "A0A8C0HPU0_9AVES_30-84",
        "A0A8C0BPF1_9AVES_57-111",
        "A0A7K8NW26_CASCA_1-53",
        "A0A7K7LJR2_9AVES_262-316",
        "A0A7K9BHW0_DRONO_1-53",
        "A0A663DY69_AQUCH_272-326",
        "A0A8C3CML1_CAIMO_305-359"
    ],
    "group_b": [
        "A0A850W8I3_FREMA_1-53",
        "A0A850TXZ0_GRUAM_1-53",
        "A0A7L2UIW8_BALRX_1-53",
        "A0A7L0FWC0_CORCN_1-53",
        "A0AA40L5Y7_PYGPA_1-53",
        "A0A7L1TEV5_ARAGA_1-53",
        "A0A7L3XVE6_9AVES_1-53",
        "A0A7K8TJF8_9AVES_1-53",
        "A0A7L2GE62_NYCGR_1-53",
        "A0A7L4HGP3_SCOUM_1-53",
        "A0A7L0KIQ1_CHATO_1-53",
        "A0A7K8KL15_9AVES_1-53",
        "A0A7L0PRE1_9AVES_1-53",
        "A0A7K5H4F3_9AVES_1-53",
        "A0A7L2HNE2_SAGSE_1-53",
        "A0A7K9LYQ8_OCETE_1-53",
        "A0A7L0TDD5_PODPO_1-54",
        "A0A7L0EUP3_TROML_1-53",
        "A0A7K6UPY7_9AVES_1-53",
        "A0A7L3GPP3_9AVES_1-51",
        "A0A7K8UFQ8_OCEOC_1-53",
        "A0A7K9XJ08_9GRUI_1-53",
        "A0A851ACT2_SULDA_1-53",
        "A0A7K9UQ27_ANSSE_1-53"
    ],
    "folder_path": "/Users/idan_shabo/Documents/Thesis/pipeline_outputs/PF04064_outputs/structure_embeddings/subfamily_31/significant_splits/rank1"
}