{
    "subfamily": 29,
    "rank": 1,
    "node_name": "0.755",
    "lambda_obs": 11550.2314453125,
    "p_adj": 0.000999000999000999,
    "group_a": [
        "A0A7K8JGD6_9PASS_1-53",
        "A0A7K8D1X9_9CORV_1-53",
        "A0A7L3V0J2_MOLAT_1-53",
        "A0A7K6KFM3_9PASE_1-53",
        "A0A850VEL6_9CORV_1-53",
        "A0A851EVI2_9CORV_1-53",
        "A0A7K5RRV3_LANLU_1-53",
        "A0A852BN54_9CORV_1-53",
        "A0A7L1Q4A6_ORIOR_1-53",
        "A0A7K9IH58_9CORV_1-53",
        "A0A7L2SRS1_9PASS_1-53",
        "A0A850VGF7_9CORV_1-49",
        "A0A7K6F7W4_9CORV_1-53",
        "A0A7L3UVE2_MOLAT_1-51",
        "A0A850YZE1_9PASS_1-53",
        "A0A7K8MTU6_9CORV_1-53",
        "A0A7K9PM40_9CORV_1-53",
        "A0A7K7CQH9_APHCE_1-53",
        "A0A7K9NZS7_9CORV_1-53",
        "A0A7L2ZHB5_9PASE_1-53",
        "A0A7K6PAF6_9CORV_1-53",
        "A0A7K6MZX3_PANBI_1-53",
        "A0A7K6LRK0_9CORV_271-325"
    ],
    "group_b": [
        "A0A852E6V7_VIDMA_1-44",
        "A0A7L2BK10_9PASS_1-53",
        "A0A7K8HRJ7_9CORV_1-53",
        "A0A7K4TW96_9SYLV_1-53",
        "A0A8C0U8J0_CYACU_5-59",
        "A0A803VCB8_FICAL_5-59",
        "A0A7K8A9B9_9CORV_1-53",
        "A0A674H6K2_TAEGU_274-328",
        "A0A852FSV3_PEUTA_1-53",
        "A0A7K6CGE4_PTIVI_1-51",
        "A0A7K8GQ62_ORTSP_1-53",
        "A0A851SKY4_CERFA_1-53",
        "A0A7L2KME0_9PASS_198-252",
        "A0A8D2PFV1_ZOSLA_3-56",
        "A0A852P6S1_9PASS_1-51",
        "A0A7K5SZW2_9FRIN_1-53",
        "A0A7L1AKD7_GYMTI_1-53",
        "A0A7K8A6V6_9PASE_1-53",
        "A0A7K7R9X0_POEAT_1-53",
        "A0A8C3U5W8_CATUS_23-77",
        "A0A8C3UMV6_CATUS_276-330",
        "A0A7K5VUL0_9CORV_1-53",
        "A0A7L4KU46_9CORV_1-45",
        "A0A8C0U7V4_CYACU_5-59",
        "A0A8K1FXR2_9PASS_88-142",
        "A0A7L0YCJ7_9PASE_1-53",
        "A0A7L1BL25_9PASS_1-53",
        "A0A7K9RQ73_9PASS_218-272",
        "A0A7L2TTT8_POMRU_1-44"
    ],
    "folder_path": "/Users/idan_shabo/Documents/Thesis/pipeline_outputs/PF04064_outputs/structure_embeddings/subfamily_29/significant_splits/rank1"
}