{
    "subfamily": 1,
    "rank": 1,
    "node_name": "0.836",
    "lambda_obs": 11960.240234375,
    "p_adj": 0.000999000999000999,
    "group_a": [
        "H5V5J2_ATLHE_24-128",
        "A0A090V0Q6_PSEVU_25-129",
        "C562_ECO57_24-128",
        "B2TZ08_SHIB3_24-128",
        "A0A0H3EQH2_ECO8N_24-128",
        "A0A0H2Z617_ECOK1_24-128",
        "A9MEX8_SALAR_24-128",
        "Q328V0_SHIDS_1-100",
        "A0A4Z0QMY1_SALET_1-86",
        "A0A2X4U4G3_SALER_24-128",
        "B7MLP4_ECO45_24-128",
        "Q83P55_SHIFL_24-108",
        "Q3YUB5_SHISS_1-100",
        "A0A914Y549_9BILA_24-128",
        "C562_SALTY_24-128",
        "A0A1C3ZXI7_9ENTR_24-128",
        "A7ZVB5_ECO24_24-128",
        "E2X428_SHIDY_24-128",
        "C562_ECOL6_24-128",
        "A0A7M2V8A9_9ENTR_25-129",
        "B7UQP6_ECO27_24-128",
        "A0A077ZFY8_TRITR_869-973",
        "A8AMF9_CITK8_24-128",
        "B7LCU6_ECO55_24-128",
        "A0A807LDH3_9ENTR_24-128"
    ],
    "group_b": [
        "A0A089PF91_PLUGE_24-128",
        "A0A845SHZ0_9GAMM_25-129",
        "A0A0H3CI24_ENTCC_24-128",
        "A0A559T5Z6_SERFO_24-128",
        "A0A4P8YG34_9ENTR_25-129",
        "C5621_YERPE_23-127",
        "A0A378AYC1_KLEPO_24-128",
        "A0A2Y9TX32_9GAMM_24-128",
        "A0A1S8CK86_9GAMM_24-128",
        "D4E159_SEROD_24-128",
        "W1DMM0_KLEPN_24-128",
        "C5622_YERPE_24-128",
        "I2BDI3_SHIBC_25-129",
        "R0MJR0_NOSB1_24-128",
        "A0A085GKF2_9ENTR_24-128",
        "A0A848MNZ6_9GAMM_24-128",
        "A0A071LQ04_9ENTR_25-129",
        "W0HTZ6_9GAMM_24-128",
        "A0A2C6DEJ1_9GAMM_24-128",
        "A0A1J7C8L2_9GAMM_24-128",
        "A0A8H9YNA4_9PSED_24-128",
        "A0A097R6D5_HAFAL_26-130",
        "A0A087FSK7_KLEVA_24-128",
        "A0A5J5FYX7_9GAMM_23-127",
        "A0A089PXD1_9ENTR_24-128",
        "E3GD62_ENTLS_25-129",
        "A0A370QQM7_9GAMM_24-128",
        "A0A0L0AID1_9ENTR_25-129",
        "W0HRP2_9GAMM_24-128",
        "L0M9F1_ENTBF_25-129",
        "A0A240CBM5_SERFI_24-128",
        "A0A2X3E5H4_KLUCR_24-128",
        "A0A4R1NDE4_9GAMM_25-129",
        "A0A1X0WJT8_9GAMM_24-128",
        "A0A085UAT6_YERRU_24-128",
        "J7TMH5_MORMO_25-129",
        "A0A250B331_9GAMM_23-127",
        "A0A941UDE3_9ENTR_25-129",
        "A7MM37_CROS8_24-128",
        "A0A0H3DPW2_EDWTF_24-128",
        "A0AAU8P164_EDWPI_24-128",
        "A0A0H3GQS6_KLEPH_24-128",
        "A0A085GPD8_EWIA3_7-111",
        "H2IU86_RAHAC_24-128",
        "A0A5R9LFL0_9ENTR_24-128",
        "A0A2X4UVU8_9GAMM_24-128",
        "A0A484Y0I3_9ENTR_24-128",
        "A0A0H3FN57_KLEAK_1-100",
        "A0A7Z9CTW9_RAOTE_10-114",
        "W0LCV1_9GAMM_24-128",
        "A0A084A3P4_9GAMM_24-128",
        "A0A0L0GWP3_9ENTR_25-129"
    ],
    "folder_path": "/content/drive/MyDrive/Thesis/protein_data/PF07361_outputs/structure_embeddings/subfamily_1/significant_splits/rank1"
}