{
    "subfamily": 12,
    "rank": 3,
    "node_name": "0.848",
    "lambda_obs": 17437.54296875,
    "p_adj": 0.000999000999000999,
    "group_a": [
        "A0A670XYD5_PSETE_628-681",
        "A0A6J0VCT1_9SAUR_308-361",
        "A0A670Y8A9_PSETE_629-682",
        "A0A670Y691_PSETE_627-680",
        "A0A8C5WS32_LATLA_659-712",
        "A0A6P9APR7_PANGU_659-712",
        "A0A670XZ49_PSETE_659-712",
        "A0A6I9XVR0_9SAUR_404-457",
        "A0A8C5RWL1_LATLA_659-712",
        "A0A670XZ54_PSETE_596-649",
        "A0A8J5ZWC1_GALPY_588-641",
        "A0A2Y9PNT4_DELLE_631-684",
        "A0A341BKS8_NEOAA_659-712",
        "A0A6J1VK43_9SAUR_659-712",
        "A0A2Y9PME8_DELLE_659-712",
        "A0A8C9DW94_PHOSS_631-684",
        "A0A8C9B2N7_PHOSS_659-712",
        "A0A2Y9PF11_DELLE_691-744",
        "A0A670Y685_PSETE_659-712",
        "A0A2Y9PGR8_DELLE_663-716",
        "A0A670Y1L2_PSETE_631-684",
        "A0A2U4AGN4_TURTR_659-712",
        "G1KMS1_ANOCA_659-712",
        "A0A9F2RCA4_PYTBI_2-55",
        "A0A341BKW0_NEOAA_631-684"
    ],
    "group_b": [
        "A0A8C5BL03_GADMO_624-677",
        "A0A8C1CAG2_CYPCA_659-712",
        "A0A673A3E9_9TELE_631-684",
        "A0A4W5PYU0_9TELE_688-741",
        "A0A553MYB3_9TELE_723-776",
        "A0A8C8IAB7_ONCTS_659-712",
        "A0A4W4ENU1_ELEEL_523-576",
        "A0A673YAE5_SALTR_612-665",
        "A0A8C5B7U1_GADMO_634-687",
        "A0A9J7YXZ7_CYPCA_595-648",
        "A0A8C7LGZ5_ONCKI_659-712",
        "A0A671KUG4_9TELE_623-676",
        "H3A560_LATCH_538-591",
        "A0A8C5HJ38_9TELE_647-700",
        "A0A8J0SAB8_XENTR_659-712",
        "A0A8C8IHJ2_ONCTS_600-653",
        "A0A6P7PXB0_BETSP_659-712",
        "A0A667Y6X6_9TELE_659-712",
        "A0A8C8K7R1_ONCTS_646-699",
        "A0A671KVK1_9TELE_619-672",
        "A0A671S1U4_9TELE_658-711",
        "A0A8C1F6P5_CYPCA_656-709",
        "A0A6Q2XN09_ESOLU_570-623",
        "A0A8C5HIZ1_9TELE_592-645",
        "A0A060WHV3_ONCMY_649-702",
        "A0A667Y746_9TELE_658-711",
        "A0A671KYP3_9TELE_631-684",
        "A0A0P7V020_SCLFO_665-718",
        "A0A6Q2ZFG2_ESOLU_621-674",
        "S4RHC2_PETMA_659-712",
        "A0A4W5Q2H9_9TELE_659-712",
        "A0A673HPB9_9TELE_629-682",
        "A0A8C4D0T4_9TELE_442-495",
        "A0A6J2WYN2_CHACN_659-712",
        "A0A8D0DXE3_SALMN_659-712",
        "A0A673YAF9_SALTR_631-684",
        "A0A8C5Q928_9ANUR_659-712",
        "A0A1L8GVF0_XENLA_658-711",
        "A0A671S0P6_9TELE_631-684",
        "A0A8D2LBR7_VARKO_659-712",
        "A0A1S3LML8_SALSA_659-712",
        "A0A8C5Q7R2_9ANUR_659-712",
        "A0A8T2J1U9_9PIPI_659-712",
        "A0A671RZY3_9TELE_659-712",
        "A0A8C5HKF8_9TELE_631-684",
        "A0A8C4D299_9TELE_557-610",
        "A0A556VVJ2_BAGYA_622-675",
        "A0A8D2LAR0_VARKO_631-684",
        "A0A672T941_SINGR_612-665",
        "A0A6F9CVG8_9TELE_669-722",
        "A0A4W4EP36_ELEEL_528-581",
        "A0A671KSW9_9TELE_640-693",
        "A0A4W3JVB6_CALMI_592-645",
        "A0A8C4D291_9TELE_659-712",
        "A0A8U0Q075_SALNM_659-712",
        "A0A671RZZ0_9TELE_659-712",
        "A0A8C4D1U0_9TELE_553-606",
        "A0A671S0Q5_9TELE_659-712",
        "A0A8C4S8B0_ERPCA_659-712",
        "A0A673YA98_SALTR_659-712",
        "A0A673LZ84_9TELE_623-676",
        "A0A4W3JXU1_CALMI_659-712",
        "A0A8C5Q8R0_9ANUR_623-676",
        "A0A8D2LAD8_VARKO_589-642",
        "A0A4W3KCI2_CALMI_659-712",
        "A0A671KUP5_9TELE_659-712",
        "A0A667Y7H1_9TELE_639-692",
        "A0A8N7UW22_DANRE_659-712",
        "A0A673M410_9TELE_659-712",
        "A0A8C7LEU2_ONCKI_635-688",
        "A0A673A5P9_9TELE_645-698",
        "A0A8C1F4J9_CYPCA_656-709",
        "A0A9D3QBY9_MEGAT_741-794",
        "A0A673YA60_SALTR_659-712",
        "A0A8D2LAZ8_VARKO_659-712",
        "A0A6P8PHC9_GEOSA_659-712",
        "A0A673A3Y8_9TELE_605-658",
        "A0A5A9PHG0_9TELE_643-696",
        "A0A670IZV6_PODMU_659-712",
        "A0A673A5P6_9TELE_650-703",
        "A0A6P6IVL5_CARAU_659-712",
        "A0A4W4ERY6_ELEEL_511-564",
        "A0A8C8KA75_ONCTS_659-712",
        "A0A8J7NKH4_ATRSP_659-712",
        "A0A8D2LA14_VARKO_659-712",
        "A0A8D2LBX0_VARKO_620-673",
        "A0A8T3E0Z7_9TELE_659-712",
        "A0A6Q2YPR5_ESOLU_649-702",
        "W5MWI4_LEPOC_659-712",
        "A0A673A5R9_9TELE_641-694",
        "A0A6P7YKN7_9AMPH_659-712",
        "A0A667YQ43_9TELE_598-651",
        "A0A8C4D4S8_9TELE_513-566",
        "A0A6Q2WUI6_ESOLU_626-679",
        "A0A6P6M1T8_CARAU_412-465",
        "A0A8C1CAC2_CYPCA_630-683",
        "A0A673YAD3_SALTR_643-696",
        "A0A8C8MAX2_ONCTS_597-650",
        "A0A7J6A6D6_AMEME_660-713",
        "A0A4W3KCH7_CALMI_658-711",
        "A0A4W5Q7A5_9TELE_658-711",
        "A0A6Q2X4D5_ESOLU_505-558",
        "A0A8T0AZ03_SILME_660-713",
        "A0A8C5Q5Q4_9ANUR_659-712",
        "A0A8C1F4K9_CYPCA_650-703",
        "A0A671S1U0_9TELE_642-695",
        "A0A8C1C3D4_CYPCA_656-709",
        "A0A673M6D5_9TELE_598-651",
        "A0A6Q2X5P1_ESOLU_584-637",
        "A0A8C4D2L5_9TELE_525-578",
        "A0A8C4GBX4_9TELE_543-596",
        "A0A673M9I9_9TELE_620-673",
        "A0A667YDY3_9TELE_631-684",
        "A0A667YDL7_9TELE_659-712",
        "A0A8C5HJ58_9TELE_659-712",
        "A0A4W3JXW7_CALMI_585-638",
        "A0A673M6G8_9TELE_631-684",
        "A0A8C1I028_CYPCA_659-712",
        "W5LKZ2_ASTMX_660-713",
        "A0A9D3NH13_9TELE_660-713",
        "A0A8T2P303_9TELE_290-343",
        "A0A673A3Z3_9TELE_614-667",
        "A0A8C5FKJ7_GADMO_630-683",
        "A0A8J4T4R8_CLAMG_672-725",
        "A0A8C1F7E7_CYPCA_656-709",
        "A0A671KVQ3_9TELE_659-712",
        "A0A8D2Q518_VARKO_622-675",
        "A0A673A3Q5_9TELE_659-712",
        "A0A401RUV8_CHIPU_702-755",
        "C4N9Q9_XENLA_659-712",
        "A0A4W3JKI7_CALMI_659-712",
        "A0A673M2L9_9TELE_659-712",
        "A0A8C1C4J7_CYPCA_628-681",
        "A0A8C5Q5Y0_9ANUR_659-712",
        "A0A3P9ALK0_ESOLU_612-665",
        "A0A8C5AIL7_GADMO_650-703",
        "A0A8C7LN71_ONCKI_659-712",
        "A0A8C1HDK4_CYPCA_644-697",
        "A0A5N5M048_PANHP_660-713",
        "A0A1L8GXM0_XENLA_659-712",
        "A0A6Q2Y7F7_ESOLU_666-719",
        "A0A3P8Z6V4_ESOLU_643-696",
        "A0A672T7I6_SINGR_659-712",
        "A0A8C1C609_CYPCA_659-712",
        "A0A4W3JXV7_CALMI_636-689",
        "A0A6P6IUG5_CARAU_659-712",
        "A0A8D2LBH4_VARKO_597-650",
        "A0A8C7L9H3_ONCKI_646-699",
        "A0A8C5Q7T5_9ANUR_626-679",
        "A0A553MY50_9TELE_723-776",
        "A0A4W3JKJ3_CALMI_631-684",
        "A0A671KVR4_9TELE_659-712",
        "A0A671S0N6_9TELE_602-655",
        "A0A8C8MMW2_ONCTS_581-634",
        "A0A673A5R2_9TELE_650-703",
        "A0A8C4GBX2_9TELE_557-610",
        "A0A673HNQ8_9TELE_616-669",
        "A0A8C5Q9H2_9ANUR_659-712",
        "A0A8C4D6K0_9TELE_557-610",
        "A0A673A405_9TELE_605-658",
        "A0A672T7B1_SINGR_625-678",
        "A0A673HNJ9_9TELE_696-749",
        "A0A673M2I5_9TELE_640-693",
        "A0A8C4ZJ91_GADMO_659-712",
        "A0A8C5HKX7_9TELE_657-710",
        "A0A7J6BTB2_9TELE_659-712",
        "A0A8C8K871_ONCTS_659-712",
        "A0A8C8I7P3_ONCTS_628-681",
        "A0A8C8K2J5_ONCTS_609-662",
        "A0A667YI07_9TELE_655-708",
        "A0A8C5HMF8_9TELE_659-712",
        "A0A8C1HDK0_CYPCA_656-709",
        "A0A9R1SFY4_CYPCA_631-684"
    ],
    "folder_path": "/Users/idan_shabo/Documents/Thesis/pipeline_outputs/PF04423_outputs/sequence_embeddings/subfamily_12/significant_splits/rank3"
}