{
    "subfamily": 1,
    "rank": 3,
    "node_name": "0.759",
    "lambda_obs": 8539.4365234375,
    "p_adj": 0.000999000999000999,
    "group_a": [
        "A0A3M6V1G9_POCDA_13-104",
        "A0A3M6TFL5_POCDA_33-138",
        "A0A3M6TZ09_POCDA_5-145",
        "A0A2B4R8W8_STYPI_42-110",
        "A0A2B4R8W8_STYPI_147-185",
        "A7S3R2_NEMVE_64-277",
        "A0A3M6V2F5_POCDA_1-211",
        "A0A2B4SPN9_STYPI_12-130",
        "A0A3M6TPN5_POCDA_12-223",
        "A7S1H5_NEMVE_8-222",
        "A0A6P8IL80_ACTTE_9-156",
        "A0A3M6TPT4_POCDA_14-225",
        "A0A6P8I2G6_ACTTE_17-211",
        "A0A2B4R4L6_STYPI_2-109",
        "A0A3M6V1F6_POCDA_208-337",
        "A0A3M6V1E4_POCDA_6-72",
        "A0A3M6V1H3_POCDA_189-298",
        "A0A3M6URX3_POCDA_3-90",
        "A0A3M6V1K7_POCDA_221-287",
        "A0A3M6V1H3_POCDA_6-188",
        "A0A926KZ30_9ACTN_8-215",
        "A0A6P8ILA5_ACTTE_9-219",
        "A0A3M6US05_POCDA_25-94",
        "A0A3M6US03_POCDA_8-194",
        "A0A2B4RBW9_STYPI_47-155",
        "A0A3M6URZ5_POCDA_1-207",
        "A0A3M6TFL5_POCDA_4-39",
        "A0A3M6V1F2_POCDA_38-250",
        "A0A4V4ND72_9PEZI_12-219",
        "A0A3M6V1F6_POCDA_12-224",
        "A0A3M6V1V2_POCDA_1-161",
        "A0A3M6TFM3_POCDA_12-221",
        "A0A3M6V1I6_POCDA_1-102",
        "A0A3M6TFJ2_POCDA_1-86",
        "A0A3M6V1K7_POCDA_24-129",
        "A0A3M6V1G3_POCDA_1-91",
        "A0A3M6TFL5_POCDA_118-180",
        "A0A2B4R8W8_STYPI_108-146",
        "A7S1H3_NEMVE_2-82",
        "A0A366VY15_9GAMM_17-224",
        "A0A6P8H3W9_ACTTE_9-214",
        "A0A2B4RJ70_STYPI_22-192",
        "A7RGQ5_NEMVE_1-175",
        "A0A3M6V1F4_POCDA_12-118",
        "A0A3M6US01_POCDA_33-314",
        "A0A2B4RBW9_STYPI_20-51",
        "A0A3M6V1D8_POCDA_1-111",
        "A0A6P8HCD3_ACTTE_9-214",
        "A0A3M6V1E1_POCDA_15-82"
    ],
    "group_b": [
        "A0A9J7HIW4_BRAFL_6-179",
        "A0A6P4Y1V1_BRABE_6-206",
        "A0A8K0EG26_BRALA_96-301",
        "A0A8K0EE71_BRALA_14-229",
        "A0A8K0EQU0_BRALA_5-213",
        "A0A6P4ZFR3_BRABE_20-226",
        "A0A6P5A3B8_BRABE_15-90",
        "A0A1I9LJ85_9CAUD_37-250",
        "A0A7M5X361_9CNID_61-273",
        "A0A9J7KZF6_BRAFL_43-253",
        "A0A6P5AC37_BRABE_6-208",
        "A0A6P5AE48_BRABE_6-212",
        "A0A8K0EP71_BRALA_5-206",
        "A0A7M6DMT2_9CNID_65-277",
        "A0A6P4ZBA8_BRABE_7-213",
        "A0A6P4ZYT4_BRABE_6-210",
        "A0A8J9ZPI3_BRALA_6-214",
        "A0A1V4T0E4_9GAMM_17-187",
        "A0A6P5AGD2_BRABE_6-217",
        "A0A7M5V407_9CNID_16-230",
        "A0A9J7MPK0_BRAFL_5-211",
        "A0A7M5TYI8_9CNID_17-228",
        "A0A9J7KHI1_BRAFL_5-213",
        "A0A6P4YCF9_BRABE_5-206",
        "A0A926QN55_9ACTN_13-205",
        "A0A6P4YH69_BRABE_2-149",
        "A0A9J7KY99_BRAFL_5-216",
        "A0A8K0ERU6_BRALA_5-190",
        "A0A6P4ZFU2_BRABE_1-212",
        "A0A6P5A0Y1_BRABE_41-241",
        "A0A6P5AUX2_BRABE_5-215",
        "A0A8K0EDA9_BRALA_201-419",
        "A0A125NTU3_HYPSL_14-227",
        "A0A8J9ZPL1_BRALA_6-217",
        "A0A9J7MID2_BRAFL_5-214",
        "A0A7V8QM51_9GAMM_13-226",
        "A0A7M5WWD0_9CNID_16-231",
        "A0A6P4ZFC6_BRABE_15-225",
        "A0A8J9Z5L6_BRALA_5-117",
        "J9PJD5_9CNID_19-228",
        "C3YKQ1_BRAFL_5-214",
        "A0A8K0EPB4_BRALA_5-216",
        "A0A9J7HGG8_BRAFL_68-277",
        "A0A9J7L288_BRAFL_5-217",
        "J9PIH6_9CNID_17-228",
        "A0A9J7MBW9_BRAFL_5-215",
        "A0A9J7K6M8_BRAFL_5-212",
        "C3YKP9_BRAFL_6-213",
        "A0A9J7L2G6_BRAFL_5-214",
        "A0A9J7HJW1_BRAFL_8-202",
        "A0A6P5A5W4_BRABE_7-192"
    ],
    "folder_path": "/content/drive/MyDrive/Thesis/protein_data/PF01353_outputs/sequence_embeddings/subfamily_1/significant_splits/rank3"
}