{
    "subfamily": 15,
    "rank": 2,
    "node_name": "0.748",
    "lambda_obs": 16670.03125,
    "p_adj": 0.000999000999000999,
    "group_a": [
        "Q6FWR2_CANGA_236-266",
        "J8PQS1_SACAR_552-596",
        "A7TFZ0_VANPO_650-699",
        "G0VER3_NAUCA_530-562",
        "FIG2_YEAST_420-464",
        "Q6CRU1_KLULA_818-862",
        "A0A1X7QYV5_9SACH_408-459",
        "C5DC30_LACTC_42-83",
        "H2B128_KAZAF_1127-1160",
        "I2H5B9_HENB6_856-887",
        "J8PQS1_SACAR_772-802",
        "A0A1X7QYV5_9SACH_473-517",
        "A0A1G4M8U7_LACFM_1048-1081",
        "A0A1G4M8U7_LACFM_101-145",
        "A0A1G4ILI8_9SACH_467-511",
        "Q6CRU1_KLULA_212-253",
        "FIG2_YEAST_529-573",
        "A7TFZ0_VANPO_589-621",
        "J7S9E5_HUIN7_706-746",
        "A0A1G4M8U7_LACFM_445-488",
        "A0A1G4M8U7_LACFM_37-81",
        "Q6CRU1_KLULA_739-783",
        "A0A1G4ILI8_9SACH_700-730",
        "I2H5B9_HENB6_538-580",
        "A0A1X7QYV5_9SACH_224-266",
        "Q6CRU1_KLULA_919-963",
        "J8PQS1_SACAR_443-487",
        "FIG2_YEAST_726-771",
        "G0WFN1_NAUDC_607-649",
        "G0VER3_NAUCA_600-642",
        "G0VER3_NAUCA_838-882",
        "W6MPT2_9ASCO_169-212"
    ],
    "group_b": [
        "A0A1G4JNW6_9SACH_993-1024",
        "A0A1G4ILI8_9SACH_35-80",
        "A0A7H9HVH2_9SACH_646-685",
        "J8PQS1_SACAR_1110-1148",
        "G8ZNC0_TORDE_503-550",
        "A0A7H9B4J8_ZYGMR_520-559",
        "G8ZNC0_TORDE_861-884",
        "A0A1G4ILI8_9SACH_1024-1059",
        "A0A1E4RZM8_CYBJN_261-304",
        "C5DC30_LACTC_953-990",
        "A0A1E4RZM8_CYBJN_199-242",
        "A0A1E4RZM8_CYBJN_100-143",
        "A7TFZ0_VANPO_550-588",
        "C5DK26_LACTC_288-333",
        "G3AMW3_SPAPN_79-108",
        "FIG2_YEAST_1139-1176",
        "A5DMT0_PICGU_209-253",
        "C5DK26_LACTC_247-277",
        "A0A7H9B4J8_ZYGMR_403-443",
        "C5DC30_LACTC_512-544",
        "H2B128_KAZAF_588-628",
        "A0A1G4ILI8_9SACH_187-232",
        "A0A7H9HVH2_9SACH_938-971",
        "A0A421JSA8_9ASCO_74-101",
        "C5DWT3_ZYGRC_1004-1040",
        "A0A0C7NF11_9SACH_180-221",
        "A0A7H9HVH2_9SACH_357-401",
        "A0A421J6W4_9ASCO_216-260",
        "A0A1E4RZM8_CYBJN_350-393",
        "G8ZNC0_TORDE_980-1003",
        "C5DWT3_ZYGRC_1258-1290",
        "A0A7H9B4J8_ZYGMR_636-675",
        "FIG2_YEAST_1087-1118",
        "Q6CUY7_KLULA_181-206",
        "A0A1G4JNW6_9SACH_648-702",
        "A7TNF7_VANPO_786-818",
        "A0A1G4ILI8_9SACH_909-950",
        "A0A1G4JZ62_9SACH_218-250"
    ],
    "folder_path": "/Users/idan_shabo/Documents/Thesis/pipeline_outputs/PF13928_outputs/sequence_embeddings/subfamily_15/significant_splits/rank2"
}