{
    "subfamily": 18,
    "rank": 1,
    "node_name": "0.000",
    "lambda_obs": 18376.6953125,
    "p_adj": 0.000999000999000999,
    "group_a": [
        "A0A4R6YL59_9GAMM_1-41",
        "A0A8B2NMM8_9HYPH_49-95",
        "A0A7V8TST7_9GAMM_3-49",
        "A0A328ZIF4_9BURK_8-56",
        "A0A328ZHD9_9BURK_6-54",
        "A0A4U0PND6_9NEIS_42-93",
        "A0A252AJN1_9PROT_4-46",
        "A0A3D8K2W7_9BURK_1-53",
        "W1P0N9_AMBTC_256-285",
        "A0A7W4P611_9PROT_7-55",
        "A0A3Q9R842_9CAUD_3-50",
        "A0A940S6L1_9PROT_4-49",
        "A0A4R3M8Q2_9BURK_5-53",
        "B9JSC8_ALLAM_2-50",
        "A0A0Q7XXE2_9HYPH_8-54",
        "A0A1Q8ZRA9_9HYPH_2-53",
        "A0A936YP01_9HYPH_4-48",
        "A0A370DBI0_9GAMM_2-49",
        "A0A506TYI1_9HYPH_40-86",
        "A9BW74_DELAS_1-37",
        "G2IX64_PSEUL_4-48",
        "A0A149Q7T3_9PROT_1-35"
    ],
    "group_b": [
        "C6I0Z4_9BACT_1-42",
        "A0A0Q7DFN1_9HYPH_1-41",
        "A0A1H0WNR9_9HYPH_14-55",
        "A0A7Y9HMB5_9BURK_1-47",
        "A0A432UZ03_9HYPH_28-74",
        "A0A0Q6VIU6_9BURK_11-60",
        "A0A2U2DX71_9HYPH_2-45",
        "A0A7W6E9E5_9HYPH_2-46",
        "A0A2U2DS14_9HYPH_107-157",
        "A0A432V6V8_9HYPH_3-50",
        "A0A3F2TZB1_9HYPH_2-50",
        "A0A317EE84_9PROT_2-51",
        "A0A0H5AWD9_9CAUD_2-56",
        "A0A0Q6MRZ2_9HYPH_9-47",
        "A0A0M3B2M2_9HYPH_3-50",
        "A0A2P7SE91_9HYPH_28-74",
        "A0A7W7Z1F9_9BRAD_4-53",
        "A0A1C2DS39_9HYPH_3-48",
        "A0A7W7YT33_9HYPH_2-49",
        "C5T1W6_ACIDE_4-48",
        "A0A7W8UJ28_9HYPH_2-50",
        "A0A7V7FML1_9PROT_6-53",
        "W7DNG8_9PROT_2-49",
        "A0A1C3EL91_9GAMM_11-60",
        "A0A6G8BYK6_9BURK_2-45",
        "A0A1E7WBS1_9BURK_1-37",
        "A3WWL7_9BRAD_21-61",
        "A0A6J5FJR7_9BURK_1-48",
        "A0A1I1DNH2_9BURK_3-50",
        "A0A1I7KPJ0_9BURK_5-50",
        "A0A4Q0YK13_9GAMM_19-66",
        "A0A562HYG0_9GAMM_2-49",
        "K0Q379_9HYPH_3-49",
        "A0A0P0J8T1_BLAVI_1-47",
        "A0A1S8DLD2_9GAMM_6-48"
    ],
    "folder_path": "/Users/idan_shabo/Documents/Thesis/pipeline_outputs/PF03869_outputs/structure_embeddings/subfamily_18/significant_splits/rank1"
}