{
    "subfamily": 12,
    "rank": 1,
    "node_name": "0.820",
    "lambda_obs": 14182.591796875,
    "p_adj": 0.000999000999000999,
    "group_a": [
        "B4Q574_DROSI_2-126",
        "B4KEN6_DROMO_2-126",
        "A0A034WQZ9_BACDO_2-126",
        "B4GX17_DROPE_2-126",
        "B4HXA8_DROSE_2-126",
        "A0A6P4FJX4_DRORH_2-126",
        "B4JCY0_DROGR_2-126",
        "A0A484BD52_DRONA_2-126",
        "W8BSU6_CERCA_2-125",
        "A0A6P8WS15_DROAB_2-126",
        "B3MN17_DROAN_2-126",
        "Q8IP62_DROME_2-126",
        "A0A1I8N6U7_MUSDO_2-126",
        "A0A0M4E927_DROBS_2-126",
        "A0A6I8UIY0_DROPS_2-126",
        "B4M8M0_DROVI_2-126",
        "A0A4C1TDI9_EUMVA_4-107",
        "A0A6J2TPP6_DROLE_2-126",
        "B4MVQ8_DROWI_2-126",
        "A0A6P4JRP2_DROKI_2-126",
        "A0A9Q0BRJ6_9MUSC_2-126"
    ],
    "group_b": [
        "A0A6P7FLE8_DIAVI_2-128",
        "A0A1S4FC32_AEDAE_2-127",
        "A0A9P0CY73_9CUCU_2-128",
        "A0A9Q0MU34_9DIPT_2-126",
        "U4TT43_DENPD_296-422",
        "A0A482VQL5_ASBVE_2-128",
        "A0A8K0GEV9_IGNLU_2-128",
        "A0A9P0DJU5_PHACE_2-127",
        "D6WUN6_TRICA_2-129",
        "U4TXG7_DENPD_306-432",
        "A0A653D4S9_CALMS_1-74",
        "Q7QD03_ANOGA_2-126",
        "A0A182XW93_ANOST_2-126",
        "A0A1W4WX76_AGRPL_2-128",
        "A0A834IRG1_RHYFE_2-129",
        "A0A084VG89_ANOSI_2-126",
        "A0A9P0PRU9_ACAOB_2-128",
        "A0A9P0BI71_BRAAE_2-128",
        "A0A9N9XJX5_DIABA_2-128",
        "W5JSP7_ANODA_2-126",
        "A0A6J2XUU8_SITOR_2-127",
        "A0A9N9MRJ1_9CUCU_2-127",
        "A0A9N9XQC2_PHYSR_2-127",
        "A0AA38HX87_9CUCU_2-128",
        "A0A7R8V0W4_HERIL_2-126"
    ],
    "folder_path": "/Users/idan_shabo/Documents/Thesis/pipeline_outputs/PF10484_outputs/structure_embeddings/subfamily_12/significant_splits/rank1"
}