{
    "subfamily": 61,
    "rank": 1,
    "node_name": "0.952",
    "lambda_obs": 14319.6953125,
    "p_adj": 0.000999000999000999,
    "group_a": [
        "A0A2I1G0Z2_9GLOM_287-341",
        "A0A9W4WI17_9GLOM_291-345",
        "A0A397JLK1_9GLOM_296-351",
        "A0A9N8W351_FUNMO_290-331",
        "A0A9N8UYZ5_9GLOM_286-340",
        "A0A8H4EUG2_GIGMA_195-249",
        "A0A9N9GPX5_9GLOM_296-350",
        "A0A397WCV5_9GLOM_287-341",
        "A0A9N9GZ60_9GLOM_268-322",
        "A0A9N9FE22_9GLOM_290-330",
        "A0A015JJY2_RHIIW_287-341",
        "A0A2Z6RG88_9GLOM_287-340",
        "A0A397TLW8_9GLOM_287-341",
        "A0A9N9GSX0_9GLOM_287-341",
        "A0A372RDM9_9GLOM_287-341",
        "A0A9N9NZL1_9GLOM_1-44",
        "A0A9N9FR36_9GLOM_307-362",
        "A0A9N8WRK5_9GLOM_260-314",
        "U9U937_RHIID_287-341",
        "A0A8H4EUE6_GIGMA_286-340"
    ],
    "group_b": [
        "A0A5B0PLK5_PUCGR_196-250",
        "A0A8H7ZQB7_9FUNG_148-202",
        "A0A0L0HLN1_SPIPD_308-361",
        "A0A2T9XY02_9FUNG_285-339",
        "A0A2S4UA45_9BASI_155-210",
        "A0A0C4EYE2_PUCT1_318-372",
        "A0A2T9Z9X0_9FUNG_513-569",
        "A0A1R1Y6B5_9FUNG_313-367",
        "A0A9N9BPY8_9GLOM_286-339",
        "A0AAD5WXV2_9FUNG_85-139",
        "A0A1R1X9C8_9FUNG_68-122",
        "A0A9W8ABR9_9FUNG_269-322",
        "A0A507DUQ4_9FUNG_304-358",
        "A0A2T9YEK6_9FUNG_459-513",
        "A0A9W8AY56_9FUNG_293-346",
        "A0A2N5V6G2_9BASI_317-371",
        "A0A1R1PRE4_ZANCU_176-230",
        "A0A9Q3GK38_9BASI_315-369",
        "A0A9W7ZL26_9FUNG_269-322",
        "F4R3F2_MELLP_313-366",
        "A0A2N5SW61_9BASI_317-371",
        "A0A4V1J5P6_9FUNG_290-343",
        "A0A9W8B3T0_9FUNG_293-347",
        "A0A0L6VP45_9BASI_326-366",
        "A0A0L0W4Z7_9BASI_158-212",
        "A0AAD5TQ91_9FUNG_305-359",
        "A0A9P6TE92_9BASI_313-367",
        "A0A9W8AXJ5_9FUNG_171-224",
        "A0A4P9W7X3_9FUNG_218-271",
        "A0A2S4UBH3_9BASI_280-318",
        "E3KTQ8_PUCGT_321-375",
        "A0A1R1XCG5_9FUNG_284-338",
        "A0A1R0GPG9_9FUNG_175-229",
        "A0A4P9X1D9_9FUNG_283-337"
    ],
    "folder_path": "/Users/idan_shabo/Documents/Thesis/pipeline_outputs/PF04064_outputs/structure_embeddings/subfamily_61/significant_splits/rank1"
}